unique_id,ds,cutoff,y,Naive,SeasonalNaive,AutoETS,AutoARIMA,xgboost,NBEATS,NHITS
hotel_0,2023-02-11,2023-02-10,0.8271604938271605,0.691358024691358,0.9876543209876543,0.7277518609552107,0.7211944886775403,0.82314605,0.70228577,0.80346394
hotel_0,2023-02-12,2023-02-10,0.5185185185185185,0.691358024691358,0.6049382716049383,0.7277518609552107,0.7594755102138437,0.6604774,0.44410825,0.59306204
hotel_0,2023-02-13,2023-02-10,0.6296296296296297,0.691358024691358,0.9135802469135802,0.7277518609552107,0.7796718423399099,0.8173195,0.71490127,0.6769841
hotel_0,2023-02-14,2023-02-10,0.6296296296296297,0.691358024691358,0.7160493827160493,0.7277518609552107,0.7796718423399099,0.88904154,0.69410455,0.7551514
hotel_0,2023-02-15,2023-02-10,0.8888888888888888,0.691358024691358,0.6666666666666666,0.7277518609552107,0.7796718423399099,0.85854596,0.7240796,0.6450448
hotel_0,2023-02-16,2023-02-10,0.9876543209876543,0.691358024691358,0.8395061728395061,0.7277518609552107,0.7796718423399099,0.8993053,0.76251835,0.8307291
hotel_0,2023-02-17,2023-02-10,0.9876543209876543,0.691358024691358,0.691358024691358,0.7277518609552107,0.7796718423399099,0.894865,0.8004732,0.8584729
hotel_0,2023-02-18,2023-02-10,1.0,0.691358024691358,0.9876543209876543,0.7277518609552107,0.7796718423399099,0.92809284,0.8233678,0.9172211
hotel_0,2023-02-19,2023-02-10,0.9876543209876543,0.691358024691358,0.6049382716049383,0.7277518609552107,0.7796718423399099,0.6895224,0.59852314,0.79884934
hotel_0,2023-02-20,2023-02-10,0.8641975308641975,0.691358024691358,0.9135802469135802,0.7277518609552107,0.7796718423399099,0.8303561,0.7737069,0.7945581
hotel_0,2023-02-21,2023-02-10,0.9876543209876543,0.691358024691358,0.7160493827160493,0.7277518609552107,0.7796718423399099,0.89575773,0.8243345,0.7542626
hotel_0,2023-02-22,2023-02-10,0.9876543209876543,0.691358024691358,0.6666666666666666,0.7277518609552107,0.7796718423399099,0.9406011,0.8118499,0.8434844
hotel_0,2023-02-23,2023-02-10,0.9876543209876543,0.691358024691358,0.8395061728395061,0.7277518609552107,0.7796718423399099,0.9305973,0.7704499,0.92558146
hotel_0,2023-02-24,2023-02-10,0.9876543209876543,0.691358024691358,0.691358024691358,0.7277518609552107,0.7796718423399099,0.9348003,0.79063916,0.9183746
hotel_0,2023-02-25,2023-02-10,0.9876543209876543,0.691358024691358,0.9876543209876543,0.7277518609552107,0.7796718423399099,0.9579324,0.81166786,0.8539301
hotel_0,2023-02-26,2023-02-10,0.7654320987654321,0.691358024691358,0.6049382716049383,0.7277518609552107,0.7796718423399099,0.8249141,0.4894219,0.55612844
hotel_0,2023-02-27,2023-02-10,0.6666666666666666,0.691358024691358,0.9135802469135802,0.7277518609552107,0.7796718423399099,0.9020801,0.4944166,0.57714605
hotel_0,2023-02-28,2023-02-10,0.7160493827160493,0.691358024691358,0.7160493827160493,0.7277518609552107,0.7796718423399099,0.9275146,0.50447726,0.6352275
hotel_0,2023-03-01,2023-02-10,0.8395061728395061,0.691358024691358,0.6666666666666666,0.7277518609552107,0.7796718423399099,0.92094946,0.47045475,0.6739118
hotel_0,2023-03-02,2023-02-10,0.8271604938271605,0.691358024691358,0.8395061728395061,0.7277518609552107,0.7796718423399099,0.9039148,0.49638373,0.7940312
hotel_0,2023-03-03,2023-02-10,0.9876543209876543,0.691358024691358,0.691358024691358,0.7277518609552107,0.7796718423399099,0.909826,0.6449119,0.8257109
hotel_0,2023-03-04,2023-02-10,0.9753086419753086,0.691358024691358,0.9876543209876543,0.7277518609552107,0.7796718423399099,0.9035991,0.56367403,0.902106
hotel_0,2023-03-05,2023-02-10,0.8148148148148148,0.691358024691358,0.6049382716049383,0.7277518609552107,0.7796718423399099,0.7062367,0.20688674,0.7461305
hotel_0,2023-03-06,2023-02-10,0.7777777777777778,0.691358024691358,0.9135802469135802,0.7277518609552107,0.7796718423399099,0.76020336,0.4443874,0.88619614
hotel_0,2023-03-07,2023-02-10,0.9629629629629629,0.691358024691358,0.7160493827160493,0.7277518609552107,0.7796718423399099,0.833606,0.55509347,0.88076955
hotel_0,2023-03-08,2023-02-10,0.9876543209876543,0.691358024691358,0.6666666666666666,0.7277518609552107,0.7796718423399099,0.9335789,0.5583462,0.7431593
hotel_0,2023-03-09,2023-02-10,0.8024691358024691,0.691358024691358,0.8395061728395061,0.7277518609552107,0.7796718423399099,0.9291817,0.70313895,0.7543533
hotel_0,2023-03-10,2023-02-10,0.9876543209876543,0.691358024691358,0.691358024691358,0.7277518609552107,0.7796718423399099,0.9028514,0.86672616,0.6863804
hotel_0,2023-03-11,2023-03-10,0.9876543209876543,0.9876543209876543,0.9753086419753086,0.9407194187653529,0.9603445735412984,0.996861,0.9844904,0.9893225
hotel_0,2023-03-12,2023-03-10,0.8518518518518519,0.9876543209876543,0.8148148148148148,0.9407194187653529,0.9233980031342276,0.8451854,0.77318007,0.6876964
hotel_0,2023-03-13,2023-03-10,0.9629629629629629,0.9876543209876543,0.7777777777777778,0.9407194187653529,0.9066405445142954,0.88099664,0.9067762,0.6446817
hotel_0,2023-03-14,2023-03-10,0.9382716049382716,0.9876543209876543,0.9629629629629629,0.9407194187653529,0.9019771223422847,0.90870905,0.8862437,0.69465107
hotel_0,2023-03-15,2023-03-10,0.9876543209876543,0.9876543209876543,0.9876543209876543,0.9407194187653529,0.9014537480372414,0.9274232,0.9602446,0.6982582
hotel_0,2023-03-16,2023-03-10,0.9876543209876543,0.9876543209876543,0.8024691358024691,0.9407194187653529,0.901727791899747,0.9278741,0.9169259,0.68317175
hotel_0,2023-03-17,2023-03-10,0.9876543209876543,0.9876543209876543,0.9876543209876543,0.9407194187653529,0.9019389005843973,0.96290237,0.9976805,0.6391102
hotel_0,2023-03-18,2023-03-10,0.8765432098765432,0.9876543209876543,0.9753086419753086,0.9407194187653529,0.9020205396282653,0.98070914,0.97588956,0.7426779
hotel_0,2023-03-19,2023-03-10,0.3333333333333333,0.9876543209876543,0.8148148148148148,0.9407194187653529,0.9020395382528832,0.82229656,0.7177191,0.5786642
hotel_0,2023-03-20,2023-03-10,0.7407407407407407,0.9876543209876543,0.7777777777777778,0.9407194187653529,0.9020400716042867,0.83875537,0.6488515,0.6964213
hotel_0,2023-03-21,2023-03-10,0.8395061728395061,0.9876543209876543,0.9629629629629629,0.9407194187653529,0.902038088649952,0.83839405,0.6734916,0.67945176
hotel_0,2023-03-22,2023-03-10,0.8888888888888888,0.9876543209876543,0.9876543209876543,0.9407194187653529,0.9020369501956892,0.839383,0.7887962,0.7740673
hotel_0,2023-03-23,2023-03-10,0.8641975308641975,0.9876543209876543,0.8024691358024691,0.9407194187653529,0.9020365703422635,0.815419,0.86111885,0.8236878
hotel_0,2023-03-24,2023-03-10,0.9629629629629629,0.9876543209876543,0.9876543209876543,0.9407194187653529,0.902036500624253,0.92004365,1.0685699,0.78276855
hotel_0,2023-03-25,2023-03-10,1.0,0.9876543209876543,0.9753086419753086,0.9407194187653529,0.9020365082661304,0.95686835,1.0994945,0.7060139
hotel_0,2023-03-26,2023-03-10,0.7407407407407407,0.9876543209876543,0.8148148148148148,0.9407194187653529,0.902036520745118,0.8502955,0.84038544,0.5211761
hotel_0,2023-03-27,2023-03-10,0.6666666666666666,0.9876543209876543,0.7777777777777778,0.9407194187653529,0.9020365265942902,0.811532,0.8829248,0.66202533
hotel_0,2023-03-28,2023-03-10,0.7777777777777778,0.9876543209876543,0.9629629629629629,0.9407194187653529,0.9020365282719413,0.82316655,0.9560729,0.60090506
hotel_0,2023-03-29,2023-03-10,0.7777777777777778,0.9876543209876543,0.9876543209876543,0.9407194187653529,0.9020365284816619,0.8276405,0.9799446,0.5736617
hotel_0,2023-03-30,2023-03-10,0.9135802469135802,0.9876543209876543,0.8024691358024691,0.9407194187653529,0.9020365283946942,0.8347563,0.87220705,0.6390507
hotel_0,2023-03-31,2023-03-10,0.9876543209876543,0.9876543209876543,0.9876543209876543,0.9407194187653529,0.9020365283224815,0.9239425,0.9429538,0.7360336
hotel_0,2023-04-01,2023-03-10,0.9876543209876543,0.9876543209876543,0.9753086419753086,0.9407194187653529,0.9020365282937458,0.93748236,0.8469677,0.8689739
hotel_0,2023-04-02,2023-03-10,0.9753086419753086,0.9876543209876543,0.8148148148148148,0.9407194187653529,0.9020365282868081,0.84562874,0.50018764,0.83285844
hotel_0,2023-04-03,2023-03-10,0.9876543209876543,0.9876543209876543,0.7777777777777778,0.9407194187653529,0.9020365282864846,0.86910474,0.65295255,0.7702694
hotel_0,2023-04-04,2023-03-10,0.9876543209876543,0.9876543209876543,0.9629629629629629,0.9407194187653529,0.902036528287139,0.88499177,0.7752005,0.7337623
hotel_0,2023-04-05,2023-03-10,0.9876543209876543,0.9876543209876543,0.9876543209876543,0.9407194187653529,0.9020365282875323,0.85887665,0.8020689,0.827218
hotel_0,2023-04-06,2023-03-10,0.9876543209876543,0.9876543209876543,0.8024691358024691,0.9407194187653529,0.9020365282876672,0.84237576,0.72720945,0.89110017
hotel_0,2023-04-07,2023-03-10,0.9629629629629629,0.9876543209876543,0.9876543209876543,0.9407194187653529,0.9020365282876933,0.9103412,0.8968362,0.7725777
hotel_0,2023-04-08,2023-04-07,0.5308641975308642,0.9629629629629629,0.9876543209876543,0.9720405011353594,0.9417720274219291,0.96187496,0.9853962,0.9565823
hotel_0,2023-04-09,2023-04-07,0.3333333333333333,0.9629629629629629,0.9753086419753086,0.9720405011353594,0.9332723953304753,0.80631554,0.6565764,0.6408181
hotel_0,2023-04-10,2023-04-07,0.4074074074074074,0.9629629629629629,0.9876543209876543,0.9720405011353594,0.9312150697643995,0.92542726,0.79209757,0.7118344
hotel_0,2023-04-11,2023-04-07,0.5061728395061729,0.9629629629629629,0.9876543209876543,0.9720405011353594,0.9311207615828098,0.9234191,0.87462753,0.69044906
hotel_0,2023-04-12,2023-04-07,0.4444444444444444,0.9629629629629629,0.9876543209876543,0.9720405011353594,0.9313161756004152,0.9203377,0.87145495,0.60233873
hotel_0,2023-04-13,2023-04-07,0.4567901234567901,0.9629629629629629,0.9876543209876543,0.9720405011353594,0.9314331211600954,0.91182786,0.89125955,0.7725663
hotel_0,2023-04-14,2023-04-07,0.7654320987654321,0.9629629629629629,0.9629629629629629,0.9720405011353594,0.9314729433638083,0.93766534,1.0313627,1.0520431
hotel_0,2023-04-15,2023-04-07,0.7654320987654321,0.9629629629629629,0.9876543209876543,0.9720405011353594,0.9314804668819111,0.9312686,0.96439636,1.123275
hotel_0,2023-04-16,2023-04-07,0.4074074074074074,0.9629629629629629,0.9753086419753086,0.9720405011353594,0.9314797650432053,0.68084395,0.6288998,0.6672255
hotel_0,2023-04-17,2023-04-07,0.35802469135802467,0.9629629629629629,0.9876543209876543,0.9720405011353594,0.9314784845181913,0.7468224,0.6888357,0.61343217
hotel_0,2023-04-18,2023-04-07,0.7160493827160493,0.9629629629629629,0.9876543209876543,0.9720405011353594,0.9314778762609605,0.8503109,0.73580253,0.75615454
hotel_0,2023-04-19,2023-04-07,0.6172839506172839,0.9629629629629629,0.9876543209876543,0.9720405011353594,0.9314777007729452,0.9124848,0.772519,0.78543955
hotel_0,2023-04-20,2023-04-07,0.7407407407407407,0.9629629629629629,0.9876543209876543,0.9720405011353594,0.9314776787451882,0.8708595,0.7489424,0.742486
hotel_0,2023-04-21,2023-04-07,0.7283950617283951,0.9629629629629629,0.9629629629629629,0.9720405011353594,0.9314776878537362,0.9058882,0.8308516,0.93921006
hotel_0,2023-04-22,2023-04-07,0.9629629629629629,0.9629629629629629,0.9876543209876543,0.9720405011353594,0.9314776954164862,0.9251617,0.8603441,0.9751495
hotel_0,2023-04-23,2023-04-07,0.5185185185185185,0.9629629629629629,0.9753086419753086,0.9720405011353594,0.9314776984143699,0.5966032,0.63414407,0.6102196
hotel_0,2023-04-24,2023-04-07,0.5925925925925926,0.9629629629629629,0.9876543209876543,0.9720405011353594,0.9314776991293987,0.71872246,0.7466682,0.65048414
hotel_0,2023-04-25,2023-04-07,0.8148148148148148,0.9629629629629629,0.9876543209876543,0.9720405011353594,0.9314776991569281,0.8135612,0.7360789,0.58155525
hotel_0,2023-04-26,2023-04-07,0.5432098765432098,0.9629629629629629,0.9876543209876543,0.9720405011353594,0.9314776990861744,0.82499355,0.69088113,0.4935854
hotel_0,2023-04-27,2023-04-07,0.7407407407407407,0.9629629629629629,0.9876543209876543,0.9720405011353594,0.9314776990446243,0.8391413,0.6562507,0.49126947
hotel_0,2023-04-28,2023-04-07,0.8765432098765432,0.9629629629629629,0.9629629629629629,0.9720405011353594,0.9314776990306343,0.8872118,0.8452051,0.8255291
hotel_0,2023-04-29,2023-04-07,0.7160493827160493,0.9629629629629629,0.9876543209876543,0.9720405011353594,0.931477699028047,0.90599185,0.79911125,0.95013016
hotel_0,2023-04-30,2023-04-07,0.5185185185185185,0.9629629629629629,0.9753086419753086,0.9720405011353594,0.9314776990283238,0.6067793,0.49527922,0.5431675
hotel_0,2023-05-01,2023-04-07,0.691358024691358,0.9629629629629629,0.9876543209876543,0.9720405011353594,0.9314776990287833,0.68892825,0.6515695,0.56646353
hotel_0,2023-05-02,2023-04-07,0.7160493827160493,0.9629629629629629,0.9876543209876543,0.9720405011353594,0.9314776990289986,0.7087004,0.6653215,0.5169642
hotel_0,2023-05-03,2023-04-07,0.7777777777777778,0.9629629629629629,0.9876543209876543,0.9720405011353594,0.93147769902906,0.72785366,0.7640015,0.6060691
hotel_0,2023-05-04,2023-04-07,0.7160493827160493,0.9629629629629629,0.9876543209876543,0.9720405011353594,0.9314776990290674,0.73077196,0.75605786,0.6358321
hotel_0,2023-05-05,2023-04-07,0.8641975308641975,0.9629629629629629,0.9629629629629629,0.9720405011353594,0.9314776990290641,0.80718476,0.8272289,0.8343092
hotel_0,2023-05-06,2023-05-05,0.9876543209876543,0.8641975308641975,0.7160493827160493,0.8122558773183429,0.807068900861463,0.8378887,0.93237984,0.94080025
hotel_0,2023-05-07,2023-05-05,0.6049382716049383,0.8641975308641975,0.5185185185185185,0.8122558773183429,0.7575267619461596,0.5099273,0.7315949,0.75116014
hotel_0,2023-05-08,2023-05-05,0.49382716049382713,0.8641975308641975,0.691358024691358,0.8122558773183429,0.7367297009596002,0.5484163,0.7508246,0.8225027
hotel_0,2023-05-09,2023-05-05,0.6666666666666666,0.8641975308641975,0.7160493827160493,0.8122558773183429,0.7367297009596002,0.69658613,0.7595824,0.7764509
hotel_0,2023-05-10,2023-05-05,0.6296296296296297,0.8641975308641975,0.7777777777777778,0.8122558773183429,0.7367297009596002,0.69757056,0.5784549,0.72359353
hotel_0,2023-05-11,2023-05-05,0.8271604938271605,0.8641975308641975,0.7160493827160493,0.8122558773183429,0.7367297009596002,0.6866331,0.4786916,0.66450787
hotel_0,2023-05-12,2023-05-05,0.8765432098765432,0.8641975308641975,0.8641975308641975,0.8122558773183429,0.7367297009596002,0.8377716,0.55567557,0.69549376
hotel_0,2023-05-13,2023-05-05,0.9876543209876543,0.8641975308641975,0.7160493827160493,0.8122558773183429,0.7367297009596002,0.8676657,0.6464053,0.7284193
hotel_0,2023-05-14,2023-05-05,0.43209876543209874,0.8641975308641975,0.5185185185185185,0.8122558773183429,0.7367297009596002,0.5269539,0.4980999,0.5523077
hotel_0,2023-05-15,2023-05-05,0.5802469135802469,0.8641975308641975,0.691358024691358,0.8122558773183429,0.7367297009596002,0.591883,0.6306419,0.5982036
hotel_0,2023-05-16,2023-05-05,0.7037037037037037,0.8641975308641975,0.7160493827160493,0.8122558773183429,0.7367297009596002,0.67171067,0.6806377,0.5597238
hotel_0,2023-05-17,2023-05-05,0.691358024691358,0.8641975308641975,0.7777777777777778,0.8122558773183429,0.7367297009596002,0.66790015,0.6380409,0.5369512
hotel_0,2023-05-18,2023-05-05,0.7654320987654321,0.8641975308641975,0.7160493827160493,0.8122558773183429,0.7367297009596002,0.67392033,0.6150118,0.5272807
hotel_0,2023-05-19,2023-05-05,0.6666666666666666,0.8641975308641975,0.8641975308641975,0.8122558773183429,0.7367297009596002,0.7925335,0.70279825,0.59292567
hotel_0,2023-05-20,2023-05-05,0.8024691358024691,0.8641975308641975,0.7160493827160493,0.8122558773183429,0.7367297009596002,0.867712,0.86223197,0.70685613
hotel_0,2023-05-21,2023-05-05,0.3333333333333333,0.8641975308641975,0.5185185185185185,0.8122558773183429,0.7367297009596002,0.58712643,0.62040997,0.5231408
hotel_0,2023-05-22,2023-05-05,0.3950617283950617,0.8641975308641975,0.691358024691358,0.8122558773183429,0.7367297009596002,0.6098951,0.71030664,0.60915357
hotel_0,2023-05-23,2023-05-05,0.6172839506172839,0.8641975308641975,0.7160493827160493,0.8122558773183429,0.7367297009596002,0.65765166,0.610863,0.6629229
hotel_0,2023-05-24,2023-05-05,0.7654320987654321,0.8641975308641975,0.7777777777777778,0.8122558773183429,0.7367297009596002,0.6549122,0.6226493,0.6987908
hotel_0,2023-05-25,2023-05-05,0.7407407407407407,0.8641975308641975,0.7160493827160493,0.8122558773183429,0.7367297009596002,0.66476125,0.7318564,0.74177647
hotel_0,2023-05-26,2023-05-05,0.8518518518518519,0.8641975308641975,0.8641975308641975,0.8122558773183429,0.7367297009596002,0.78241044,0.84425056,0.7697283
hotel_0,2023-05-27,2023-05-05,0.9753086419753086,0.8641975308641975,0.7160493827160493,0.8122558773183429,0.7367297009596002,0.86951715,0.7120807,0.6172358
hotel_0,2023-05-28,2023-05-05,0.8888888888888888,0.8641975308641975,0.5185185185185185,0.8122558773183429,0.7367297009596002,0.63315725,0.3686284,0.4395864
hotel_0,2023-05-29,2023-05-05,0.2716049382716049,0.8641975308641975,0.691358024691358,0.8122558773183429,0.7367297009596002,0.60402966,0.48099193,0.6130855
hotel_0,2023-05-30,2023-05-05,0.2962962962962963,0.8641975308641975,0.7160493827160493,0.8122558773183429,0.7367297009596002,0.6606673,0.6023122,0.62213975
hotel_0,2023-05-31,2023-05-05,0.3950617283950617,0.8641975308641975,0.7777777777777778,0.8122558773183429,0.7367297009596002,0.6888099,0.64224875,0.71000904
hotel_0,2023-06-01,2023-05-05,0.43209876543209874,0.8641975308641975,0.7160493827160493,0.8122558773183429,0.7367297009596002,0.6967338,0.6702328,0.7782516
hotel_0,2023-06-02,2023-05-05,0.691358024691358,0.8641975308641975,0.8641975308641975,0.8122558773183429,0.7367297009596002,0.7525377,0.58802927,0.8174339
hotel_0,2023-06-03,2023-06-02,0.8641975308641975,0.691358024691358,0.9753086419753086,0.5865726423130304,0.6781795229921892,0.8937952,0.73212546,0.8091674
hotel_0,2023-06-04,2023-06-02,0.5061728395061729,0.691358024691358,0.8888888888888888,0.5865726423130304,0.6339239450515091,0.6092746,0.23754719,0.52000165
hotel_0,2023-06-05,2023-06-02,0.7407407407407407,0.691358024691358,0.2716049382716049,0.5865726423130304,0.6104027195336916,0.70526963,0.44639853,0.64015067
hotel_0,2023-06-06,2023-06-02,0.7530864197530864,0.691358024691358,0.2962962962962963,0.5865726423130304,0.6104027195336916,0.6911984,0.47334492,0.6270238
hotel_0,2023-06-07,2023-06-02,0.7530864197530864,0.691358024691358,0.3950617283950617,0.5865726423130304,0.6104027195336916,0.6976419,0.4412402,0.5007678
hotel_0,2023-06-08,2023-06-02,0.6049382716049383,0.691358024691358,0.43209876543209874,0.5865726423130304,0.6104027195336916,0.6397626,0.4970215,0.59298325
hotel_0,2023-06-09,2023-06-02,0.7901234567901234,0.691358024691358,0.691358024691358,0.5865726423130304,0.6104027195336916,0.75644964,0.5500687,0.82254624
hotel_0,2023-06-10,2023-06-02,0.8518518518518519,0.691358024691358,0.9753086419753086,0.5865726423130304,0.6104027195336916,0.88981813,0.7400907,0.91230285
hotel_0,2023-06-11,2023-06-02,0.5308641975308642,0.691358024691358,0.8888888888888888,0.5865726423130304,0.6104027195336916,0.6719084,0.1213125,0.2412405
hotel_0,2023-06-12,2023-06-02,0.7407407407407407,0.691358024691358,0.2716049382716049,0.5865726423130304,0.6104027195336916,0.5888921,0.41470015,0.45126474
hotel_0,2023-06-13,2023-06-02,0.7901234567901234,0.691358024691358,0.2962962962962963,0.5865726423130304,0.6104027195336916,0.6549728,0.57570446,0.5885664
hotel_0,2023-06-14,2023-06-02,0.8271604938271605,0.691358024691358,0.3950617283950617,0.5865726423130304,0.6104027195336916,0.6711757,0.7402318,0.6790469
hotel_0,2023-06-15,2023-06-02,0.7901234567901234,0.691358024691358,0.43209876543209874,0.5865726423130304,0.6104027195336916,0.6723166,0.95549774,0.8518294
hotel_0,2023-06-16,2023-06-02,0.8395061728395061,0.691358024691358,0.691358024691358,0.5865726423130304,0.6104027195336916,0.7110252,1.045909,1.0450124
hotel_0,2023-06-17,2023-06-02,1.0246913580246915,0.691358024691358,0.9753086419753086,0.5865726423130304,0.6104027195336916,0.8238668,0.9483257,0.9615613
hotel_0,2023-06-18,2023-06-02,0.6419753086419753,0.691358024691358,0.8888888888888888,0.5865726423130304,0.6104027195336916,0.6283386,0.1877816,0.2985071
hotel_0,2023-06-19,2023-06-02,0.5308641975308642,0.691358024691358,0.2716049382716049,0.5865726423130304,0.6104027195336916,0.67109394,0.28069443,0.2847017
hotel_0,2023-06-20,2023-06-02,0.7283950617283951,0.691358024691358,0.2962962962962963,0.5865726423130304,0.6104027195336916,0.6909019,0.20107257,0.28636372
hotel_0,2023-06-21,2023-06-02,0.7160493827160493,0.691358024691358,0.3950617283950617,0.5865726423130304,0.6104027195336916,0.72325015,0.2725773,0.27743247
hotel_0,2023-06-22,2023-06-02,0.7654320987654321,0.691358024691358,0.43209876543209874,0.5865726423130304,0.6104027195336916,0.7345049,0.44651854,0.44447762
hotel_0,2023-06-23,2023-06-02,0.8148148148148148,0.691358024691358,0.691358024691358,0.5865726423130304,0.6104027195336916,0.7904343,0.61244935,0.7588541
hotel_0,2023-06-24,2023-06-02,0.9506172839506173,0.691358024691358,0.9753086419753086,0.5865726423130304,0.6104027195336916,0.89348334,0.46453676,0.75843364
hotel_0,2023-06-25,2023-06-02,0.5061728395061729,0.691358024691358,0.8888888888888888,0.5865726423130304,0.6104027195336916,0.7040258,-0.10484213,0.23684797
hotel_0,2023-06-26,2023-06-02,0.5802469135802469,0.691358024691358,0.2716049382716049,0.5865726423130304,0.6104027195336916,0.6206238,0.14600113,0.46125767
hotel_0,2023-06-27,2023-06-02,0.691358024691358,0.691358024691358,0.2962962962962963,0.5865726423130304,0.6104027195336916,0.6887301,0.26157042,0.5738566
hotel_0,2023-06-28,2023-06-02,0.654320987654321,0.691358024691358,0.3950617283950617,0.5865726423130304,0.6104027195336916,0.710043,0.36544505,0.51329565
hotel_0,2023-06-29,2023-06-02,0.7160493827160493,0.691358024691358,0.43209876543209874,0.5865726423130304,0.6104027195336916,0.7051743,0.5366672,0.4408508
hotel_0,2023-06-30,2023-06-02,0.8271604938271605,0.691358024691358,0.691358024691358,0.5865726423130304,0.6104027195336916,0.74639857,0.6102853,0.46390197
hotel_105,2023-02-11,2023-02-10,0.9685534591194969,0.9433962264150944,0.9119496855345912,0.7639704432778769,0.8246280000921118,0.90411913,0.90815043,0.8918345
hotel_105,2023-02-12,2023-02-10,0.46540880503144655,0.9433962264150944,0.4968553459119497,0.7639704432778769,0.7264017699367263,0.5767102,0.53258115,0.40659928
hotel_105,2023-02-13,2023-02-10,0.44025157232704404,0.9433962264150944,0.6037735849056604,0.7639704432778769,0.7264017699367263,0.6531597,0.5356455,0.70999646
hotel_105,2023-02-14,2023-02-10,0.6163522012578616,0.9433962264150944,0.6666666666666666,0.7639704432778769,0.7264017699367263,0.7053141,0.59201634,0.7168588
hotel_105,2023-02-15,2023-02-10,0.6729559748427673,0.9433962264150944,0.6226415094339622,0.7639704432778769,0.7264017699367263,0.73594123,0.6058762,0.59927136
hotel_105,2023-02-16,2023-02-10,0.6792452830188679,0.9433962264150944,0.6918238993710691,0.7639704432778769,0.7264017699367263,0.80204606,0.61763847,0.7029233
hotel_105,2023-02-17,2023-02-10,0.8616352201257862,0.9433962264150944,0.9433962264150944,0.7639704432778769,0.7264017699367263,0.8645119,0.6904062,0.94423604
hotel_105,2023-02-18,2023-02-10,0.9811320754716981,0.9433962264150944,0.9119496855345912,0.7639704432778769,0.7264017699367263,0.9513457,0.74191207,0.9498114
hotel_105,2023-02-19,2023-02-10,0.9056603773584906,0.9433962264150944,0.4968553459119497,0.7639704432778769,0.7264017699367263,0.76794773,0.51783764,0.5573516
hotel_105,2023-02-20,2023-02-10,0.7547169811320755,0.9433962264150944,0.6037735849056604,0.7639704432778769,0.7264017699367263,0.77578896,0.73656535,0.6453011
hotel_105,2023-02-21,2023-02-10,0.8427672955974843,0.9433962264150944,0.6666666666666666,0.7639704432778769,0.7264017699367263,0.8671986,0.85839623,0.5907297
hotel_105,2023-02-22,2023-02-10,0.9685534591194969,0.9433962264150944,0.6226415094339622,0.7639704432778769,0.7264017699367263,0.8370808,0.82102925,0.6151128
hotel_105,2023-02-23,2023-02-10,0.8301886792452831,0.9433962264150944,0.6918238993710691,0.7639704432778769,0.7264017699367263,0.8353404,0.73998713,0.6487777
hotel_105,2023-02-24,2023-02-10,0.9245283018867925,0.9433962264150944,0.9433962264150944,0.7639704432778769,0.7264017699367263,0.8825564,0.5365908,0.6053184
hotel_105,2023-02-25,2023-02-10,0.9056603773584906,0.9433962264150944,0.9119496855345912,0.7639704432778769,0.7264017699367263,0.87585515,0.54372704,0.6563247
hotel_105,2023-02-26,2023-02-10,0.5974842767295597,0.9433962264150944,0.4968553459119497,0.7639704432778769,0.7264017699367263,0.6207953,0.5140076,0.3212675
hotel_105,2023-02-27,2023-02-10,0.6666666666666666,0.9433962264150944,0.6037735849056604,0.7639704432778769,0.7264017699367263,0.71901596,0.72257864,0.6237549
hotel_105,2023-02-28,2023-02-10,0.660377358490566,0.9433962264150944,0.6666666666666666,0.7639704432778769,0.7264017699367263,0.820907,0.7606786,0.7097801
hotel_105,2023-03-01,2023-02-10,0.7672955974842768,0.9433962264150944,0.6226415094339622,0.7639704432778769,0.7264017699367263,0.8613131,0.7404864,0.70070326
hotel_105,2023-03-02,2023-02-10,0.8427672955974843,0.9433962264150944,0.6918238993710691,0.7639704432778769,0.7264017699367263,0.86715144,0.6682429,0.5595108
hotel_105,2023-03-03,2023-02-10,0.8679245283018868,0.9433962264150944,0.9433962264150944,0.7639704432778769,0.7264017699367263,0.86596215,0.7161983,0.49687296
hotel_105,2023-03-04,2023-02-10,0.7924528301886793,0.9433962264150944,0.9119496855345912,0.7639704432778769,0.7264017699367263,0.92406213,0.8128809,0.62008053
hotel_105,2023-03-05,2023-02-10,0.5283018867924528,0.9433962264150944,0.4968553459119497,0.7639704432778769,0.7264017699367263,0.62938243,0.46905327,0.398705
hotel_105,2023-03-06,2023-02-10,0.6540880503144654,0.9433962264150944,0.6037735849056604,0.7639704432778769,0.7264017699367263,0.7138505,0.3229952,0.50656235
hotel_105,2023-03-07,2023-02-10,0.7295597484276729,0.9433962264150944,0.6666666666666666,0.7639704432778769,0.7264017699367263,0.7688607,0.4301395,0.4626947
hotel_105,2023-03-08,2023-02-10,0.7358490566037735,0.9433962264150944,0.6226415094339622,0.7639704432778769,0.7264017699367263,0.8300492,0.57999647,0.52269757
hotel_105,2023-03-09,2023-02-10,0.6729559748427673,0.9433962264150944,0.6918238993710691,0.7639704432778769,0.7264017699367263,0.8302634,0.6377206,0.8131807
hotel_105,2023-03-10,2023-02-10,0.7924528301886793,0.9433962264150944,0.9433962264150944,0.7639704432778769,0.7264017699367263,0.89565057,0.67532325,0.82604927
hotel_105,2023-03-11,2023-03-10,0.9245283018867925,0.7924528301886793,0.7924528301886793,0.732384075706064,0.7813017340448609,0.82414883,0.7769409,0.8051927
hotel_105,2023-03-12,2023-03-10,0.8930817610062893,0.7924528301886793,0.5283018867924528,0.732384075706064,0.7420034056076378,0.61334085,0.58268166,0.70267165
hotel_105,2023-03-13,2023-03-10,0.9245283018867925,0.7924528301886793,0.6540880503144654,0.732384075706064,0.7420034056076378,0.7248666,0.6676785,0.6857276
hotel_105,2023-03-14,2023-03-10,0.9559748427672956,0.7924528301886793,0.7295597484276729,0.732384075706064,0.7420034056076378,0.77457094,0.83881235,0.6878864
hotel_105,2023-03-15,2023-03-10,0.9937106918238994,0.7924528301886793,0.7358490566037735,0.732384075706064,0.7420034056076378,0.77554756,0.7776995,0.6741194
hotel_105,2023-03-16,2023-03-10,0.9811320754716981,0.7924528301886793,0.6729559748427673,0.732384075706064,0.7420034056076378,0.7652586,0.7948957,0.65474355
hotel_105,2023-03-17,2023-03-10,0.8301886792452831,0.7924528301886793,0.7924528301886793,0.732384075706064,0.7420034056076378,0.8701734,0.9019367,0.7095183
hotel_105,2023-03-18,2023-03-10,0.7735849056603774,0.7924528301886793,0.7924528301886793,0.732384075706064,0.7420034056076378,0.90614325,0.91229796,0.8427172
hotel_105,2023-03-19,2023-03-10,0.6226415094339622,0.7924528301886793,0.5283018867924528,0.732384075706064,0.7420034056076378,0.6583488,0.63778096,0.71170574
hotel_105,2023-03-20,2023-03-10,0.5786163522012578,0.7924528301886793,0.6540880503144654,0.732384075706064,0.7420034056076378,0.7058278,0.66853595,0.7232291
hotel_105,2023-03-21,2023-03-10,0.660377358490566,0.7924528301886793,0.7295597484276729,0.732384075706064,0.7420034056076378,0.74697566,0.6439571,0.7414907
hotel_105,2023-03-22,2023-03-10,0.6918238993710691,0.7924528301886793,0.7358490566037735,0.732384075706064,0.7420034056076378,0.7734422,0.59195906,0.6570491
hotel_105,2023-03-23,2023-03-10,0.7169811320754716,0.7924528301886793,0.6729559748427673,0.732384075706064,0.7420034056076378,0.7810639,0.6157775,0.6452559
hotel_105,2023-03-24,2023-03-10,0.8176100628930818,0.7924528301886793,0.7924528301886793,0.732384075706064,0.7420034056076378,0.8002576,0.68054056,0.6521365
hotel_105,2023-03-25,2023-03-10,0.8301886792452831,0.7924528301886793,0.7924528301886793,0.732384075706064,0.7420034056076378,0.88597584,0.7788339,0.7582481
hotel_105,2023-03-26,2023-03-10,0.559748427672956,0.7924528301886793,0.5283018867924528,0.732384075706064,0.7420034056076378,0.6787156,0.64859694,0.6706312
hotel_105,2023-03-27,2023-03-10,0.7735849056603774,0.7924528301886793,0.6540880503144654,0.732384075706064,0.7420034056076378,0.7004072,0.73253983,0.6836456
hotel_105,2023-03-28,2023-03-10,0.8679245283018868,0.7924528301886793,0.7295597484276729,0.732384075706064,0.7420034056076378,0.7143538,0.691043,0.71601534
hotel_105,2023-03-29,2023-03-10,0.8176100628930818,0.7924528301886793,0.7358490566037735,0.732384075706064,0.7420034056076378,0.7714561,0.5744147,0.69811165
hotel_105,2023-03-30,2023-03-10,0.6415094339622641,0.7924528301886793,0.6729559748427673,0.732384075706064,0.7420034056076378,0.72451323,0.44894952,0.7178255
hotel_105,2023-03-31,2023-03-10,0.7987421383647799,0.7924528301886793,0.7924528301886793,0.732384075706064,0.7420034056076378,0.823098,0.60561395,0.66857827
hotel_105,2023-04-01,2023-03-10,0.8301886792452831,0.7924528301886793,0.7924528301886793,0.732384075706064,0.7420034056076378,0.80643797,0.7189671,0.7811632
hotel_105,2023-04-02,2023-03-10,0.5723270440251572,0.7924528301886793,0.5283018867924528,0.732384075706064,0.7420034056076378,0.5923075,0.6899882,0.70581454
hotel_105,2023-04-03,2023-03-10,0.7735849056603774,0.7924528301886793,0.6540880503144654,0.732384075706064,0.7420034056076378,0.70915145,0.7985759,0.7339948
hotel_105,2023-04-04,2023-03-10,0.7924528301886793,0.7924528301886793,0.7295597484276729,0.732384075706064,0.7420034056076378,0.7685464,0.74748707,0.7465147
hotel_105,2023-04-05,2023-03-10,0.8805031446540881,0.7924528301886793,0.7358490566037735,0.732384075706064,0.7420034056076378,0.7841197,0.6234431,0.6667196
hotel_105,2023-04-06,2023-03-10,0.6352201257861635,0.7924528301886793,0.6729559748427673,0.732384075706064,0.7420034056076378,0.7477091,0.6088556,0.64426404
hotel_105,2023-04-07,2023-03-10,0.9685534591194969,0.7924528301886793,0.7924528301886793,0.732384075706064,0.7420034056076378,0.8017748,0.6164931,0.59632057
hotel_105,2023-04-08,2023-04-07,0.9056603773584906,0.9685534591194969,0.8301886792452831,0.8241561835546682,0.9275880889576223,0.9121249,0.97057843,1.0407305
hotel_105,2023-04-09,2023-04-07,0.5534591194968553,0.9685534591194969,0.5723270440251572,0.8241561835546682,0.8076071684268895,0.62386465,0.52894604,0.6312977
hotel_105,2023-04-10,2023-04-07,0.6666666666666666,0.9685534591194969,0.7735849056603774,0.8241561835546682,0.8076071684268895,0.7489216,0.52917254,0.7277328
hotel_105,2023-04-11,2023-04-07,0.7421383647798742,0.9685534591194969,0.7924528301886793,0.8241561835546682,0.8076071684268895,0.8143962,0.55826604,0.7680361
hotel_105,2023-04-12,2023-04-07,0.7924528301886793,0.9685534591194969,0.8805031446540881,0.8241561835546682,0.8076071684268895,0.80927753,0.5612935,0.6530212
hotel_105,2023-04-13,2023-04-07,0.7610062893081762,0.9685534591194969,0.6352201257861635,0.8241561835546682,0.8076071684268895,0.80296105,0.47376096,0.7634734
hotel_105,2023-04-14,2023-04-07,0.8301886792452831,0.9685534591194969,0.9685534591194969,0.8241561835546682,0.8076071684268895,0.91220987,0.6429145,0.9471455
hotel_105,2023-04-15,2023-04-07,0.8742138364779874,0.9685534591194969,0.8301886792452831,0.8241561835546682,0.8076071684268895,0.8974313,0.8136718,1.127706
hotel_105,2023-04-16,2023-04-07,0.6415094339622641,0.9685534591194969,0.5723270440251572,0.8241561835546682,0.8076071684268895,0.5669506,0.6844143,0.74885774
hotel_105,2023-04-17,2023-04-07,0.7861635220125787,0.9685534591194969,0.7735849056603774,0.8241561835546682,0.8076071684268895,0.6617848,0.8004778,0.80717444
hotel_105,2023-04-18,2023-04-07,0.9371069182389937,0.9685534591194969,0.7924528301886793,0.8241561835546682,0.8076071684268895,0.69372696,0.6727672,0.82025725
hotel_105,2023-04-19,2023-04-07,0.9056603773584906,0.9685534591194969,0.8805031446540881,0.8241561835546682,0.8076071684268895,0.7439072,0.62885875,0.69355994
hotel_105,2023-04-20,2023-04-07,0.779874213836478,0.9685534591194969,0.6352201257861635,0.8241561835546682,0.8076071684268895,0.7516597,0.58733463,0.6973182
hotel_105,2023-04-21,2023-04-07,0.9371069182389937,0.9685534591194969,0.9685534591194969,0.8241561835546682,0.8076071684268895,0.84133124,0.6905515,0.69216865
hotel_105,2023-04-22,2023-04-07,0.8553459119496856,0.9685534591194969,0.8301886792452831,0.8241561835546682,0.8076071684268895,0.87587184,0.67188585,0.7868755
hotel_105,2023-04-23,2023-04-07,0.6477987421383647,0.9685534591194969,0.5723270440251572,0.8241561835546682,0.8076071684268895,0.5702689,0.38786995,0.5886722
hotel_105,2023-04-24,2023-04-07,0.8930817610062893,0.9685534591194969,0.7735849056603774,0.8241561835546682,0.8076071684268895,0.7654931,0.59559727,0.8310914
hotel_105,2023-04-25,2023-04-07,1.0,0.9685534591194969,0.7924528301886793,0.8241561835546682,0.8076071684268895,0.78069913,0.6078047,0.7591163
hotel_105,2023-04-26,2023-04-07,1.0062893081761006,0.9685534591194969,0.8805031446540881,0.8241561835546682,0.8076071684268895,0.8062377,0.704175,0.7430442
hotel_105,2023-04-27,2023-04-07,0.7484276729559748,0.9685534591194969,0.6352201257861635,0.8241561835546682,0.8076071684268895,0.7728545,0.60444254,0.785422
hotel_105,2023-04-28,2023-04-07,0.8616352201257862,0.9685534591194969,0.9685534591194969,0.8241561835546682,0.8076071684268895,0.85714173,0.58356315,0.8062733
hotel_105,2023-04-29,2023-04-07,1.0,0.9685534591194969,0.8301886792452831,0.8241561835546682,0.8076071684268895,0.8842623,0.4325106,0.7653713
hotel_105,2023-04-30,2023-04-07,0.5283018867924528,0.9685534591194969,0.5723270440251572,0.8241561835546682,0.8076071684268895,0.5167692,0.26522654,0.5822545
hotel_105,2023-05-01,2023-04-07,0.6666666666666666,0.9685534591194969,0.7735849056603774,0.8241561835546682,0.8076071684268895,0.6682242,0.40330523,0.6099286
hotel_105,2023-05-02,2023-04-07,0.8238993710691824,0.9685534591194969,0.7924528301886793,0.8241561835546682,0.8076071684268895,0.7488132,0.21533519,0.70751566
hotel_105,2023-05-03,2023-04-07,0.7358490566037735,0.9685534591194969,0.8805031446540881,0.8241561835546682,0.8076071684268895,0.768079,0.094611466,0.71089745
hotel_105,2023-05-04,2023-04-07,0.8238993710691824,0.9685534591194969,0.6352201257861635,0.8241561835546682,0.8076071684268895,0.7381244,0.2547847,0.82531875
hotel_105,2023-05-05,2023-04-07,0.89937106918239,0.9685534591194969,0.9685534591194969,0.8241561835546682,0.8076071684268895,0.8617297,0.4515592,0.8418252
hotel_105,2023-05-06,2023-05-05,0.9056603773584906,0.89937106918239,1.0,0.8200870350637951,0.8460730957165125,0.9097086,0.9376422,0.94692343
hotel_105,2023-05-07,2023-05-05,0.7672955974842768,0.89937106918239,0.5283018867924528,0.8200870350637951,0.8174964139340024,0.6099616,0.5235433,0.5413497
hotel_105,2023-05-08,2023-05-05,1.0125786163522013,0.89937106918239,0.6666666666666666,0.8200870350637951,0.8174964139340024,0.733934,0.5967343,0.56008285
hotel_105,2023-05-09,2023-05-05,0.9937106918238994,0.89937106918239,0.8238993710691824,0.8200870350637951,0.8174964139340024,0.8195687,0.67046213,0.6784742
hotel_105,2023-05-10,2023-05-05,1.0,0.89937106918239,0.7358490566037735,0.8200870350637951,0.8174964139340024,0.8615676,0.7579718,0.7263005
hotel_105,2023-05-11,2023-05-05,0.7924528301886793,0.89937106918239,0.8238993710691824,0.8200870350637951,0.8174964139340024,0.86433935,0.76134384,0.74077094
hotel_105,2023-05-12,2023-05-05,1.0062893081761006,0.89937106918239,0.89937106918239,0.8200870350637951,0.8174964139340024,0.89194304,0.8964338,0.86921453
hotel_105,2023-05-13,2023-05-05,0.9685534591194969,0.89937106918239,1.0,0.8200870350637951,0.8174964139340024,0.9077753,0.9313055,0.9745559
hotel_105,2023-05-14,2023-05-05,0.6415094339622641,0.89937106918239,0.5283018867924528,0.8200870350637951,0.8174964139340024,0.6015991,0.6087817,0.5867784
hotel_105,2023-05-15,2023-05-05,0.9622641509433962,0.89937106918239,0.6666666666666666,0.8200870350637951,0.8174964139340024,0.7526939,0.78387547,0.5698015
hotel_105,2023-05-16,2023-05-05,1.0314465408805031,0.89937106918239,0.8238993710691824,0.8200870350637951,0.8174964139340024,0.8105148,0.7528528,0.69324183
hotel_105,2023-05-17,2023-05-05,1.0,0.89937106918239,0.7358490566037735,0.8200870350637951,0.8174964139340024,0.85155636,0.7104371,0.74927557
hotel_105,2023-05-18,2023-05-05,0.8867924528301887,0.89937106918239,0.8238993710691824,0.8200870350637951,0.8174964139340024,0.8631395,0.72027904,0.7289675
hotel_105,2023-05-19,2023-05-05,0.949685534591195,0.89937106918239,0.89937106918239,0.8200870350637951,0.8174964139340024,0.88949245,0.91475713,0.9077025
hotel_105,2023-05-20,2023-05-05,0.9937106918238994,0.89937106918239,1.0,0.8200870350637951,0.8174964139340024,0.9002487,0.9520434,0.9571687
hotel_105,2023-05-21,2023-05-05,0.8553459119496856,0.89937106918239,0.5283018867924528,0.8200870350637951,0.8174964139340024,0.6016836,0.59759104,0.61794215
hotel_105,2023-05-22,2023-05-05,0.9622641509433962,0.89937106918239,0.6666666666666666,0.8200870350637951,0.8174964139340024,0.7276096,0.7096922,0.80223006
hotel_105,2023-05-23,2023-05-05,0.9559748427672956,0.89937106918239,0.8238993710691824,0.8200870350637951,0.8174964139340024,0.76452935,0.7379589,0.91073555
hotel_105,2023-05-24,2023-05-05,1.0,0.89937106918239,0.7358490566037735,0.8200870350637951,0.8174964139340024,0.77815557,0.74056333,0.80921257
hotel_105,2023-05-25,2023-05-05,0.9433962264150944,0.89937106918239,0.8238993710691824,0.8200870350637951,0.8174964139340024,0.8238203,0.8021958,0.8650818
hotel_105,2023-05-26,2023-05-05,1.0062893081761006,0.89937106918239,0.89937106918239,0.8200870350637951,0.8174964139340024,0.88014925,0.89416254,1.0402092
hotel_105,2023-05-27,2023-05-05,1.0,0.89937106918239,1.0,0.8200870350637951,0.8174964139340024,0.91062057,0.82425034,1.1876565
hotel_105,2023-05-28,2023-05-05,0.9056603773584906,0.89937106918239,0.5283018867924528,0.8200870350637951,0.8174964139340024,0.66729724,0.59851044,0.7946948
hotel_105,2023-05-29,2023-05-05,0.9182389937106918,0.89937106918239,0.6666666666666666,0.8200870350637951,0.8174964139340024,0.630895,0.76971585,0.81036794
hotel_105,2023-05-30,2023-05-05,0.9748427672955975,0.89937106918239,0.8238993710691824,0.8200870350637951,0.8174964139340024,0.6096018,0.7593329,0.79332143
hotel_105,2023-05-31,2023-05-05,1.0125786163522013,0.89937106918239,0.7358490566037735,0.8200870350637951,0.8174964139340024,0.6610943,0.775478,0.67751884
hotel_105,2023-06-01,2023-05-05,0.8930817610062893,0.89937106918239,0.8238993710691824,0.8200870350637951,0.8174964139340024,0.72195286,0.7734078,0.6580905
hotel_105,2023-06-02,2023-05-05,0.949685534591195,0.89937106918239,0.89937106918239,0.8200870350637951,0.8174964139340024,0.8225005,0.86338586,0.70935935
hotel_105,2023-06-03,2023-06-02,1.0125786163522013,0.949685534591195,1.0,0.9480926516993626,0.967817950745933,0.9496601,0.95187366,0.9692485
hotel_105,2023-06-04,2023-06-02,0.9119496855345912,0.949685534591195,0.9056603773584906,0.9480926516993626,0.9520139834570753,0.83602816,0.81346345,0.71788526
hotel_105,2023-06-05,2023-06-02,0.9937106918238994,0.949685534591195,0.9182389937106918,0.9480926516993626,0.9520139834570753,0.8806648,0.9823712,0.8679022
hotel_105,2023-06-06,2023-06-02,1.0062893081761006,0.949685534591195,0.9748427672955975,0.9480926516993626,0.9520139834570753,0.9507931,1.039744,0.94249755
hotel_105,2023-06-07,2023-06-02,0.9811320754716981,0.949685534591195,1.0125786163522013,0.9480926516993626,0.9520139834570753,0.98553145,0.9875451,0.94755507
hotel_105,2023-06-08,2023-06-02,0.9559748427672956,0.949685534591195,0.8930817610062893,0.9480926516993626,0.9520139834570753,0.9575302,0.98002833,0.8348075
hotel_105,2023-06-09,2023-06-02,0.9811320754716981,0.949685534591195,0.949685534591195,0.9480926516993626,0.9520139834570753,0.9716866,0.9417404,0.94492805
hotel_105,2023-06-10,2023-06-02,1.0062893081761006,0.949685534591195,1.0,0.9480926516993626,0.9520139834570753,0.96066487,0.9580132,0.9449115
hotel_105,2023-06-11,2023-06-02,0.9811320754716981,0.949685534591195,0.9056603773584906,0.9480926516993626,0.9520139834570753,0.82453454,0.7138298,0.73459226
hotel_105,2023-06-12,2023-06-02,0.9937106918238994,0.949685534591195,0.9182389937106918,0.9480926516993626,0.9520139834570753,0.8755144,0.83189255,0.8014496
hotel_105,2023-06-13,2023-06-02,1.0377358490566038,0.949685534591195,0.9748427672955975,0.9480926516993626,0.9520139834570753,0.94734275,0.9088512,0.88919556
hotel_105,2023-06-14,2023-06-02,1.0125786163522013,0.949685534591195,1.0125786163522013,0.9480926516993626,0.9520139834570753,0.9377604,0.9194676,0.949004
hotel_105,2023-06-15,2023-06-02,1.0188679245283019,0.949685534591195,0.8930817610062893,0.9480926516993626,0.9520139834570753,0.9560771,0.9590592,0.88309985
hotel_105,2023-06-16,2023-06-02,0.9622641509433962,0.949685534591195,0.949685534591195,0.9480926516993626,0.9520139834570753,0.9813756,0.97609603,0.90549916
hotel_105,2023-06-17,2023-06-02,0.9245283018867925,0.949685534591195,1.0,0.9480926516993626,0.9520139834570753,0.9858699,0.93797165,0.93304974
hotel_105,2023-06-18,2023-06-02,0.9937106918238994,0.949685534591195,0.9056603773584906,0.9480926516993626,0.9520139834570753,0.89685327,0.77604496,0.75433195
hotel_105,2023-06-19,2023-06-02,1.0062893081761006,0.949685534591195,0.9182389937106918,0.9480926516993626,0.9520139834570753,0.9151914,0.9280655,0.946937
hotel_105,2023-06-20,2023-06-02,1.0062893081761006,0.949685534591195,0.9748427672955975,0.9480926516993626,0.9520139834570753,0.9338727,0.992836,0.96703494
hotel_105,2023-06-21,2023-06-02,1.0125786163522013,0.949685534591195,1.0125786163522013,0.9480926516993626,0.9520139834570753,0.9551815,0.98273325,0.94258213
hotel_105,2023-06-22,2023-06-02,1.0566037735849056,0.949685534591195,0.8930817610062893,0.9480926516993626,0.9520139834570753,0.9363823,0.9121307,0.90938115
hotel_105,2023-06-23,2023-06-02,0.9874213836477987,0.949685534591195,0.949685534591195,0.9480926516993626,0.9520139834570753,0.9763911,0.94661415,0.94799644
hotel_105,2023-06-24,2023-06-02,0.9874213836477987,0.949685534591195,1.0,0.9480926516993626,0.9520139834570753,1.0037585,0.96891034,0.97125345
hotel_105,2023-06-25,2023-06-02,0.9937106918238994,0.949685534591195,0.9056603773584906,0.9480926516993626,0.9520139834570753,0.9150994,0.7783765,0.85346353
hotel_105,2023-06-26,2023-06-02,1.0188679245283019,0.949685534591195,0.9182389937106918,0.9480926516993626,0.9520139834570753,0.9108371,0.8135455,0.90121794
hotel_105,2023-06-27,2023-06-02,1.0314465408805031,0.949685534591195,0.9748427672955975,0.9480926516993626,0.9520139834570753,0.9317903,0.7446999,0.89092404
hotel_105,2023-06-28,2023-06-02,1.0440251572327044,0.949685534591195,1.0125786163522013,0.9480926516993626,0.9520139834570753,0.92549443,0.7130748,0.9870472
hotel_105,2023-06-29,2023-06-02,1.0062893081761006,0.949685534591195,0.8930817610062893,0.9480926516993626,0.9520139834570753,0.91209584,0.7083112,0.95377964
hotel_105,2023-06-30,2023-06-02,1.0,0.949685534591195,0.949685534591195,0.9480926516993626,0.9520139834570753,0.93755174,0.8199621,0.91768414
hotel_112,2023-02-11,2023-02-10,0.75,0.9625,0.91875,0.932058006207673,0.9148606349298114,0.9142621,0.89831406,0.98973393
hotel_112,2023-02-12,2023-02-10,0.93125,0.9625,0.7875,0.932058006207673,0.8991766837353892,0.65790516,0.91577876,0.99935716
hotel_112,2023-02-13,2023-02-10,0.84375,0.9625,0.8875,0.932058006207673,0.89138492572858,0.75646615,0.96516025,1.0274063
hotel_112,2023-02-14,2023-02-10,0.8875,0.9625,0.9875,0.932058006207673,0.8881084898201895,0.7949032,0.95090866,1.0291755
hotel_112,2023-02-15,2023-02-10,0.84375,0.9625,0.89375,0.932058006207673,0.8866416351003615,0.8607803,1.0095603,1.0197097
hotel_112,2023-02-16,2023-02-10,0.96875,0.9625,1.0,0.932058006207673,0.8860007081420431,0.9441743,1.034836,0.9704922
hotel_112,2023-02-17,2023-02-10,0.99375,0.9625,0.9625,0.932058006207673,0.885718036744784,0.9619698,0.95615065,0.89682597
hotel_112,2023-02-18,2023-02-10,0.80625,0.9625,0.91875,0.932058006207673,0.8855938160717635,0.9624786,0.8695031,0.87749726
hotel_112,2023-02-19,2023-02-10,0.61875,0.9625,0.7875,0.932058006207673,0.8855391514369729,0.8621802,0.8455323,0.8903524
hotel_112,2023-02-20,2023-02-10,0.84375,0.9625,0.8875,0.932058006207673,0.8855151084810309,0.8709885,0.8738742,0.9184565
hotel_112,2023-02-21,2023-02-10,0.76875,0.9625,0.9875,0.932058006207673,0.8855045315852593,0.95508873,0.8687389,0.92364186
hotel_112,2023-02-22,2023-02-10,0.65625,0.9625,0.89375,0.932058006207673,0.885499878999848,0.9376474,0.8882482,0.95470434
hotel_112,2023-02-23,2023-02-10,0.6625,0.9625,1.0,0.932058006207673,0.8854978323494747,0.94896877,0.92178684,0.9759435
hotel_112,2023-02-24,2023-02-10,0.86875,0.9625,0.9625,0.932058006207673,0.8854969320481413,0.96866983,0.82011956,0.84048074
hotel_112,2023-02-25,2023-02-10,0.93125,0.9625,0.91875,0.932058006207673,0.8854965360126762,0.9427497,0.6689662,0.7769537
hotel_112,2023-02-26,2023-02-10,0.84375,0.9625,0.7875,0.932058006207673,0.8854963618000958,0.87907016,0.69487375,0.83080935
hotel_112,2023-02-27,2023-02-10,0.875,0.9625,0.8875,0.932058006207673,0.8854962851654354,0.9298489,0.8040185,0.84471387
hotel_112,2023-02-28,2023-02-10,0.9375,0.9625,0.9875,0.932058006207673,0.8854962514544965,0.946659,0.8279728,0.8553742
hotel_112,2023-03-01,2023-02-10,0.8875,0.9625,0.89375,0.932058006207673,0.885496236625338,0.91589844,0.8871604,0.9260941
hotel_112,2023-03-02,2023-02-10,0.7625,0.9625,1.0,0.932058006207673,0.8854962301021163,0.94453096,0.88618094,0.9627519
hotel_112,2023-03-03,2023-02-10,0.81875,0.9625,0.9625,0.932058006207673,0.885496227232606,0.9409509,0.81998384,0.9048834
hotel_112,2023-03-04,2023-02-10,0.88125,0.9625,0.91875,0.932058006207673,0.8854962259703326,0.94438255,0.7891742,0.85204095
hotel_112,2023-03-05,2023-02-10,0.90625,0.9625,0.7875,0.932058006207673,0.8854962254150692,0.8341361,0.8554398,0.8641701
hotel_112,2023-03-06,2023-02-10,0.8875,0.9625,0.8875,0.932058006207673,0.8854962251708135,0.91598594,0.85052276,0.906542
hotel_112,2023-03-07,2023-02-10,0.79375,0.9625,0.9875,0.932058006207673,0.8854962250633674,0.9256632,0.80472946,0.920277
hotel_112,2023-03-08,2023-02-10,0.975,0.9625,0.89375,0.932058006207673,0.8854962250161028,0.9416216,0.83774054,0.9488641
hotel_112,2023-03-09,2023-02-10,0.7875,0.9625,1.0,0.932058006207673,0.8854962249953116,0.9591711,0.82789326,0.9480936
hotel_112,2023-03-10,2023-02-10,0.925,0.9625,0.9625,0.932058006207673,0.8854962249861656,0.96201336,0.75113577,0.84126836
hotel_112,2023-03-11,2023-03-10,0.95,0.925,0.88125,0.874513931233296,0.8728005806866708,0.9149997,0.8178685,0.831895
hotel_112,2023-03-12,2023-03-10,0.9875,0.925,0.90625,0.874513931233296,0.8680180072676037,0.8068596,0.7909913,0.88301224
hotel_112,2023-03-13,2023-03-10,0.96875,0.925,0.8875,0.874513931233296,0.8631583434254135,0.88497406,0.86114836,1.0142792
hotel_112,2023-03-14,2023-03-10,1.01875,0.925,0.79375,0.874513931233296,0.8615132725009083,0.94677794,0.8610825,0.95176494
hotel_112,2023-03-15,2023-03-10,1.0,0.925,0.975,0.874513931233296,0.8607352606411969,0.93683726,0.93527585,0.8326411
hotel_112,2023-03-16,2023-03-10,0.975,0.925,0.7875,0.874513931233296,0.8604118853008144,0.86954796,0.9126897,0.8211206
hotel_112,2023-03-17,2023-03-10,0.975,0.925,0.925,0.874513931233296,0.8602710453896047,0.95241684,0.934985,0.8523791
hotel_112,2023-03-18,2023-03-10,0.91875,0.925,0.88125,0.874513931233296,0.860210761066409,0.9056456,0.87809736,0.78215075
hotel_112,2023-03-19,2023-03-10,0.99375,0.925,0.90625,0.874513931233296,0.8601847918907933,0.71198577,0.92489684,0.7661115
hotel_112,2023-03-20,2023-03-10,0.89375,0.925,0.8875,0.874513931233296,0.8601736313040931,0.7534912,0.96409947,0.91928136
hotel_112,2023-03-21,2023-03-10,0.94375,0.925,0.79375,0.874513931233296,0.8601688307217015,0.78746414,1.0222888,0.9726177
hotel_112,2023-03-22,2023-03-10,0.8125,0.925,0.975,0.874513931233296,0.8601667664763086,0.84562874,1.0507822,0.89437187
hotel_112,2023-03-23,2023-03-10,0.80625,0.925,0.7875,0.874513931233296,0.8601658787477483,0.8035304,0.87667555,0.7725456
hotel_112,2023-03-24,2023-03-10,0.99375,0.925,0.925,0.874513931233296,0.8601654969968494,0.8463814,0.8128525,0.68099463
hotel_112,2023-03-25,2023-03-10,0.81875,0.925,0.88125,0.874513931233296,0.8601653328294373,0.89141893,0.79335076,0.62573797
hotel_112,2023-03-26,2023-03-10,0.9875,0.925,0.90625,0.874513931233296,0.8601652622316239,0.73095703,0.8228103,0.69402003
hotel_112,2023-03-27,2023-03-10,0.89375,0.925,0.8875,0.874513931233296,0.860165231871992,0.82076687,0.81199515,0.7729128
hotel_112,2023-03-28,2023-03-10,0.9,0.925,0.79375,0.874513931233296,0.8601652188162547,0.8906186,0.8440666,0.77622867
hotel_112,2023-03-29,2023-03-10,0.99375,0.925,0.975,0.874513931233296,0.8601652132018149,0.8981759,0.93746614,0.7324066
hotel_112,2023-03-30,2023-03-10,0.9625,0.925,0.7875,0.874513931233296,0.8601652107874027,0.871445,0.8711334,0.66563016
hotel_112,2023-03-31,2023-03-10,0.75625,0.925,0.925,0.874513931233296,0.8601652097491181,0.89985895,0.815588,0.6558244
hotel_112,2023-04-01,2023-03-10,0.825,0.925,0.88125,0.874513931233296,0.8601652093026182,0.8747259,0.7594681,0.61302525
hotel_112,2023-04-02,2023-03-10,0.74375,0.925,0.90625,0.874513931233296,0.860165209110607,0.70444584,0.7925058,0.6123625
hotel_112,2023-04-03,2023-03-10,0.81875,0.925,0.8875,0.874513931233296,0.8601652090280353,0.7754722,0.8383744,0.7979431
hotel_112,2023-04-04,2023-03-10,0.75625,0.925,0.79375,0.874513931233296,0.8601652089925265,0.80335635,0.8626435,0.8700913
hotel_112,2023-04-05,2023-03-10,0.75625,0.925,0.975,0.874513931233296,0.8601652089772563,0.8282517,0.82650125,0.8205898
hotel_112,2023-04-06,2023-03-10,0.675,0.925,0.7875,0.874513931233296,0.8601652089706897,0.8238736,0.73451364,0.7855667
hotel_112,2023-04-07,2023-03-10,0.65625,0.925,0.925,0.874513931233296,0.8601652089678657,0.8744772,0.81959075,0.78548473
hotel_112,2023-04-08,2023-04-07,0.79375,0.65625,0.825,0.7311507497642278,0.7598369871099702,0.8128349,0.7015955,0.63274485
hotel_112,2023-04-09,2023-04-07,0.66875,0.65625,0.74375,0.7311507497642278,0.7871117018626206,0.68667287,0.7735211,0.7484586
hotel_112,2023-04-10,2023-04-07,0.7125,0.65625,0.81875,0.7311507497642278,0.8034067651370913,0.7654553,0.8561357,0.8627175
hotel_112,2023-04-11,2023-04-07,0.6375,0.65625,0.75625,0.7311507497642278,0.8102354512386641,0.71379507,0.8996333,0.96245867
hotel_112,2023-04-12,2023-04-07,0.95625,0.65625,0.75625,0.7311507497642278,0.8135056791700268,0.7153826,0.9305377,1.0160849
hotel_112,2023-04-13,2023-04-07,0.95,0.65625,0.675,0.7311507497642278,0.8149899033381771,0.7663032,0.88672554,0.9501563
hotel_112,2023-04-14,2023-04-07,0.8,0.65625,0.65625,0.7311507497642278,0.8156778897315217,0.83576024,0.85359603,0.8089043
hotel_112,2023-04-15,2023-04-07,0.7125,0.65625,0.825,0.7311507497642278,0.8159941374163259,0.8709321,0.7681926,0.67940235
hotel_112,2023-04-16,2023-04-07,0.70625,0.65625,0.74375,0.7311507497642278,0.8161399887110071,0.50855345,0.75451416,0.6697807
hotel_112,2023-04-17,2023-04-07,0.875,0.65625,0.81875,0.7311507497642278,0.8162071664187611,0.6991149,0.78303814,0.75858635
hotel_112,2023-04-18,2023-04-07,0.875,0.65625,0.75625,0.7311507497642278,0.816238123836545,0.85589164,0.9154469,0.83418006
hotel_112,2023-04-19,2023-04-07,0.78125,0.65625,0.75625,0.7311507497642278,0.8162523869850918,0.9058717,0.97654617,0.8460703
hotel_112,2023-04-20,2023-04-07,0.76875,0.65625,0.675,0.7311507497642278,0.816258959040782,0.85568863,0.9289874,0.82393354
hotel_112,2023-04-21,2023-04-07,0.7875,0.65625,0.65625,0.7311507497642278,0.8162619871613248,0.8082544,0.80271137,0.78937936
hotel_112,2023-04-22,2023-04-07,0.85625,0.65625,0.825,0.7311507497642278,0.8162633824066764,0.8730559,0.6907946,0.7431419
hotel_112,2023-04-23,2023-04-07,0.79375,0.65625,0.74375,0.7311507497642278,0.8162640252806345,0.52750355,0.7224607,0.75000644
hotel_112,2023-04-24,2023-04-07,0.83125,0.65625,0.81875,0.7311507497642278,0.8162643214921534,0.73888594,0.7245569,0.803137
hotel_112,2023-04-25,2023-04-07,0.93125,0.65625,0.75625,0.7311507497642278,0.8162644579748871,0.81757176,0.7720194,0.83531636
hotel_112,2023-04-26,2023-04-07,0.88125,0.65625,0.75625,0.7311507497642278,0.8162645208608357,0.8309603,0.7159152,0.8252105
hotel_112,2023-04-27,2023-04-07,0.91875,0.65625,0.675,0.7311507497642278,0.8162645498362375,0.8495973,0.7378146,0.85153806
hotel_112,2023-04-28,2023-04-07,0.9,0.65625,0.65625,0.7311507497642278,0.8162645631869776,0.88033074,0.73904973,0.79899096
hotel_112,2023-04-29,2023-04-07,0.91875,0.65625,0.825,0.7311507497642278,0.81626456933848,0.8639244,0.7135249,0.7821834
hotel_112,2023-04-30,2023-04-07,0.775,0.65625,0.74375,0.7311507497642278,0.8162645721728534,0.5755146,0.7950576,0.93928105
hotel_112,2023-05-01,2023-04-07,0.89375,0.65625,0.81875,0.7311507497642278,0.8162645734788226,0.7181448,0.8965981,1.0311141
hotel_112,2023-05-02,2023-04-07,0.93125,0.65625,0.75625,0.7311507497642278,0.8162645740805625,0.75940865,0.8837592,1.0060531
hotel_112,2023-05-03,2023-04-07,0.725,0.65625,0.75625,0.7311507497642278,0.8162645743578208,0.78044856,0.8391825,0.9186777
hotel_112,2023-05-04,2023-04-07,0.8,0.65625,0.675,0.7311507497642278,0.8162645744855708,0.7541319,0.80377764,0.8425779
hotel_112,2023-05-05,2023-04-07,0.70625,0.65625,0.65625,0.7311507497642278,0.8162645745444329,0.7976621,0.8074734,0.79017013
hotel_112,2023-05-06,2023-05-05,0.7875,0.70625,0.91875,0.7962615783532215,0.7861132251156678,0.8588114,0.67725235,0.7376599
hotel_112,2023-05-07,2023-05-05,0.8125,0.70625,0.775,0.7962615783532215,0.8012526031378803,0.59133565,0.64525807,0.76761687
hotel_112,2023-05-08,2023-05-05,0.8625,0.70625,0.89375,0.7962615783532215,0.8116574421109913,0.74039906,0.7217833,0.80107456
hotel_112,2023-05-09,2023-05-05,0.9125,0.70625,0.93125,0.7962615783532215,0.8157408323876612,0.8135554,0.7050078,0.8426619
hotel_112,2023-05-10,2023-05-05,0.775,0.70625,0.725,0.7962615783532215,0.8176878212647102,0.84424716,0.743687,0.85870427
hotel_112,2023-05-11,2023-05-05,0.8625,0.70625,0.8,0.7962615783532215,0.8185484224566976,0.88750803,0.7421821,0.88081944
hotel_112,2023-05-12,2023-05-05,0.85625,0.70625,0.70625,0.7962615783532215,0.818939785998049,0.8815959,0.7646249,0.8564242
hotel_112,2023-05-13,2023-05-05,0.9625,0.70625,0.91875,0.7962615783532215,0.8191158467046765,0.89788,0.7429085,0.83061403
hotel_112,2023-05-14,2023-05-05,0.70625,0.70625,0.775,0.7962615783532215,0.8191953750808373,0.5708572,0.70028836,0.79616606
hotel_112,2023-05-15,2023-05-05,0.9875,0.70625,0.89375,0.7962615783532215,0.8192312431130205,0.7313047,0.7512182,0.7940695
hotel_112,2023-05-16,2023-05-05,1.01875,0.70625,0.93125,0.7962615783532215,0.8192474294479207,0.809528,0.71388566,0.7830188
hotel_112,2023-05-17,2023-05-05,0.99375,0.70625,0.725,0.7962615783532215,0.8192547323018913,0.81266296,0.72412515,0.8429495
hotel_112,2023-05-18,2023-05-05,1.025,0.70625,0.8,0.7962615783532215,0.8192580274385745,0.8319739,0.69617563,0.85748255
hotel_112,2023-05-19,2023-05-05,0.925,0.70625,0.70625,0.7962615783532215,0.819259514196733,0.877634,0.7458871,0.8240221
hotel_112,2023-05-20,2023-05-05,0.90625,0.70625,0.91875,0.7962615783532215,0.8192601850267757,0.8978864,0.72787017,0.7820045
hotel_112,2023-05-21,2023-05-05,1.00625,0.70625,0.775,0.7962615783532215,0.8192604877060451,0.60785955,0.7419156,0.743292
hotel_112,2023-05-22,2023-05-05,0.93125,0.70625,0.89375,0.7962615783532215,0.8192606242755102,0.7428143,0.8006323,0.7255141
hotel_112,2023-05-23,2023-05-05,0.9625,0.70625,0.93125,0.7962615783532215,0.8192606858958732,0.7459213,0.7977467,0.72288626
hotel_112,2023-05-24,2023-05-05,0.95625,0.70625,0.725,0.7962615783532215,0.8192607136990874,0.7836675,0.8167485,0.74584126
hotel_112,2023-05-25,2023-05-05,0.96875,0.70625,0.8,0.7962615783532215,0.8192607262439444,0.80377865,0.81748605,0.7617587
hotel_112,2023-05-26,2023-05-05,0.99375,0.70625,0.70625,0.7962615783532215,0.8192607319042052,0.8761424,0.8770643,0.71786
hotel_112,2023-05-27,2023-05-05,1.0125,0.70625,0.91875,0.7962615783532215,0.8192607344581245,0.90212476,0.883065,0.65837884
hotel_112,2023-05-28,2023-05-05,0.93125,0.70625,0.775,0.7962615783532215,0.8192607356104572,0.64488775,0.91649675,0.6974043
hotel_112,2023-05-29,2023-05-05,0.9375,0.70625,0.89375,0.7962615783532215,0.8192607361303916,0.63474035,0.9502284,0.80576
hotel_112,2023-05-30,2023-05-05,0.7875,0.70625,0.93125,0.7962615783532215,0.819260736364987,0.6274614,0.9088063,0.823187
hotel_112,2023-05-31,2023-05-05,0.98125,0.70625,0.725,0.7962615783532215,0.8192607364708367,0.60546404,0.8795976,0.8231343
hotel_112,2023-06-01,2023-05-05,0.75,0.70625,0.8,0.7962615783532215,0.8192607365185963,0.6474281,0.84230435,0.8299542
hotel_112,2023-06-02,2023-05-05,0.75625,0.70625,0.70625,0.7962615783532215,0.8192607365401455,0.7215568,0.84827745,0.8143258
hotel_112,2023-06-03,2023-06-02,0.7375,0.75625,1.0125,0.845078558588896,0.8284626037319363,0.81472653,0.8523023,0.9127387
hotel_112,2023-06-04,2023-06-02,0.7375,0.75625,0.93125,0.845078558588896,0.8516338967053925,0.83140755,0.91713434,0.91879606
hotel_112,2023-06-05,2023-06-02,0.83125,0.75625,0.9375,0.845078558588896,0.8607178713943593,0.8924732,0.98954725,0.926832
hotel_112,2023-06-06,2023-06-02,0.83125,0.75625,0.7875,0.845078558588896,0.8609413865854667,0.9301934,0.9903462,0.9153327
hotel_112,2023-06-07,2023-06-02,0.81875,0.75625,0.98125,0.845078558588896,0.861150685692029,0.9472047,0.93565667,0.8808984
hotel_112,2023-06-08,2023-06-02,0.85,0.75625,0.75,0.845078558588896,0.8613466728899942,0.9141533,0.94087183,0.9080456
hotel_112,2023-06-09,2023-06-02,0.675,0.75625,0.75625,0.845078558588896,0.8615301948476229,0.8839755,0.931636,0.9120025
hotel_112,2023-06-10,2023-06-02,0.91875,0.75625,1.0125,0.845078558588896,0.8617020443831107,0.9362624,0.9200334,0.88612866
hotel_112,2023-06-11,2023-06-02,0.84375,0.75625,0.93125,0.845078558588896,0.8618629638895771,0.84434223,0.8477803,0.80937743
hotel_112,2023-06-12,2023-06-02,0.7375,0.75625,0.9375,0.845078558588896,0.8620136485422174,0.91027117,0.88172764,0.83270377
hotel_112,2023-06-13,2023-06-02,0.9875,0.75625,0.7875,0.845078558588896,0.8621547493014724,0.95792466,0.9888505,0.87571883
hotel_112,2023-06-14,2023-06-02,1.00625,0.75625,0.98125,0.845078558588896,0.8622868757251889,0.96661234,1.018501,0.8961992
hotel_112,2023-06-15,2023-06-02,1.0125,0.75625,0.75,0.845078558588896,0.8624105986019212,0.91849214,1.0585254,0.87600595
hotel_112,2023-06-16,2023-06-02,1.00625,0.75625,0.75625,0.845078558588896,0.8625264524167472,0.897236,1.0003346,0.8381864
hotel_112,2023-06-17,2023-06-02,1.00625,0.75625,1.0125,0.845078558588896,0.8626349376602549,0.94280136,0.97047913,0.8453636
hotel_112,2023-06-18,2023-06-02,0.90625,0.75625,0.93125,0.845078558588896,0.8627365229906695,0.7836199,0.9407072,0.8478139
hotel_112,2023-06-19,2023-06-02,0.95,0.75625,0.9375,0.845078558588896,0.8628316472584667,0.8670815,0.95503247,0.8513281
hotel_112,2023-06-20,2023-06-02,0.99375,0.75625,0.7875,0.845078558588896,0.8629207214022137,0.95302725,0.97201824,0.8091341
hotel_112,2023-06-21,2023-06-02,0.9375,0.75625,0.98125,0.845078558588896,0.863004130223832,0.951874,0.91813254,0.8285321
hotel_112,2023-06-22,2023-06-02,0.99375,0.75625,0.75,0.845078558588896,0.8630822340509483,0.9420489,0.9513271,0.8208542
hotel_112,2023-06-23,2023-06-02,0.7375,0.75625,0.75625,0.845078558588896,0.8631553702935167,0.94961524,0.9802029,0.84801626
hotel_112,2023-06-24,2023-06-02,0.75625,0.75625,1.0125,0.845078558588896,0.8632238549014355,0.9604837,0.9726446,0.83964
hotel_112,2023-06-25,2023-06-02,0.7625,0.75625,0.93125,0.845078558588896,0.8632879837294569,0.85745037,0.8394556,0.84374774
hotel_112,2023-06-26,2023-06-02,0.76875,0.75625,0.9375,0.845078558588896,0.8633480338152844,0.8699638,0.8940421,0.91494584
hotel_112,2023-06-27,2023-06-02,0.8625,0.75625,0.7875,0.845078558588896,0.8634042645763813,0.87259716,0.9262309,0.9176488
hotel_112,2023-06-28,2023-06-02,0.89375,0.75625,0.98125,0.845078558588896,0.8634569189306586,0.90434116,0.9099424,0.9096773
hotel_112,2023-06-29,2023-06-02,1.0,0.75625,0.75,0.845078558588896,0.8635062243458844,0.87519383,0.8395867,0.80613726
hotel_112,2023-06-30,2023-06-02,0.96875,0.75625,0.75625,0.845078558588896,0.8635523938223496,0.8833721,0.82229704,0.8029672
hotel_126,2023-02-11,2023-02-10,0.9880478087649402,0.9123505976095617,0.8087649402390438,0.9215670112375666,0.8726413152816126,0.94481367,0.9420264,0.9428999
hotel_126,2023-02-12,2023-02-10,0.7649402390438247,0.9123505976095617,0.7609561752988048,0.9215670112375666,0.8623106097770726,0.73792034,0.7202201,0.73484325
hotel_126,2023-02-13,2023-02-10,0.7250996015936255,0.9123505976095617,0.9561752988047809,0.9215670112375666,0.8671800085210637,0.84983647,0.7344389,0.6994685
hotel_126,2023-02-14,2023-02-10,0.7290836653386454,0.9123505976095617,1.0,0.9215670112375666,0.8671800085210637,0.89772624,0.7649307,0.7296772
hotel_126,2023-02-15,2023-02-10,0.6374501992031872,0.9123505976095617,0.9880478087649402,0.9215670112375666,0.8671800085210637,0.8564337,0.8040699,0.7878445
hotel_126,2023-02-16,2023-02-10,0.9920318725099602,0.9123505976095617,0.9960159362549801,0.9215670112375666,0.8671800085210637,0.89671,0.85779,0.8674791
hotel_126,2023-02-17,2023-02-10,0.9760956175298805,0.9123505976095617,0.9123505976095617,0.9215670112375666,0.8671800085210637,0.8749232,0.911532,0.9419813
hotel_126,2023-02-18,2023-02-10,0.9960159362549801,0.9123505976095617,0.8087649402390438,0.9215670112375666,0.8671800085210637,0.93916845,0.92492515,0.9336422
hotel_126,2023-02-19,2023-02-10,1.0,0.9123505976095617,0.7609561752988048,0.9215670112375666,0.8671800085210637,0.80095816,0.77492726,0.7650341
hotel_126,2023-02-20,2023-02-10,1.0,0.9123505976095617,0.9561752988047809,0.9215670112375666,0.8671800085210637,0.85216534,0.86166537,0.7753111
hotel_126,2023-02-21,2023-02-10,0.9960159362549801,0.9123505976095617,1.0,0.9215670112375666,0.8671800085210637,0.90347034,0.8680187,0.7802452
hotel_126,2023-02-22,2023-02-10,0.9920318725099602,0.9123505976095617,0.9880478087649402,0.9215670112375666,0.8671800085210637,0.87018985,0.8226429,0.7754547
hotel_126,2023-02-23,2023-02-10,0.9920318725099602,0.9123505976095617,0.9960159362549801,0.9215670112375666,0.8671800085210637,0.8880974,0.84947336,0.79494077
hotel_126,2023-02-24,2023-02-10,0.9681274900398407,0.9123505976095617,0.9123505976095617,0.9215670112375666,0.8671800085210637,0.90078956,0.9100949,0.8310344
hotel_126,2023-02-25,2023-02-10,0.9920318725099602,0.9123505976095617,0.8087649402390438,0.9215670112375666,0.8671800085210637,0.9380465,0.96705544,0.889212
hotel_126,2023-02-26,2023-02-10,0.7848605577689243,0.9123505976095617,0.7609561752988048,0.9215670112375666,0.8671800085210637,0.7477973,0.85847986,0.7553896
hotel_126,2023-02-27,2023-02-10,0.701195219123506,0.9123505976095617,0.9561752988047809,0.9215670112375666,0.8671800085210637,0.83685076,0.9054275,0.77180773
hotel_126,2023-02-28,2023-02-10,0.6533864541832669,0.9123505976095617,1.0,0.9215670112375666,0.8671800085210637,0.8921211,0.92641675,0.8039393
hotel_126,2023-03-01,2023-02-10,0.7171314741035857,0.9123505976095617,0.9880478087649402,0.9215670112375666,0.8671800085210637,0.8570749,0.85238665,0.8218108
hotel_126,2023-03-02,2023-02-10,0.9760956175298805,0.9123505976095617,0.9960159362549801,0.9215670112375666,0.8671800085210637,0.824534,0.7894186,0.8620231
hotel_126,2023-03-03,2023-02-10,0.9840637450199203,0.9123505976095617,0.9123505976095617,0.9215670112375666,0.8671800085210637,0.8950974,0.81064713,0.9451605
hotel_126,2023-03-04,2023-02-10,1.00398406374502,0.9123505976095617,0.8087649402390438,0.9215670112375666,0.8671800085210637,0.9350306,0.87235665,0.9455012
hotel_126,2023-03-05,2023-02-10,0.9920318725099602,0.9123505976095617,0.7609561752988048,0.9215670112375666,0.8671800085210637,0.6583728,0.7840526,0.79926133
hotel_126,2023-03-06,2023-02-10,0.9721115537848606,0.9123505976095617,0.9561752988047809,0.9215670112375666,0.8671800085210637,0.76366544,0.83001655,0.8017707
hotel_126,2023-03-07,2023-02-10,0.9960159362549801,0.9123505976095617,1.0,0.9215670112375666,0.8671800085210637,0.7896267,0.856321,0.86792576
hotel_126,2023-03-08,2023-02-10,0.9760956175298805,0.9123505976095617,0.9880478087649402,0.9215670112375666,0.8671800085210637,0.83945626,0.86554533,0.9217221
hotel_126,2023-03-09,2023-02-10,1.0,0.9123505976095617,0.9960159362549801,0.9215670112375666,0.8671800085210637,0.85818225,0.8918256,0.95381546
hotel_126,2023-03-10,2023-02-10,0.9920318725099602,0.9123505976095617,0.9123505976095617,0.9215670112375666,0.8671800085210637,0.8824805,0.9037304,0.97917414
hotel_126,2023-03-11,2023-03-10,0.9960159362549801,0.9920318725099602,1.00398406374502,0.9926230006482943,0.9633903400645463,0.9998475,0.961612,0.9705575
hotel_126,2023-03-12,2023-03-10,0.9920318725099602,0.9920318725099602,0.9920318725099602,0.9926230006482943,0.9455252375259602,0.90519476,0.8428618,0.95132464
hotel_126,2023-03-13,2023-03-10,0.9800796812749004,0.9920318725099602,0.9721115537848606,0.9926230006482943,0.9382465696033779,0.8714849,0.84444505,0.959931
hotel_126,2023-03-14,2023-03-10,1.00398406374502,0.9920318725099602,0.9960159362549801,0.9926230006482943,0.9362926187834897,0.9010271,0.8651094,0.94973904
hotel_126,2023-03-15,2023-03-10,1.00398406374502,0.9920318725099602,0.9760956175298805,0.9926230006482943,0.9361734308229815,0.9350299,0.8752761,0.9373758
hotel_126,2023-03-16,2023-03-10,0.9960159362549801,0.9920318725099602,1.0,0.9926230006482943,0.9364126809454629,0.9622128,0.9285827,0.93407214
hotel_126,2023-03-17,2023-03-10,1.0,0.9920318725099602,0.9920318725099602,0.9926230006482943,0.9365922384126745,0.9857189,0.92645174,0.9138301
hotel_126,2023-03-18,2023-03-10,0.9960159362549801,0.9920318725099602,1.00398406374502,0.9926230006482943,0.9366733319627146,0.9917039,0.93754005,0.9525705
hotel_126,2023-03-19,2023-03-10,0.9960159362549801,0.9920318725099602,0.9920318725099602,0.9926230006482943,0.9366982821756582,0.92607045,0.8714889,0.94603395
hotel_126,2023-03-20,2023-03-10,0.9960159362549801,0.9920318725099602,0.9721115537848606,0.9926230006482943,0.9367017385255971,0.948094,0.8486284,0.9094528
hotel_126,2023-03-21,2023-03-10,0.9601593625498008,0.9920318725099602,0.9960159362549801,0.9926230006482943,0.9366999779704188,0.9487848,0.81552136,0.8715966
hotel_126,2023-03-22,2023-03-10,0.9840637450199203,0.9920318725099602,0.9760956175298805,0.9926230006482943,0.9366982355707698,0.9477482,0.81352556,0.89301306
hotel_126,2023-03-23,2023-03-10,0.9920318725099602,0.9920318725099602,1.0,0.9926230006482943,0.9366973570452042,0.94141865,0.8675418,0.9424725
hotel_126,2023-03-24,2023-03-10,0.9960159362549801,0.9920318725099602,0.9920318725099602,0.9926230006482943,0.936697053632474,0.981117,0.9410841,0.9804454
hotel_126,2023-03-25,2023-03-10,0.9960159362549801,0.9920318725099602,1.00398406374502,0.9926230006482943,0.9366969940286451,0.997965,1.0176845,1.0241734
hotel_126,2023-03-26,2023-03-10,0.9960159362549801,0.9920318725099602,0.9920318725099602,0.9926230006482943,0.9366970036795875,0.89424676,0.93081534,0.9780746
hotel_126,2023-03-27,2023-03-10,0.9880478087649402,0.9920318725099602,0.9721115537848606,0.9926230006482943,0.9366970198687603,0.8893176,0.8713024,0.9707597
hotel_126,2023-03-28,2023-03-10,1.0,0.9920318725099602,0.9960159362549801,0.9926230006482943,0.9366970291264007,0.8858337,0.84318924,0.94228554
hotel_126,2023-03-29,2023-03-10,1.0,0.9920318725099602,0.9760956175298805,0.9926230006482943,0.9366970326782332,0.8970825,0.8531824,0.93103504
hotel_126,2023-03-30,2023-03-10,0.9641434262948207,0.9920318725099602,1.0,0.9926230006482943,0.9366970335435806,0.89966697,0.88833165,0.9754899
hotel_126,2023-03-31,2023-03-10,1.0,0.9920318725099602,0.9920318725099602,0.9926230006482943,0.9366970335427623,0.9411782,0.99401367,1.0402434
hotel_126,2023-04-01,2023-03-10,0.9960159362549801,0.9920318725099602,1.00398406374502,0.9926230006482943,0.936697033400936,0.97909194,1.0080231,1.0626915
hotel_126,2023-04-02,2023-03-10,1.0,0.9920318725099602,0.9920318725099602,0.9926230006482943,0.9366970333061639,0.8714002,0.88916713,0.93223226
hotel_126,2023-04-03,2023-03-10,0.9920318725099602,0.9920318725099602,0.9721115537848606,0.9926230006482943,0.9366970332659005,0.91969466,0.8470241,0.847353
hotel_126,2023-04-04,2023-03-10,1.0,0.9920318725099602,0.9960159362549801,0.9926230006482943,0.9366970332544301,0.91949576,0.782138,0.8093997
hotel_126,2023-04-05,2023-03-10,0.9840637450199203,0.9920318725099602,0.9760956175298805,0.9926230006482943,0.9366970332533281,0.90901965,0.7608511,0.7879943
hotel_126,2023-04-06,2023-03-10,1.0,0.9920318725099602,1.0,0.9926230006482943,0.9366970332544633,0.9225761,0.779027,0.8288217
hotel_126,2023-04-07,2023-03-10,0.9920318725099602,0.9920318725099602,0.9920318725099602,0.9926230006482943,0.9366970332554029,0.93830985,0.8228849,0.8824911
hotel_126,2023-04-08,2023-04-07,1.0,0.9920318725099602,0.9960159362549801,0.9927149914916438,0.9895214229012115,0.99521166,0.9503803,0.99370617
hotel_126,2023-04-09,2023-04-07,0.9960159362549801,0.9920318725099602,1.0,0.9927149914916438,0.989156419900973,0.9535041,0.9266558,0.94020516
hotel_126,2023-04-10,2023-04-07,0.9402390438247012,0.9920318725099602,0.9920318725099602,0.9927149914916438,0.9893254138543206,0.96800804,1.0528831,0.99713236
hotel_126,2023-04-11,2023-04-07,0.9800796812749004,0.9920318725099602,1.0,0.9927149914916438,0.9894980423437002,0.98197633,1.0507042,1.0052806
hotel_126,2023-04-12,2023-04-07,1.00398406374502,0.9920318725099602,0.9840637450199203,0.9927149914916438,0.9895853821359594,0.9862455,1.0230461,0.9844005
hotel_126,2023-04-13,2023-04-07,0.9681274900398407,0.9920318725099602,1.0,0.9927149914916438,0.9896152597107574,0.97585887,0.99847287,0.97474694
hotel_126,2023-04-14,2023-04-07,1.0,0.9920318725099602,0.9920318725099602,0.9927149914916438,0.9896208341800009,0.985807,1.0210019,0.97993416
hotel_126,2023-04-15,2023-04-07,0.9800796812749004,0.9920318725099602,0.9960159362549801,0.9927149914916438,0.9896196433326226,0.9966574,1.0338134,0.9837504
hotel_126,2023-04-16,2023-04-07,0.9641434262948207,0.9920318725099602,1.0,0.9927149914916438,0.9896179337115996,0.9095888,0.935863,0.9861498
hotel_126,2023-04-17,2023-04-07,0.9362549800796812,0.9920318725099602,0.9920318725099602,0.9927149914916438,0.9896169894454417,0.96205443,0.98426783,1.0544844
hotel_126,2023-04-18,2023-04-07,0.9760956175298805,0.9920318725099602,1.0,0.9927149914916438,0.9896166406820068,0.96705216,0.97016436,1.0333831
hotel_126,2023-04-19,2023-04-07,0.9641434262948207,0.9920318725099602,0.9840637450199203,0.9927149914916438,0.9896165632491218,0.9641075,0.97886103,1.0040494
hotel_126,2023-04-20,2023-04-07,0.9760956175298805,0.9920318725099602,1.0,0.9927149914916438,0.9896165689080078,0.9670772,1.0168455,1.0099487
hotel_126,2023-04-21,2023-04-07,0.9880478087649402,0.9920318725099602,0.9920318725099602,0.9927149914916438,0.9896165853997864,0.9811003,1.0657066,0.9992122
hotel_126,2023-04-22,2023-04-07,1.0079681274900398,0.9920318725099602,0.9960159362549801,0.9927149914916438,0.98961659546598,0.9955599,1.0001205,1.0159696
hotel_126,2023-04-23,2023-04-07,0.7808764940239044,0.9920318725099602,1.0,0.9927149914916438,0.9896165994686282,0.8704125,0.95787567,0.9785906
hotel_126,2023-04-24,2023-04-07,0.896414342629482,0.9920318725099602,0.9920318725099602,0.9927149914916438,0.9896166004839179,0.9370909,0.95177454,1.0452418
hotel_126,2023-04-25,2023-04-07,0.9561752988047809,0.9920318725099602,1.0,0.9927149914916438,0.9896166005033928,0.962908,0.9594934,1.0358262
hotel_126,2023-04-26,2023-04-07,0.9681274900398407,0.9920318725099602,0.9840637450199203,0.9927149914916438,0.9896166003496105,0.9717993,0.9741129,1.0332932
hotel_126,2023-04-27,2023-04-07,0.9840637450199203,0.9920318725099602,1.0,0.9927149914916438,0.9896166002438791,0.9564479,0.95112234,1.0162619
hotel_126,2023-04-28,2023-04-07,0.9840637450199203,0.9920318725099602,0.9920318725099602,0.9927149914916438,0.9896166001986435,0.9829614,0.94718456,0.99646086
hotel_126,2023-04-29,2023-04-07,0.9960159362549801,0.9920318725099602,0.9960159362549801,0.9927149914916438,0.9896166001858502,0.995785,0.93333244,0.97039115
hotel_126,2023-04-30,2023-04-07,0.9123505976095617,0.9920318725099602,1.0,0.9927149914916438,0.9896166001847506,0.87054044,0.8683619,0.8927871
hotel_126,2023-05-01,2023-04-07,0.9840637450199203,0.9920318725099602,0.9920318725099602,0.9927149914916438,0.9896166001861189,0.901956,0.9445868,0.9098709
hotel_126,2023-05-02,2023-04-07,0.9960159362549801,0.9920318725099602,1.0,0.9927149914916438,0.9896166001872118,0.94133836,0.97846246,0.94059587
hotel_126,2023-05-03,2023-04-07,1.0,0.9920318725099602,0.9840637450199203,0.9927149914916438,0.9896166001877157,0.9520478,0.93557566,0.92902035
hotel_126,2023-05-04,2023-04-07,0.9840637450199203,0.9920318725099602,1.0,0.9927149914916438,0.9896166001878721,0.9606594,0.9028473,0.91290694
hotel_126,2023-05-05,2023-04-07,0.9960159362549801,0.9920318725099602,0.9920318725099602,0.9927149914916438,0.9896166001878937,0.9689433,0.9249711,0.8989397
hotel_126,2023-05-06,2023-05-05,0.9960159362549801,0.9960159362549801,0.9960159362549801,0.9948278419121593,0.9873851457589111,0.99772096,0.9782276,1.0278531
hotel_126,2023-05-07,2023-05-05,0.9243027888446215,0.9960159362549801,0.9123505976095617,0.9948278419121593,0.9797727356360626,0.8349817,0.7873612,0.8005877
hotel_126,2023-05-08,2023-05-05,1.0,0.9960159362549801,0.9840637450199203,0.9948278419121593,0.9761260075854454,0.9187579,0.8292037,0.75139666
hotel_126,2023-05-09,2023-05-05,1.00398406374502,0.9960159362549801,0.9960159362549801,0.9948278419121593,0.9749354630245756,0.9491956,0.8828948,0.82531834
hotel_126,2023-05-10,2023-05-05,0.9840637450199203,0.9960159362549801,1.0,0.9948278419121593,0.974732618355692,0.9680381,0.9396795,0.88474095
hotel_126,2023-05-11,2023-05-05,0.9123505976095617,0.9960159362549801,0.9840637450199203,0.9948278419121593,0.9747891273330291,0.9730645,1.0401617,0.9389296
hotel_126,2023-05-12,2023-05-05,1.0,0.9960159362549801,0.9960159362549801,0.9948278419121593,0.9748589017920537,0.9889246,1.1210377,1.0227786
hotel_126,2023-05-13,2023-05-05,1.00398406374502,0.9960159362549801,0.9960159362549801,0.9948278419121593,0.9748959430509136,0.99037606,1.052199,0.9704629
hotel_126,2023-05-14,2023-05-05,0.9681274900398407,0.9960159362549801,0.9123505976095617,0.9948278419121593,0.974909243465156,0.8372316,0.8510138,0.82638425
hotel_126,2023-05-15,2023-05-05,0.9800796812749004,0.9960159362549801,0.9840637450199203,0.9948278419121593,0.9749121013805729,0.88443327,0.8284342,0.8670032
hotel_126,2023-05-16,2023-05-05,0.9880478087649402,0.9960159362549801,0.9960159362549801,0.9948278419121593,0.9749118609265703,0.9414344,0.7952687,0.8374287
hotel_126,2023-05-17,2023-05-05,0.9800796812749004,0.9960159362549801,1.0,0.9948278419121593,0.9749112448783313,0.9544726,0.74761593,0.8844351
hotel_126,2023-05-18,2023-05-05,0.9880478087649402,0.9960159362549801,0.9840637450199203,0.9948278419121593,0.974910876482807,0.9576586,0.79211354,0.9055006
hotel_126,2023-05-19,2023-05-05,0.9960159362549801,0.9960159362549801,0.9960159362549801,0.9948278419121593,0.9749107317401208,0.9694394,0.8553815,0.9464374
hotel_126,2023-05-20,2023-05-05,1.0,0.9960159362549801,0.9960159362549801,0.9948278419121593,0.9749106950855896,0.9623778,0.85093486,0.94025844
hotel_126,2023-05-21,2023-05-05,1.0,0.9960159362549801,0.9123505976095617,0.9948278419121593,0.9749106940348508,0.83361983,0.68416256,0.79648745
hotel_126,2023-05-22,2023-05-05,1.0,0.9960159362549801,0.9840637450199203,0.9948278419121593,0.9749106992053009,0.8799562,0.7043824,0.8217589
hotel_126,2023-05-23,2023-05-05,0.9920318725099602,0.9960159362549801,0.9960159362549801,0.9948278419121593,0.9749107027882087,0.90533817,0.73214227,0.8643474
hotel_126,2023-05-24,2023-05-05,0.9920318725099602,0.9960159362549801,1.0,0.9948278419121593,0.9749107043272958,0.9372324,0.7251222,0.9067515
hotel_126,2023-05-25,2023-05-05,0.9561752988047809,0.9960159362549801,0.9840637450199203,0.9948278419121593,0.9749107047705443,0.95712507,0.8572007,0.93464154
hotel_126,2023-05-26,2023-05-05,0.9800796812749004,0.9960159362549801,0.9960159362549801,0.9948278419121593,0.9749107048170451,0.9656106,0.9658661,1.0341939
hotel_126,2023-05-27,2023-05-05,1.0079681274900398,0.9960159362549801,0.9960159362549801,0.9948278419121593,0.9749107047768405,0.9509187,0.9416187,1.0040219
hotel_126,2023-05-28,2023-05-05,0.9880478087649402,0.9960159362549801,0.9123505976095617,0.9948278419121593,0.9749107047428478,0.88556314,0.7301017,0.88776094
hotel_126,2023-05-29,2023-05-05,0.9641434262948207,0.9960159362549801,0.9840637450199203,0.9948278419121593,0.9749107047268298,0.81578654,0.75024724,0.88256735
hotel_126,2023-05-30,2023-05-05,0.9641434262948207,0.9960159362549801,0.9960159362549801,0.9948278419121593,0.9749107047216894,0.8823504,0.80555505,0.957219
hotel_126,2023-05-31,2023-05-05,1.00398406374502,0.9960159362549801,1.0,0.9948278419121593,0.9749107047208572,0.92787135,0.86661786,0.9997663
hotel_126,2023-06-01,2023-05-05,0.8047808764940239,0.9960159362549801,0.9840637450199203,0.9948278419121593,0.97491070472113,0.9288205,0.9299509,1.0135943
hotel_126,2023-06-02,2023-05-05,1.00398406374502,0.9960159362549801,0.9960159362549801,0.9948278419121593,0.9749107047214433,0.95705277,0.9795206,1.0422653
hotel_126,2023-06-03,2023-06-02,0.9482071713147411,1.00398406374502,1.0079681274900398,0.9801622052007244,1.0219368723917044,0.984369,0.99817204,1.0330106
hotel_126,2023-06-04,2023-06-02,0.9880478087649402,1.00398406374502,0.9880478087649402,0.9801622052007244,1.00317076026587,0.93471277,0.90304524,0.8836457
hotel_126,2023-06-05,2023-06-02,1.0159362549800797,1.00398406374502,0.9641434262948207,0.9801622052007244,0.9882289179760674,0.949482,0.9880185,0.8884345
hotel_126,2023-06-06,2023-06-02,1.0159362549800797,1.00398406374502,0.9641434262948207,0.9801622052007244,0.9813833110011696,0.97026676,1.0021064,0.89273643
hotel_126,2023-06-07,2023-06-02,1.0079681274900398,1.00398406374502,1.00398406374502,0.9801622052007244,0.9792163174418087,0.98146886,0.9888938,0.92889553
hotel_126,2023-06-08,2023-06-02,0.9960159362549801,1.00398406374502,0.8047808764940239,0.9801622052007244,0.9788536128540792,0.954385,0.99583286,0.96219695
hotel_126,2023-06-09,2023-06-02,0.9920318725099602,1.00398406374502,1.00398406374502,0.9801622052007244,0.9789489332619105,0.9833611,1.0120304,0.9797964
hotel_126,2023-06-10,2023-06-02,1.0,1.00398406374502,1.0079681274900398,0.9801622052007244,0.9790663135347166,1.0081351,1.026095,1.0129358
hotel_126,2023-06-11,2023-06-02,1.0,1.00398406374502,0.9880478087649402,0.9801622052007244,0.979128052079674,0.9057892,0.9386511,0.94134235
hotel_126,2023-06-12,2023-06-02,0.9920318725099602,1.00398406374502,0.9641434262948207,0.9801622052007244,0.9791502504262788,0.98604655,0.9602013,0.9647971
hotel_126,2023-06-13,2023-06-02,1.00398406374502,1.00398406374502,0.9641434262948207,0.9801622052007244,0.979155247334287,1.003263,0.97501487,1.0182174
hotel_126,2023-06-14,2023-06-02,1.0,1.00398406374502,1.00398406374502,0.9801622052007244,0.9791551038673912,0.98791987,0.989872,1.025399
hotel_126,2023-06-15,2023-06-02,1.00398406374502,1.00398406374502,0.8047808764940239,0.9801622052007244,0.9791542471296428,0.97415406,0.99698544,0.99644977
hotel_126,2023-06-16,2023-06-02,1.0079681274900398,1.00398406374502,1.00398406374502,0.9801622052007244,0.9791537121311852,0.9673425,1.0339547,1.0197039
hotel_126,2023-06-17,2023-06-02,1.00398406374502,1.00398406374502,1.0079681274900398,0.9801622052007244,0.9791534952586706,0.9802298,1.0151749,1.0400038
hotel_126,2023-06-18,2023-06-02,1.00398406374502,1.00398406374502,0.9880478087649402,0.9801622052007244,0.9791534360240325,0.9078803,0.9233193,0.9331402
hotel_126,2023-06-19,2023-06-02,0.9960159362549801,1.00398406374502,0.9641434262948207,0.9801622052007244,0.979153430654762,0.9699561,0.954405,0.96798
hotel_126,2023-06-20,2023-06-02,0.9960159362549801,1.00398406374502,0.9641434262948207,0.9801622052007244,0.9791534362149522,0.98454976,0.9491452,1.0119076
hotel_126,2023-06-21,2023-06-02,1.00398406374502,1.00398406374502,1.00398406374502,0.9801622052007244,0.9791534406497013,0.9904771,0.95729345,0.98185974
hotel_126,2023-06-22,2023-06-02,0.9880478087649402,1.00398406374502,0.8047808764940239,0.9801622052007244,0.9791534426829498,0.97799635,0.95892787,0.95504236
hotel_126,2023-06-23,2023-06-02,1.00398406374502,1.00398406374502,1.00398406374502,0.9801622052007244,0.979153443327069,0.97934127,0.9501006,0.9932213
hotel_126,2023-06-24,2023-06-02,1.00398406374502,1.00398406374502,1.0079681274900398,0.9801622052007244,0.9791534434351159,1.0004727,0.9363653,1.0124344
hotel_126,2023-06-25,2023-06-02,1.00398406374502,1.00398406374502,0.9880478087649402,0.9801622052007244,0.9791534434069363,0.9090665,0.77838343,0.9036481
hotel_126,2023-06-26,2023-06-02,1.00398406374502,1.00398406374502,0.9641434262948207,0.9801622052007244,0.9791534433721099,0.94539976,0.8229131,0.9800154
hotel_126,2023-06-27,2023-06-02,0.9840637450199203,1.00398406374502,0.9641434262948207,0.9801622052007244,0.9791534433537766,0.9517659,0.8510161,1.0170194
hotel_126,2023-06-28,2023-06-02,1.00398406374502,1.00398406374502,1.00398406374502,0.9801622052007244,0.9791534433471804,0.96138847,0.908559,1.028645
hotel_126,2023-06-29,2023-06-02,1.00398406374502,1.00398406374502,0.8047808764940239,0.9801622052007244,0.9791534433456935,0.95023775,0.9071606,0.9908884
hotel_126,2023-06-30,2023-06-02,0.9880478087649402,1.00398406374502,1.00398406374502,0.9801622052007244,0.979153443345735,0.97815776,0.9531602,0.9957551
hotel_133,2023-02-11,2023-02-10,0.7540983606557377,0.6065573770491803,0.639344262295082,0.6687466334469224,0.6416794840692327,0.6902446,0.68940055,0.6780927
hotel_133,2023-02-12,2023-02-10,0.5573770491803278,0.6065573770491803,0.5901639344262295,0.6687466334469224,0.6710761526608452,0.5690863,0.6245148,0.5882221
hotel_133,2023-02-13,2023-02-10,0.5737704918032787,0.6065573770491803,0.7049180327868853,0.6687466334469224,0.6877058229591195,0.68021727,0.64369684,0.59918666
hotel_133,2023-02-14,2023-02-10,0.7213114754098361,0.6065573770491803,0.7540983606557377,0.6687466334469224,0.6877058229591195,0.706898,0.65255904,0.6876186
hotel_133,2023-02-15,2023-02-10,0.7049180327868853,0.6065573770491803,0.7704918032786885,0.6687466334469224,0.6877058229591195,0.7330269,0.6423768,0.70503384
hotel_133,2023-02-16,2023-02-10,0.6885245901639344,0.6065573770491803,0.7213114754098361,0.6687466334469224,0.6877058229591195,0.80238754,0.6104416,0.6727765
hotel_133,2023-02-17,2023-02-10,0.9836065573770492,0.6065573770491803,0.6065573770491803,0.6687466334469224,0.6877058229591195,0.7903116,0.69063103,0.6488806
hotel_133,2023-02-18,2023-02-10,0.9836065573770492,0.6065573770491803,0.639344262295082,0.6687466334469224,0.6877058229591195,0.86083156,0.72370034,0.679597
hotel_133,2023-02-19,2023-02-10,0.9672131147540983,0.6065573770491803,0.5901639344262295,0.6687466334469224,0.6877058229591195,0.6912279,0.68992746,0.64841926
hotel_133,2023-02-20,2023-02-10,0.4426229508196721,0.6065573770491803,0.7049180327868853,0.6687466334469224,0.6877058229591195,0.78915817,0.73082197,0.7274977
hotel_133,2023-02-21,2023-02-10,0.36065573770491804,0.6065573770491803,0.7540983606557377,0.6687466334469224,0.6877058229591195,0.86333007,0.7785438,0.7758908
hotel_133,2023-02-22,2023-02-10,0.39344262295081966,0.6065573770491803,0.7704918032786885,0.6687466334469224,0.6877058229591195,0.8891706,0.8418977,0.7614891
hotel_133,2023-02-23,2023-02-10,0.5737704918032787,0.6065573770491803,0.7213114754098361,0.6687466334469224,0.6877058229591195,0.8973544,0.7967267,0.74915767
hotel_133,2023-02-24,2023-02-10,0.7377049180327869,0.6065573770491803,0.6065573770491803,0.6687466334469224,0.6877058229591195,0.8365909,0.756647,0.65249383
hotel_133,2023-02-25,2023-02-10,0.7704918032786885,0.6065573770491803,0.639344262295082,0.6687466334469224,0.6877058229591195,0.9284863,0.719429,0.6840245
hotel_133,2023-02-26,2023-02-10,0.5245901639344263,0.6065573770491803,0.5901639344262295,0.6687466334469224,0.6877058229591195,0.58840084,0.60378826,0.59216285
hotel_133,2023-02-27,2023-02-10,0.8360655737704918,0.6065573770491803,0.7049180327868853,0.6687466334469224,0.6877058229591195,0.7399076,0.5868776,0.6001375
hotel_133,2023-02-28,2023-02-10,0.6721311475409836,0.6065573770491803,0.7540983606557377,0.6687466334469224,0.6877058229591195,0.7855308,0.64381486,0.6951534
hotel_133,2023-03-01,2023-02-10,0.6557377049180327,0.6065573770491803,0.7704918032786885,0.6687466334469224,0.6877058229591195,0.83065945,0.7141346,0.74159896
hotel_133,2023-03-02,2023-02-10,0.6557377049180327,0.6065573770491803,0.7213114754098361,0.6687466334469224,0.6877058229591195,0.8608291,0.6498762,0.73054403
hotel_133,2023-03-03,2023-02-10,0.819672131147541,0.6065573770491803,0.6065573770491803,0.6687466334469224,0.6877058229591195,0.86975306,0.7035316,0.67449
hotel_133,2023-03-04,2023-02-10,0.9344262295081968,0.6065573770491803,0.639344262295082,0.6687466334469224,0.6877058229591195,0.90817755,0.7539481,0.68942654
hotel_133,2023-03-05,2023-02-10,0.819672131147541,0.6065573770491803,0.5901639344262295,0.6687466334469224,0.6877058229591195,0.6879605,0.6414823,0.5556598
hotel_133,2023-03-06,2023-02-10,0.819672131147541,0.6065573770491803,0.7049180327868853,0.6687466334469224,0.6877058229591195,0.7573365,0.6525242,0.5422821
hotel_133,2023-03-07,2023-02-10,0.8032786885245902,0.6065573770491803,0.7540983606557377,0.6687466334469224,0.6877058229591195,0.8092815,0.65123487,0.63364094
hotel_133,2023-03-08,2023-02-10,0.8360655737704918,0.6065573770491803,0.7704918032786885,0.6687466334469224,0.6877058229591195,0.8611964,0.5820626,0.64173174
hotel_133,2023-03-09,2023-02-10,0.819672131147541,0.6065573770491803,0.7213114754098361,0.6687466334469224,0.6877058229591195,0.8619456,0.5447643,0.657268
hotel_133,2023-03-10,2023-02-10,0.8688524590163934,0.6065573770491803,0.6065573770491803,0.6687466334469224,0.6877058229591195,0.92470086,0.609039,0.5979576
hotel_133,2023-03-11,2023-03-10,1.0,0.8688524590163934,0.9344262295081968,0.8475197855748585,0.8022955446606181,0.918517,0.8382971,0.83283526
hotel_133,2023-03-12,2023-03-10,0.8360655737704918,0.8688524590163934,0.819672131147541,0.8475197855748585,0.7661583750610642,0.67857987,0.64963454,0.7551739
hotel_133,2023-03-13,2023-03-10,0.9836065573770492,0.8688524590163934,0.819672131147541,0.8475197855748585,0.7480737099397005,0.67238206,0.7271888,0.8864187
hotel_133,2023-03-14,2023-03-10,0.9672131147540983,0.8688524590163934,0.8032786885245902,0.8475197855748585,0.7480737099397005,0.70148134,0.82472396,0.93190753
hotel_133,2023-03-15,2023-03-10,0.9344262295081968,0.8688524590163934,0.8360655737704918,0.8475197855748585,0.7480737099397005,0.7154689,0.78923744,0.9167228
hotel_133,2023-03-16,2023-03-10,1.0,0.8688524590163934,0.819672131147541,0.8475197855748585,0.7480737099397005,0.7306777,0.81966215,0.8392612
hotel_133,2023-03-17,2023-03-10,0.9672131147540983,0.8688524590163934,0.8688524590163934,0.8475197855748585,0.7480737099397005,0.8120589,0.8570374,0.86138916
hotel_133,2023-03-18,2023-03-10,0.9344262295081968,0.8688524590163934,0.9344262295081968,0.8475197855748585,0.7480737099397005,0.91638553,0.9458493,0.8429381
hotel_133,2023-03-19,2023-03-10,0.8032786885245902,0.8688524590163934,0.819672131147541,0.8475197855748585,0.7480737099397005,0.7609523,0.78734714,0.803225
hotel_133,2023-03-20,2023-03-10,0.7704918032786885,0.8688524590163934,0.819672131147541,0.8475197855748585,0.7480737099397005,0.7426595,0.8111736,0.8929148
hotel_133,2023-03-21,2023-03-10,0.819672131147541,0.8688524590163934,0.8032786885245902,0.8475197855748585,0.7480737099397005,0.78040165,0.8250775,0.8106725
hotel_133,2023-03-22,2023-03-10,0.8852459016393442,0.8688524590163934,0.8360655737704918,0.8475197855748585,0.7480737099397005,0.7927142,0.7489477,0.72523963
hotel_133,2023-03-23,2023-03-10,0.9508196721311475,0.8688524590163934,0.819672131147541,0.8475197855748585,0.7480737099397005,0.80133474,0.80296296,0.6970562
hotel_133,2023-03-24,2023-03-10,0.9672131147540983,0.8688524590163934,0.8688524590163934,0.8475197855748585,0.7480737099397005,0.8481331,0.83079,0.71148944
hotel_133,2023-03-25,2023-03-10,0.9836065573770492,0.8688524590163934,0.9344262295081968,0.8475197855748585,0.7480737099397005,0.8924493,0.7854545,0.7537454
hotel_133,2023-03-26,2023-03-10,0.8032786885245902,0.8688524590163934,0.819672131147541,0.8475197855748585,0.7480737099397005,0.5792757,0.5731623,0.7371043
hotel_133,2023-03-27,2023-03-10,0.819672131147541,0.8688524590163934,0.819672131147541,0.8475197855748585,0.7480737099397005,0.72858447,0.5776863,0.6860377
hotel_133,2023-03-28,2023-03-10,0.9672131147540983,0.8688524590163934,0.8032786885245902,0.8475197855748585,0.7480737099397005,0.73361456,0.6102974,0.5691099
hotel_133,2023-03-29,2023-03-10,0.9508196721311475,0.8688524590163934,0.8360655737704918,0.8475197855748585,0.7480737099397005,0.7431967,0.58402437,0.5833169
hotel_133,2023-03-30,2023-03-10,0.9836065573770492,0.8688524590163934,0.819672131147541,0.8475197855748585,0.7480737099397005,0.7454314,0.569838,0.58330905
hotel_133,2023-03-31,2023-03-10,0.9672131147540983,0.8688524590163934,0.8688524590163934,0.8475197855748585,0.7480737099397005,0.8039534,0.62560207,0.6604544
hotel_133,2023-04-01,2023-03-10,1.0,0.8688524590163934,0.9344262295081968,0.8475197855748585,0.7480737099397005,0.8518197,0.6530642,0.61393094
hotel_133,2023-04-02,2023-03-10,0.9180327868852459,0.8688524590163934,0.819672131147541,0.8475197855748585,0.7480737099397005,0.6402623,0.55482805,0.51717305
hotel_133,2023-04-03,2023-03-10,1.0,0.8688524590163934,0.819672131147541,0.8475197855748585,0.7480737099397005,0.7209922,0.662828,0.5335672
hotel_133,2023-04-04,2023-03-10,1.0,0.8688524590163934,0.8032786885245902,0.8475197855748585,0.7480737099397005,0.80189836,0.61264765,0.5110165
hotel_133,2023-04-05,2023-03-10,1.0163934426229508,0.8688524590163934,0.8360655737704918,0.8475197855748585,0.7480737099397005,0.8112793,0.50429344,0.49537864
hotel_133,2023-04-06,2023-03-10,0.9836065573770492,0.8688524590163934,0.819672131147541,0.8475197855748585,0.7480737099397005,0.8076227,0.48265946,0.53448594
hotel_133,2023-04-07,2023-03-10,1.0,0.8688524590163934,0.8688524590163934,0.8475197855748585,0.7480737099397005,0.879329,0.58144915,0.63346404
hotel_133,2023-04-08,2023-04-07,0.9508196721311475,1.0,1.0,0.9967392836248662,0.9643142170104437,1.0003284,0.95275235,0.92499715
hotel_133,2023-04-09,2023-04-07,0.8360655737704918,1.0,0.9180327868852459,0.9967392836248662,0.94701754773819,0.88682735,0.7927253,0.69365716
hotel_133,2023-04-10,2023-04-07,0.8852459016393442,1.0,1.0,0.9967392836248662,0.9383477830008574,0.96159506,0.9186965,0.74105287
hotel_133,2023-04-11,2023-04-07,1.0,1.0,1.0,0.9967392836248662,0.9383477830008574,0.9714871,1.0593934,0.81817293
hotel_133,2023-04-12,2023-04-07,1.0,1.0,1.0163934426229508,0.9967392836248662,0.9383477830008574,0.96084744,0.9835343,0.8343028
hotel_133,2023-04-13,2023-04-07,1.0,1.0,0.9836065573770492,0.9967392836248662,0.9383477830008574,0.9767935,0.9235306,0.8959132
hotel_133,2023-04-14,2023-04-07,1.0,1.0,1.0,0.9967392836248662,0.9383477830008574,0.9734439,0.87273645,0.9060685
hotel_133,2023-04-15,2023-04-07,1.0,1.0,1.0,0.9967392836248662,0.9383477830008574,0.9753617,0.7925974,0.9322613
hotel_133,2023-04-16,2023-04-07,0.7704918032786885,1.0,0.9180327868852459,0.9967392836248662,0.9383477830008574,0.8726912,0.60349524,0.7546543
hotel_133,2023-04-17,2023-04-07,0.7213114754098361,1.0,1.0,0.9967392836248662,0.9383477830008574,0.91592586,0.7002078,0.71419644
hotel_133,2023-04-18,2023-04-07,0.8032786885245902,1.0,1.0,0.9967392836248662,0.9383477830008574,0.92868954,0.78577137,0.5907899
hotel_133,2023-04-19,2023-04-07,0.8360655737704918,1.0,1.0163934426229508,0.9967392836248662,0.9383477830008574,0.93131626,0.6998648,0.45923895
hotel_133,2023-04-20,2023-04-07,1.0,1.0,0.9836065573770492,0.9967392836248662,0.9383477830008574,0.94931614,0.79325396,0.632285
hotel_133,2023-04-21,2023-04-07,0.9672131147540983,1.0,1.0,0.9967392836248662,0.9383477830008574,0.9680284,0.8523817,0.7251747
hotel_133,2023-04-22,2023-04-07,0.9344262295081968,1.0,1.0,0.9967392836248662,0.9383477830008574,0.9739455,0.92464703,0.73849607
hotel_133,2023-04-23,2023-04-07,0.6721311475409836,1.0,0.9180327868852459,0.9967392836248662,0.9383477830008574,0.8954629,0.9053488,0.7817084
hotel_133,2023-04-24,2023-04-07,0.7377049180327869,1.0,1.0,0.9967392836248662,0.9383477830008574,0.91491085,1.0494726,0.7567987
hotel_133,2023-04-25,2023-04-07,0.8360655737704918,1.0,1.0,0.9967392836248662,0.9383477830008574,0.916025,0.97929394,0.65809035
hotel_133,2023-04-26,2023-04-07,1.0,1.0,1.0163934426229508,0.9967392836248662,0.9383477830008574,0.895323,0.73701745,0.66115683
hotel_133,2023-04-27,2023-04-07,0.8360655737704918,1.0,0.9836065573770492,0.9967392836248662,0.9383477830008574,0.9205086,0.8828658,0.7696174
hotel_133,2023-04-28,2023-04-07,1.0,1.0,1.0,0.9967392836248662,0.9383477830008574,0.95940554,1.0201032,0.734819
hotel_133,2023-04-29,2023-04-07,1.0,1.0,1.0,0.9967392836248662,0.9383477830008574,0.9768741,0.9305338,0.7158143
hotel_133,2023-04-30,2023-04-07,0.6557377049180327,1.0,0.9180327868852459,0.9967392836248662,0.9383477830008574,0.83294624,0.67171264,0.59242415
hotel_133,2023-05-01,2023-04-07,0.639344262295082,1.0,1.0,0.9967392836248662,0.9383477830008574,0.893581,0.7675697,0.59316593
hotel_133,2023-05-02,2023-04-07,0.7704918032786885,1.0,1.0,0.9967392836248662,0.9383477830008574,0.93608546,0.7187463,0.60006624
hotel_133,2023-05-03,2023-04-07,0.8032786885245902,1.0,1.0163934426229508,0.9967392836248662,0.9383477830008574,0.92358285,0.580824,0.656457
hotel_133,2023-05-04,2023-04-07,1.0,1.0,0.9836065573770492,0.9967392836248662,0.9383477830008574,0.91305465,0.67565763,0.73866963
hotel_133,2023-05-05,2023-04-07,1.0,1.0,1.0,0.9967392836248662,0.9383477830008574,0.94454145,0.71566916,0.7098258
hotel_133,2023-05-06,2023-05-05,0.9016393442622951,1.0,1.0,0.9566329204565822,0.937244556613738,0.9657072,0.97240984,0.93418145
hotel_133,2023-05-07,2023-05-05,0.7540983606557377,1.0,0.6557377049180327,0.9566329204565822,0.891409448470802,0.7046232,0.6363891,0.6252947
hotel_133,2023-05-08,2023-05-05,0.7704918032786885,1.0,0.639344262295082,0.9566329204565822,0.8813654335328436,0.7508916,0.62145066,0.6482361
hotel_133,2023-05-09,2023-05-05,0.8524590163934426,1.0,0.7704918032786885,0.9566329204565822,0.8813654335328436,0.7980566,0.6621889,0.72128314
hotel_133,2023-05-10,2023-05-05,0.8524590163934426,1.0,0.8032786885245902,0.9566329204565822,0.8813654335328436,0.87843627,0.63407874,0.67440933
hotel_133,2023-05-11,2023-05-05,0.8688524590163934,1.0,1.0,0.9566329204565822,0.8813654335328436,0.9239757,0.55289173,0.6050778
hotel_133,2023-05-12,2023-05-05,0.9836065573770492,1.0,1.0,0.9566329204565822,0.8813654335328436,0.98596025,0.7227157,0.8516623
hotel_133,2023-05-13,2023-05-05,1.0,1.0,1.0,0.9566329204565822,0.8813654335328436,0.9740684,0.78788114,0.9840408
hotel_133,2023-05-14,2023-05-05,0.7540983606557377,1.0,0.6557377049180327,0.9566329204565822,0.8813654335328436,0.80094016,0.42121047,0.5519732
hotel_133,2023-05-15,2023-05-05,0.7049180327868853,1.0,0.639344262295082,0.9566329204565822,0.8813654335328436,0.7970014,0.4190538,0.4616922
hotel_133,2023-05-16,2023-05-05,0.7704918032786885,1.0,0.7704918032786885,0.9566329204565822,0.8813654335328436,0.825586,0.4031415,0.4874307
hotel_133,2023-05-17,2023-05-05,0.8688524590163934,1.0,0.8032786885245902,0.9566329204565822,0.8813654335328436,0.83759326,0.4957202,0.5754715
hotel_133,2023-05-18,2023-05-05,0.9344262295081968,1.0,1.0,0.9566329204565822,0.8813654335328436,0.8874956,0.59672654,0.60384274
hotel_133,2023-05-19,2023-05-05,0.9672131147540983,1.0,1.0,0.9566329204565822,0.8813654335328436,0.95319873,0.76593083,0.76923406
hotel_133,2023-05-20,2023-05-05,0.9016393442622951,1.0,1.0,0.9566329204565822,0.8813654335328436,0.9548771,0.7349062,0.8494614
hotel_133,2023-05-21,2023-05-05,0.8360655737704918,1.0,0.6557377049180327,0.9566329204565822,0.8813654335328436,0.73487383,0.5628482,0.7199416
hotel_133,2023-05-22,2023-05-05,0.9016393442622951,1.0,0.639344262295082,0.9566329204565822,0.8813654335328436,0.75734776,0.55176926,0.78766555
hotel_133,2023-05-23,2023-05-05,0.9016393442622951,1.0,0.7704918032786885,0.9566329204565822,0.8813654335328436,0.76582944,0.5973886,0.8375705
hotel_133,2023-05-24,2023-05-05,1.0,1.0,0.8032786885245902,0.9566329204565822,0.8813654335328436,0.7828253,0.7524133,0.74239445
hotel_133,2023-05-25,2023-05-05,0.9672131147540983,1.0,1.0,0.9566329204565822,0.8813654335328436,0.81017774,0.71114343,0.71199226
hotel_133,2023-05-26,2023-05-05,0.9836065573770492,1.0,1.0,0.9566329204565822,0.8813654335328436,0.971557,0.85883194,0.9320477
hotel_133,2023-05-27,2023-05-05,1.0,1.0,1.0,0.9566329204565822,0.8813654335328436,0.9928546,0.9351554,0.98357266
hotel_133,2023-05-28,2023-05-05,0.9016393442622951,1.0,0.6557377049180327,0.9566329204565822,0.8813654335328436,0.84608006,0.7826753,0.80767703
hotel_133,2023-05-29,2023-05-05,0.8524590163934426,1.0,0.639344262295082,0.9566329204565822,0.8813654335328436,0.7158606,0.6917168,0.72421116
hotel_133,2023-05-30,2023-05-05,0.8688524590163934,1.0,0.7704918032786885,0.9566329204565822,0.8813654335328436,0.7474899,0.5563359,0.6827152
hotel_133,2023-05-31,2023-05-05,1.0,1.0,0.8032786885245902,0.9566329204565822,0.8813654335328436,0.79055065,0.5501502,0.7244376
hotel_133,2023-06-01,2023-05-05,1.0,1.0,1.0,0.9566329204565822,0.8813654335328436,0.78998804,0.52703625,0.7183519
hotel_133,2023-06-02,2023-05-05,0.9836065573770492,1.0,1.0,0.9566329204565822,0.8813654335328436,0.9304477,0.59248775,0.80400014
hotel_133,2023-06-03,2023-06-02,1.0163934426229508,0.9836065573770492,1.0,0.9804895498205373,0.9406426422324454,0.95597804,0.98030376,0.87422556
hotel_133,2023-06-04,2023-06-02,0.9180327868852459,0.9836065573770492,0.9016393442622951,0.9804895498205373,0.9249872174957171,0.82964873,0.83062184,0.695954
hotel_133,2023-06-05,2023-06-02,0.9508196721311475,0.9836065573770492,0.8524590163934426,0.9804895498205373,0.9194654290432035,0.8898415,0.8656819,0.74256295
hotel_133,2023-06-06,2023-06-02,0.9672131147540983,0.9836065573770492,0.8688524590163934,0.9804895498205373,0.9194654290432035,0.90262955,0.9337336,0.82773274
hotel_133,2023-06-07,2023-06-02,0.8852459016393442,0.9836065573770492,1.0,0.9804895498205373,0.9194654290432035,0.9576001,0.9877844,0.8799257
hotel_133,2023-06-08,2023-06-02,0.9508196721311475,0.9836065573770492,1.0,0.9804895498205373,0.9194654290432035,0.95080817,0.9194703,0.862213
hotel_133,2023-06-09,2023-06-02,0.9836065573770492,0.9836065573770492,0.9836065573770492,0.9804895498205373,0.9194654290432035,0.97131556,0.97277766,0.87867934
hotel_133,2023-06-10,2023-06-02,1.0,0.9836065573770492,1.0,0.9804895498205373,0.9194654290432035,0.97535634,0.9610437,0.9176528
hotel_133,2023-06-11,2023-06-02,0.8032786885245902,0.9836065573770492,0.9016393442622951,0.9804895498205373,0.9194654290432035,0.8873052,0.76152563,0.6519145
hotel_133,2023-06-12,2023-06-02,0.9344262295081968,0.9836065573770492,0.8524590163934426,0.9804895498205373,0.9194654290432035,0.93402547,0.71991146,0.6490411
hotel_133,2023-06-13,2023-06-02,0.9836065573770492,0.9836065573770492,0.8688524590163934,0.9804895498205373,0.9194654290432035,0.98345923,0.77808285,0.7474554
hotel_133,2023-06-14,2023-06-02,1.0,0.9836065573770492,1.0,0.9804895498205373,0.9194654290432035,0.9819475,0.81792593,0.68323594
hotel_133,2023-06-15,2023-06-02,1.0,0.9836065573770492,1.0,0.9804895498205373,0.9194654290432035,0.9656603,0.78251004,0.6875125
hotel_133,2023-06-16,2023-06-02,1.0,0.9836065573770492,0.9836065573770492,0.9804895498205373,0.9194654290432035,0.9783743,0.8738461,0.73885065
hotel_133,2023-06-17,2023-06-02,1.0,0.9836065573770492,1.0,0.9804895498205373,0.9194654290432035,0.9738627,0.93702555,0.7950455
hotel_133,2023-06-18,2023-06-02,0.9836065573770492,0.9836065573770492,0.9016393442622951,0.9804895498205373,0.9194654290432035,0.8961107,0.7578039,0.57201284
hotel_133,2023-06-19,2023-06-02,0.9672131147540983,0.9836065573770492,0.8524590163934426,0.9804895498205373,0.9194654290432035,0.94565433,0.68862695,0.6609174
hotel_133,2023-06-20,2023-06-02,0.9344262295081968,0.9836065573770492,0.8688524590163934,0.9804895498205373,0.9194654290432035,0.96649456,0.7190345,0.7002986
hotel_133,2023-06-21,2023-06-02,0.8524590163934426,0.9836065573770492,1.0,0.9804895498205373,0.9194654290432035,0.97677094,0.68091536,0.65769315
hotel_133,2023-06-22,2023-06-02,0.819672131147541,0.9836065573770492,1.0,0.9804895498205373,0.9194654290432035,0.9592958,0.6484016,0.6810649
hotel_133,2023-06-23,2023-06-02,0.9344262295081968,0.9836065573770492,0.9836065573770492,0.9804895498205373,0.9194654290432035,0.9788457,0.78085536,0.7873539
hotel_133,2023-06-24,2023-06-02,1.0163934426229508,0.9836065573770492,1.0,0.9804895498205373,0.9194654290432035,0.9974717,0.78203046,0.8273877
hotel_133,2023-06-25,2023-06-02,0.8852459016393442,0.9836065573770492,0.9016393442622951,0.9804895498205373,0.9194654290432035,0.9242513,0.64713025,0.5348613
hotel_133,2023-06-26,2023-06-02,0.9836065573770492,0.9836065573770492,0.8524590163934426,0.9804895498205373,0.9194654290432035,0.95348346,0.7201159,0.5926362
hotel_133,2023-06-27,2023-06-02,0.9836065573770492,0.9836065573770492,0.8688524590163934,0.9804895498205373,0.9194654290432035,0.93404835,0.8158722,0.62019837
hotel_133,2023-06-28,2023-06-02,0.9508196721311475,0.9836065573770492,1.0,0.9804895498205373,0.9194654290432035,0.9698646,0.83896536,0.60457814
hotel_133,2023-06-29,2023-06-02,0.9180327868852459,0.9836065573770492,1.0,0.9804895498205373,0.9194654290432035,0.96033484,0.76570904,0.61234033
hotel_133,2023-06-30,2023-06-02,0.9672131147540983,0.9836065573770492,0.9836065573770492,0.9804895498205373,0.9194654290432035,0.97368175,0.80490464,0.74959266
hotel_14,2023-02-11,2023-02-10,0.7830188679245284,0.7547169811320755,0.8584905660377359,0.7678094149036668,0.7311346518268415,0.8935774,0.8526921,0.8366914
hotel_14,2023-02-12,2023-02-10,0.4716981132075472,0.7547169811320755,0.4528301886792453,0.7678094149036668,0.7613902795361901,0.5656787,0.55149055,0.5206709
hotel_14,2023-02-13,2023-02-10,0.660377358490566,0.7547169811320755,0.6886792452830188,0.7678094149036668,0.7470699722699398,0.75878525,0.69431806,0.7830466
hotel_14,2023-02-14,2023-02-10,0.8301886792452831,0.7547169811320755,0.7830188679245284,0.7678094149036668,0.7584588068969099,0.81149054,0.7364193,0.7964931
hotel_14,2023-02-15,2023-02-10,0.9245283018867925,0.7547169811320755,0.7641509433962265,0.7678094149036668,0.7471210160632166,0.8634965,0.77667767,0.75834876
hotel_14,2023-02-16,2023-02-10,0.9433962264150944,0.7547169811320755,0.8962264150943396,0.7678094149036668,0.7559758035400745,0.937559,0.7846311,0.69934213
hotel_14,2023-02-17,2023-02-10,0.9716981132075472,0.7547169811320755,0.7547169811320755,0.7678094149036668,0.7469878356859764,0.90376204,0.7993495,0.6593361
hotel_14,2023-02-18,2023-02-10,0.9433962264150944,0.7547169811320755,0.8584905660377359,0.7678094149036668,0.7538601220646837,0.9237229,0.8219831,0.7330865
hotel_14,2023-02-19,2023-02-10,0.8962264150943396,0.7547169811320755,0.4528301886792453,0.7678094149036668,0.7467244938039669,0.6908064,0.6287835,0.44246435
hotel_14,2023-02-20,2023-02-10,0.9339622641509434,0.7547169811320755,0.6886792452830188,0.7678094149036668,0.7520467714036267,0.7552033,0.6865574,0.56155264
hotel_14,2023-02-21,2023-02-10,0.9339622641509434,0.7547169811320755,0.7830188679245284,0.7678094149036668,0.7463722300372257,0.79459935,0.72378385,0.6146869
hotel_14,2023-02-22,2023-02-10,0.9905660377358491,0.7547169811320755,0.7641509433962265,0.7678094149036668,0.7504835537602648,0.8496031,0.78065854,0.68592733
hotel_14,2023-02-23,2023-02-10,0.9056603773584906,0.7547169811320755,0.8962264150943396,0.7678094149036668,0.7459623160916787,0.8617963,0.8030752,0.6205133
hotel_14,2023-02-24,2023-02-10,0.8962264150943396,0.7547169811320755,0.7547169811320755,0.7678094149036668,0.7491284148061681,0.90582013,0.7978339,0.5917398
hotel_14,2023-02-25,2023-02-10,0.8773584905660378,0.7547169811320755,0.8584905660377359,0.7678094149036668,0.745518289300269,0.91979223,0.8492786,0.5974159
hotel_14,2023-02-26,2023-02-10,0.6886792452830188,0.7547169811320755,0.4528301886792453,0.7678094149036668,0.7479473547256802,0.677787,0.6328077,0.39955437
hotel_14,2023-02-27,2023-02-10,0.7830188679245284,0.7547169811320755,0.6886792452830188,0.7678094149036668,0.7450576987598919,0.757387,0.75309014,0.5629944
hotel_14,2023-02-28,2023-02-10,0.7452830188679245,0.7547169811320755,0.7830188679245284,0.7678094149036668,0.7469127803585872,0.7681927,0.9002851,0.62157655
hotel_14,2023-03-01,2023-02-10,0.7830188679245284,0.7547169811320755,0.7641509433962265,0.7678094149036668,0.7445934693769904,0.78147376,0.9022107,0.6730533
hotel_14,2023-03-02,2023-02-10,0.660377358490566,0.7547169811320755,0.8962264150943396,0.7678094149036668,0.7460022043487164,0.8087075,0.8495356,0.5930781
hotel_14,2023-03-03,2023-02-10,0.8490566037735849,0.7547169811320755,0.7547169811320755,0.7678094149036668,0.7441349664662233,0.86709505,0.73155993,0.5660962
hotel_14,2023-03-04,2023-02-10,0.8584905660377359,0.7547169811320755,0.8584905660377359,0.7678094149036668,0.7451972173583848,0.9414538,0.748229,0.6460566
hotel_14,2023-03-05,2023-02-10,0.4528301886792453,0.7547169811320755,0.4528301886792453,0.7678094149036668,0.7436888257503397,0.6245186,0.52258694,0.35527104
hotel_14,2023-03-06,2023-02-10,0.6509433962264151,0.7547169811320755,0.6886792452830188,0.7678094149036668,0.744482675237835,0.76102406,0.7084775,0.43242332
hotel_14,2023-03-07,2023-02-10,0.7547169811320755,0.7547169811320755,0.7830188679245284,0.7678094149036668,0.743259599638694,0.8145789,0.88231194,0.62373483
hotel_14,2023-03-08,2023-02-10,0.7830188679245284,0.7547169811320755,0.7641509433962265,0.7678094149036668,0.7438460554730264,0.85838014,0.88683647,0.7447398
hotel_14,2023-03-09,2023-02-10,0.7830188679245284,0.7547169811320755,0.8962264150943396,0.7678094149036668,0.7428502596949066,0.8756099,0.8644619,0.7647439
hotel_14,2023-03-10,2023-02-10,0.8867924528301887,0.7547169811320755,0.7547169811320755,0.7678094149036668,0.7432769470030466,0.8792779,0.8504699,0.7463699
hotel_14,2023-03-11,2023-03-10,0.8584905660377359,0.8867924528301887,0.8584905660377359,0.776697105045265,0.8110054956489191,0.9146322,0.8366078,0.8590264
hotel_14,2023-03-12,2023-03-10,0.7169811320754716,0.8867924528301887,0.4528301886792453,0.776697105045265,0.7640596639063496,0.5296256,0.446147,0.53738207
hotel_14,2023-03-13,2023-03-10,0.7547169811320755,0.8867924528301887,0.6509433962264151,0.776697105045265,0.7726158116972812,0.69260174,0.6418277,0.7069204
hotel_14,2023-03-14,2023-03-10,0.7641509433962265,0.8867924528301887,0.7547169811320755,0.776697105045265,0.7630989083866078,0.74812675,0.7784941,0.76894367
hotel_14,2023-03-15,2023-03-10,0.8018867924528302,0.8867924528301887,0.7830188679245284,0.776697105045265,0.7690300281280192,0.7787078,0.8409976,0.80165684
hotel_14,2023-03-16,2023-03-10,0.8113207547169812,0.8867924528301887,0.7830188679245284,0.776697105045265,0.7619522751446733,0.8030422,0.8606446,0.83085585
hotel_14,2023-03-17,2023-03-10,0.8867924528301887,0.8867924528301887,0.8867924528301887,0.776697105045265,0.7660140930780572,0.87076974,0.8468138,0.877072
hotel_14,2023-03-18,2023-03-10,0.8867924528301887,0.8867924528301887,0.8584905660377359,0.776697105045265,0.7607142868349038,0.9074348,0.7859918,0.8859491
hotel_14,2023-03-19,2023-03-10,0.5377358490566038,0.8867924528301887,0.4528301886792453,0.776697105045265,0.7634491960536984,0.65063274,0.36550045,0.42041728
hotel_14,2023-03-20,2023-03-10,0.5,0.8867924528301887,0.6509433962264151,0.776697105045265,0.7594490544926114,0.74470305,0.5790794,0.5813973
hotel_14,2023-03-21,2023-03-10,0.7264150943396226,0.8867924528301887,0.7547169811320755,0.776697105045265,0.7612459514609979,0.79208046,0.704493,0.7043914
hotel_14,2023-03-22,2023-03-10,0.6792452830188679,0.8867924528301887,0.7830188679245284,0.776697105045265,0.7581991532964346,0.7901297,0.7087698,0.7029057
hotel_14,2023-03-23,2023-03-10,0.6981132075471698,0.8867924528301887,0.7830188679245284,0.776697105045265,0.7593365268945996,0.7708719,0.7735697,0.6699546
hotel_14,2023-03-24,2023-03-10,0.8113207547169812,0.8867924528301887,0.8867924528301887,0.776697105045265,0.75699198184624,0.85977316,0.7954326,0.64986336
hotel_14,2023-03-25,2023-03-10,0.8113207547169812,0.8867924528301887,0.8584905660377359,0.776697105045265,0.757668939012356,0.8837108,0.82958937,0.6874261
hotel_14,2023-03-26,2023-03-10,0.49056603773584906,0.8867924528301887,0.4528301886792453,0.776697105045265,0.7558443118058813,0.61994004,0.6113808,0.3185584
hotel_14,2023-03-27,2023-03-10,0.5283018867924528,0.8867924528301887,0.6509433962264151,0.776697105045265,0.7562029140777086,0.71504474,0.70313597,0.5441126
hotel_14,2023-03-28,2023-03-10,0.7830188679245284,0.8867924528301887,0.7547169811320755,0.776697105045265,0.7547655368272885,0.7721953,0.7927816,0.56922305
hotel_14,2023-03-29,2023-03-10,0.7547169811320755,0.8867924528301887,0.7830188679245284,0.776697105045265,0.7549068785290525,0.8076519,0.7664227,0.55471313
hotel_14,2023-03-30,2023-03-10,0.5566037735849056,0.8867924528301887,0.7830188679245284,0.776697105045265,0.7537599871078274,0.7941411,0.74389106,0.5955434
hotel_14,2023-03-31,2023-03-10,0.7075471698113207,0.8867924528301887,0.8867924528301887,0.776697105045265,0.753755766191515,0.90053505,0.8143723,0.7092394
hotel_14,2023-04-01,2023-03-10,0.8867924528301887,0.8867924528301887,0.8584905660377359,0.776697105045265,0.7528285732536968,0.86346704,0.78860784,0.8180997
hotel_14,2023-04-02,2023-03-10,0.6037735849056604,0.8867924528301887,0.4528301886792453,0.776697105045265,0.7527294161257265,0.5674971,0.6319401,0.47950026
hotel_14,2023-04-03,2023-03-10,0.6792452830188679,0.8867924528301887,0.6509433962264151,0.776697105045265,0.751969949174368,0.7042571,0.8242682,0.5858307
hotel_14,2023-04-04,2023-03-10,0.7830188679245284,0.8867924528301887,0.7547169811320755,0.776697105045265,0.7518113980795599,0.744495,0.7515491,0.65227616
hotel_14,2023-04-05,2023-03-10,0.8679245283018868,0.8867924528301887,0.7830188679245284,0.776697105045265,0.7511813304815821,0.7594671,0.7921034,0.7295716
hotel_14,2023-04-06,2023-03-10,0.7264150943396226,0.8867924528301887,0.7830188679245284,0.776697105045265,0.7509881478944705,0.7697236,0.84576994,0.9020746
hotel_14,2023-04-07,2023-03-10,0.7169811320754716,0.8867924528301887,0.8867924528301887,0.776697105045265,0.7504590665227585,0.8755241,0.9258005,0.9445175
hotel_14,2023-04-08,2023-04-07,0.7452830188679245,0.7169811320754716,0.8867924528301887,0.7352899931741916,0.7474907626791967,0.81214744,0.87824327,0.79271513
hotel_14,2023-04-09,2023-04-07,0.5188679245283019,0.7169811320754716,0.6037735849056604,0.7352899931741916,0.7266215011975679,0.58547676,0.6497602,0.62823284
hotel_14,2023-04-10,2023-04-07,0.7735849056603774,0.7169811320754716,0.6792452830188679,0.7352899931741916,0.7418278444394593,0.6851696,0.80607563,0.8107655
hotel_14,2023-04-11,2023-04-07,0.8207547169811321,0.7169811320754716,0.7830188679245284,0.7352899931741916,0.7296660555910081,0.7174695,0.8959727,0.8628334
hotel_14,2023-04-12,2023-04-07,0.8113207547169812,0.7169811320754716,0.8679245283018868,0.7352899931741916,0.7402925964362432,0.78949124,0.86175835,0.83108234
hotel_14,2023-04-13,2023-04-07,0.7830188679245284,0.7169811320754716,0.7264150943396226,0.7352899931741916,0.731900577216501,0.7667677,0.8368928,0.79988873
hotel_14,2023-04-14,2023-04-07,0.8773584905660378,0.7169811320754716,0.7169811320754716,0.7352899931741916,0.7393393524393739,0.8561605,0.8444562,0.87597686
hotel_14,2023-04-15,2023-04-07,0.8584905660377359,0.7169811320754716,0.8867924528301887,0.7352899931741916,0.7335612046676778,0.869928,0.93937033,0.9528337
hotel_14,2023-04-16,2023-04-07,0.5943396226415094,0.7169811320754716,0.6037735849056604,0.7352899931741916,0.7387799428309066,0.5551454,0.5606624,0.5848881
hotel_14,2023-04-17,2023-04-07,0.7547169811320755,0.7169811320754716,0.6792452830188679,0.7352899931741916,0.7348130390222546,0.66439986,0.6583239,0.61195654
hotel_14,2023-04-18,2023-04-07,0.8867924528301887,0.7169811320754716,0.7830188679245284,0.7352899931741916,0.738484606033218,0.7439576,0.7354837,0.6842172
hotel_14,2023-04-19,2023-04-07,0.8773584905660378,0.7169811320754716,0.8679245283018868,0.7352899931741916,0.7357717280588684,0.8120106,0.73250985,0.683821
hotel_14,2023-04-20,2023-04-07,0.7924528301886793,0.7169811320754716,0.7264150943396226,0.7352899931741916,0.7383640718068664,0.80497867,0.7116839,0.6786373
hotel_14,2023-04-21,2023-04-07,0.8584905660377359,0.7169811320754716,0.7169811320754716,0.7352899931741916,0.7365184720870218,0.89614314,0.75687885,0.7404064
hotel_14,2023-04-22,2023-04-07,0.8113207547169812,0.7169811320754716,0.8867924528301887,0.7352899931741916,0.7383571210194378,0.9156028,0.8328639,0.8729216
hotel_14,2023-04-23,2023-04-07,0.6132075471698113,0.7169811320754716,0.6037735849056604,0.7352899931741916,0.7371104582201773,0.60382366,0.4703102,0.54219425
hotel_14,2023-04-24,2023-04-07,0.6981132075471698,0.7169811320754716,0.6792452830188679,0.7352899931741916,0.7384219497339191,0.69051254,0.6344483,0.6001755
hotel_14,2023-04-25,2023-04-07,0.7641509433962265,0.7169811320754716,0.7830188679245284,0.7352899931741916,0.7375881175346809,0.7043931,0.7927353,0.72245276
hotel_14,2023-04-26,2023-04-07,0.8207547169811321,0.7169811320754716,0.8679245283018868,0.7352899931741916,0.7385301758621173,0.7247628,0.7819628,0.7216186
hotel_14,2023-04-27,2023-04-07,0.7452830188679245,0.7169811320754716,0.7264150943396226,0.7352899931741916,0.7379801740571227,0.7486916,0.775092,0.70566386
hotel_14,2023-04-28,2023-04-07,0.8490566037735849,0.7169811320754716,0.7169811320754716,0.7352899931741916,0.7386626812508148,0.8285873,0.8194451,0.7313419
hotel_14,2023-04-29,2023-04-07,0.9056603773584906,0.7169811320754716,0.8867924528301887,0.7352899931741916,0.7383071588745078,0.8932641,0.83560914,0.7096249
hotel_14,2023-04-30,2023-04-07,0.8490566037735849,0.7169811320754716,0.6037735849056604,0.7352899931741916,0.7388067284572271,0.58279264,0.52547777,0.27478606
hotel_14,2023-05-01,2023-04-07,0.7169811320754716,0.7169811320754716,0.6792452830188679,0.7352899931741916,0.7385838572363578,0.69556135,0.6191733,0.4417028
hotel_14,2023-05-02,2023-04-07,0.7358490566037735,0.7169811320754716,0.7830188679245284,0.7352899931741916,0.7389539626582223,0.70671886,0.70425904,0.6529001
hotel_14,2023-05-03,2023-04-07,0.839622641509434,0.7169811320754716,0.8679245283018868,0.7352899931741916,0.7388210137809763,0.70611715,0.6575573,0.6858394
hotel_14,2023-05-04,2023-04-07,0.6886792452830188,0.7169811320754716,0.7264150943396226,0.7352899931741916,0.7390990280757472,0.70362896,0.7552242,0.7469933
hotel_14,2023-05-05,2023-04-07,0.8962264150943396,0.7169811320754716,0.7169811320754716,0.7352899931741916,0.7390265218382571,0.78666395,0.7975328,0.8341399
hotel_14,2023-05-06,2023-05-05,0.8490566037735849,0.8962264150943396,0.9056603773584906,0.7980581755989902,0.8416042505874728,0.85832113,0.9005084,0.9274361
hotel_14,2023-05-07,2023-05-05,0.5,0.8962264150943396,0.8490566037735849,0.7980581755989902,0.7734959457685389,0.5997054,0.6407528,0.612233
hotel_14,2023-05-08,2023-05-05,0.7452830188679245,0.8962264150943396,0.7169811320754716,0.7980581755989902,0.7905624632049035,0.72911197,0.76353884,0.7218629
hotel_14,2023-05-09,2023-05-05,0.8207547169811321,0.8962264150943396,0.7358490566037735,0.7980581755989902,0.7732784909203935,0.7414235,0.8540851,0.7666659
hotel_14,2023-05-10,2023-05-05,0.7641509433962265,0.8962264150943396,0.839622641509434,0.7980581755989902,0.7843822023850746,0.7736657,0.8390561,0.8389279
hotel_14,2023-05-11,2023-05-05,0.8113207547169812,0.8962264150943396,0.6886792452830188,0.7980581755989902,0.7723001924340678,0.7737649,0.8125763,0.7362599
hotel_14,2023-05-12,2023-05-05,0.8018867924528302,0.8962264150943396,0.8962264150943396,0.7980581755989902,0.779415011801626,0.86538416,0.9023831,0.78171885
hotel_14,2023-05-13,2023-05-05,0.6981132075471698,0.8962264150943396,0.9056603773584906,0.7980581755989902,0.770884736621039,0.9235711,0.91124994,0.83129126
hotel_14,2023-05-14,2023-05-05,0.4056603773584906,0.8962264150943396,0.8490566037735849,0.7980581755989902,0.7753405275099657,0.6412614,0.6312243,0.43011382
hotel_14,2023-05-15,2023-05-05,0.6792452830188679,0.8962264150943396,0.7169811320754716,0.7980581755989902,0.7692436918548737,0.7475158,0.8016446,0.5624126
hotel_14,2023-05-16,2023-05-05,0.6698113207547169,0.8962264150943396,0.7358490566037735,0.7980581755989902,0.7719355583563015,0.7837735,0.86517024,0.6305423
hotel_14,2023-05-17,2023-05-05,0.6981132075471698,0.8962264150943396,0.839622641509434,0.7980581755989902,0.767513540284062,0.82694304,0.8576368,0.6257675
hotel_14,2023-05-18,2023-05-05,0.7075471698113207,0.8962264150943396,0.6886792452830188,0.7980581755989902,0.7690431846875811,0.7767824,0.8806531,0.6545642
hotel_14,2023-05-19,2023-05-05,0.8018867924528302,0.8962264150943396,0.8962264150943396,0.7980581755989902,0.76578063437547,0.88014895,0.97063315,0.82114863
hotel_14,2023-05-20,2023-05-05,0.7735849056603774,0.8962264150943396,0.9056603773584906,0.7980581755989902,0.7665518248339958,0.89449143,0.9358034,0.9101117
hotel_14,2023-05-21,2023-05-05,0.49056603773584906,0.8962264150943396,0.8490566037735849,0.7980581755989902,0.7640980015428498,0.64735246,0.5858383,0.5314857
hotel_14,2023-05-22,2023-05-05,0.4716981132075472,0.8962264150943396,0.7169811320754716,0.7980581755989902,0.7643810407776096,0.7033313,0.69328994,0.642215
hotel_14,2023-05-23,2023-05-05,0.5849056603773585,0.8962264150943396,0.7358490566037735,0.7980581755989902,0.762496646742516,0.74260974,0.778123,0.72354096
hotel_14,2023-05-24,2023-05-05,0.5566037735849056,0.8962264150943396,0.839622641509434,0.7980581755989902,0.7624719014042691,0.74642575,0.7726197,0.6944388
hotel_14,2023-05-25,2023-05-05,0.4716981132075472,0.8962264150943396,0.6886792452830188,0.7980581755989902,0.7609931427246657,0.7372684,0.76372635,0.7319074
hotel_14,2023-05-26,2023-05-05,0.5660377358490566,0.8962264150943396,0.8962264150943396,0.7980581755989902,0.7607804290835279,0.84801865,0.8350298,0.811538
hotel_14,2023-05-27,2023-05-05,0.6981132075471698,0.8962264150943396,0.9056603773584906,0.7980581755989902,0.7595947165584443,0.9018279,0.7957241,0.8333639
hotel_14,2023-05-28,2023-05-05,0.4811320754716981,0.8962264150943396,0.8490566037735849,0.7980581755989902,0.7592731332196453,0.65546024,0.4534259,0.48353004
hotel_14,2023-05-29,2023-05-05,0.37735849056603776,0.8962264150943396,0.7169811320754716,0.7980581755989902,0.7583026485394468,0.6441573,0.68344253,0.6777646
hotel_14,2023-05-30,2023-05-05,0.49056603773584906,0.8962264150943396,0.7358490566037735,0.7980581755989902,0.7579239573040791,0.69413376,0.816875,0.7505726
hotel_14,2023-05-31,2023-05-05,0.5471698113207547,0.8962264150943396,0.839622641509434,0.7980581755989902,0.7571145344598215,0.7416532,0.81985456,0.7586937
hotel_14,2023-06-01,2023-05-05,0.5188679245283019,0.8962264150943396,0.6886792452830188,0.7980581755989902,0.756712184164318,0.7552578,0.7795368,0.75196546
hotel_14,2023-06-02,2023-05-05,0.5660377358490566,0.8962264150943396,0.8962264150943396,0.7980581755989902,0.7560257831429877,0.80880445,0.81888187,0.78747356
hotel_14,2023-06-03,2023-06-02,0.660377358490566,0.5660377358490566,0.6981132075471698,0.5360298083337431,0.603857726454244,0.60438764,0.5107094,0.6292537
hotel_14,2023-06-04,2023-06-02,0.4528301886792453,0.5660377358490566,0.4811320754716981,0.5360298083337431,0.5972197746680739,0.48141584,0.20420307,0.40914464
hotel_14,2023-06-05,2023-06-02,0.7452830188679245,0.5660377358490566,0.37735849056603776,0.5360298083337431,0.6121335533931933,0.54660064,0.4299274,0.6816332
hotel_14,2023-06-06,2023-06-02,0.8490566037735849,0.5660377358490566,0.49056603773584906,0.5360298083337431,0.6097886410812725,0.6281482,0.5357297,0.7359618
hotel_14,2023-06-07,2023-06-02,0.8113207547169812,0.5660377358490566,0.5471698113207547,0.5360298083337431,0.6209850421018729,0.6705563,0.45174247,0.73945975
hotel_14,2023-06-08,2023-06-02,0.6320754716981132,0.5660377358490566,0.5188679245283019,0.5360298083337431,0.6208302408069761,0.6841588,0.47062945,0.61254096
hotel_14,2023-06-09,2023-06-02,0.4716981132075472,0.5660377358490566,0.5660377358490566,0.5360298083337431,0.6294739452250105,0.7126717,0.59794897,0.62681687
hotel_14,2023-06-10,2023-06-02,0.5660377358490566,0.5660377358490566,0.6981132075471698,0.5360298083337431,0.6306358808760409,0.727911,0.62233853,0.672618
hotel_14,2023-06-11,2023-06-02,0.3584905660377358,0.5660377358490566,0.4811320754716981,0.5360298083337431,0.6374989077751309,0.609731,0.32193255,0.3910027
hotel_14,2023-06-12,2023-06-02,0.6792452830188679,0.5660377358490566,0.37735849056603776,0.5360298083337431,0.6394160199535053,0.66427237,0.53559935,0.5478563
hotel_14,2023-06-13,2023-06-02,0.6981132075471698,0.5660377358490566,0.49056603773584906,0.5360298083337431,0.6450126837215746,0.677787,0.6290786,0.59239143
hotel_14,2023-06-14,2023-06-02,0.6886792452830188,0.5660377358490566,0.5471698113207547,0.5360298083337431,0.6473265591385063,0.67328024,0.54454935,0.59374964
hotel_14,2023-06-15,2023-06-02,0.5849056603773585,0.5660377358490566,0.5188679245283019,0.5360298083337431,0.652001820232493,0.64101785,0.6033661,0.5512424
hotel_14,2023-06-16,2023-06-02,0.6132075471698113,0.5660377358490566,0.5660377358490566,0.5360298083337431,0.6544861799680896,0.761492,0.5568742,0.60270905
hotel_14,2023-06-17,2023-06-02,0.6698113207547169,0.5660377358490566,0.6981132075471698,0.5360298083337431,0.6584735031315311,0.80195624,0.63088524,0.624074
hotel_14,2023-06-18,2023-06-02,0.5,0.5660377358490566,0.4811320754716981,0.5360298083337431,0.6609878143656738,0.62598133,0.4243282,0.41395584
hotel_14,2023-06-19,2023-06-02,0.5849056603773585,0.5660377358490566,0.37735849056603776,0.5360298083337431,0.6644470753830691,0.6777507,0.5835585,0.50826573
hotel_14,2023-06-20,2023-06-02,0.6698113207547169,0.5660377358490566,0.49056603773584906,0.5360298083337431,0.6669062653322502,0.67678875,0.54832953,0.5232552
hotel_14,2023-06-21,2023-06-02,0.7264150943396226,0.5660377358490566,0.5471698113207547,0.5360298083337431,0.6699486019708215,0.6657841,0.46014234,0.47210908
hotel_14,2023-06-22,2023-06-02,0.6981132075471698,0.5660377358490566,0.5188679245283019,0.5360298083337431,0.6723032998353052,0.68675107,0.54993415,0.41466326
hotel_14,2023-06-23,2023-06-02,0.7264150943396226,0.5660377358490566,0.5660377358490566,0.5360298083337431,0.6750074180168004,0.7193306,0.5012176,0.49464822
hotel_14,2023-06-24,2023-06-02,0.6132075471698113,0.5660377358490566,0.6981132075471698,0.5360298083337431,0.677231079124568,0.7968459,0.5003081,0.6310143
hotel_14,2023-06-25,2023-06-02,0.5660377358490566,0.5660377358490566,0.4811320754716981,0.5360298083337431,0.6796539655023643,0.6342774,0.2604581,0.49243027
hotel_14,2023-06-26,2023-06-02,0.5943396226415094,0.5660377358490566,0.37735849056603776,0.5360298083337431,0.681734493204997,0.63170934,0.36795226,0.5386591
hotel_14,2023-06-27,2023-06-02,0.5377358490566038,0.5660377358490566,0.49056603773584906,0.5360298083337431,0.6839184649408141,0.65663785,0.34526798,0.6278348
hotel_14,2023-06-28,2023-06-02,0.5566037735849056,0.5660377358490566,0.5471698113207547,0.5360298083337431,0.6858527708779146,0.67712706,0.35433578,0.8270157
hotel_14,2023-06-29,2023-06-02,0.7641509433962265,0.5660377358490566,0.5188679245283019,0.5360298083337431,0.687830125925793,0.6461499,0.49017107,0.6885296
hotel_14,2023-06-30,2023-06-02,0.5188679245283019,0.5660377358490566,0.5660377358490566,0.5360298083337431,0.6896206089391479,0.6888189,0.46394306,0.68992966
hotel_21,2023-02-11,2023-02-10,0.9953703703703703,0.9814814814814815,0.9675925925925926,0.9848608921989084,0.972563372373181,0.9950574,0.98699147,1.0015738
hotel_21,2023-02-12,2023-02-10,0.9907407407407407,0.9814814814814815,0.9305555555555556,0.9848608921989084,0.9669064601784519,0.9089362,0.97398967,0.96453536
hotel_21,2023-02-13,2023-02-10,0.9953703703703703,0.9814814814814815,0.9907407407407407,0.9848608921989084,0.9597328361510715,0.93502676,1.0140126,0.9657728
hotel_21,2023-02-14,2023-02-10,0.9953703703703703,0.9814814814814815,0.9953703703703703,0.9848608921989084,0.9555900414046963,0.9830278,1.0501598,0.99216473
hotel_21,2023-02-15,2023-02-10,0.9814814814814815,0.9814814814814815,0.9953703703703703,0.9848608921989084,0.9509936723430704,0.99724495,1.029943,0.98633873
hotel_21,2023-02-16,2023-02-10,0.9768518518518519,0.9814814814814815,1.0,0.9848608921989084,0.9478691898122832,0.99640054,1.0426564,1.0011425
hotel_21,2023-02-17,2023-02-10,0.9814814814814815,0.9814814814814815,0.9814814814814815,0.9848608921989084,0.9448641020238269,1.0002997,1.0619671,1.014086
hotel_21,2023-02-18,2023-02-10,0.9814814814814815,0.9814814814814815,0.9675925925925926,0.9848608921989084,0.9426055332409478,0.99284303,1.0390476,0.9887668
hotel_21,2023-02-19,2023-02-10,0.9722222222222222,0.9814814814814815,0.9305555555555556,0.9848608921989084,0.9405905279605765,0.9574501,1.0218519,0.9284304
hotel_21,2023-02-20,2023-02-10,0.9722222222222222,0.9814814814814815,0.9907407407407407,0.9848608921989084,0.9389963743339982,0.966588,1.0791368,0.9228911
hotel_21,2023-02-21,2023-02-10,0.9953703703703703,0.9814814814814815,0.9953703703703703,0.9848608921989084,0.9376254146391643,0.9752566,1.0540705,0.95900464
hotel_21,2023-02-22,2023-02-10,0.9953703703703703,0.9814814814814815,0.9953703703703703,0.9848608921989084,0.936513093819274,0.98815805,0.9715754,0.95484227
hotel_21,2023-02-23,2023-02-10,0.9722222222222222,0.9814814814814815,1.0,0.9848608921989084,0.9355733494764249,0.9964119,1.0191754,0.9637057
hotel_21,2023-02-24,2023-02-10,1.0,0.9814814814814815,0.9814814814814815,0.9848608921989084,0.9348014777477617,0.99931496,1.0132253,0.95092595
hotel_21,2023-02-25,2023-02-10,0.9861111111111112,0.9814814814814815,0.9675925925925926,0.9848608921989084,0.9341549385937012,0.9992084,1.0119733,0.88909775
hotel_21,2023-02-26,2023-02-10,0.9444444444444444,0.9814814814814815,0.9305555555555556,0.9848608921989084,0.9336207232153114,0.9412158,0.9953683,0.8312537
hotel_21,2023-02-27,2023-02-10,0.9907407407407407,0.9814814814814815,0.9907407407407407,0.9848608921989084,0.9331751062995133,0.94805443,1.0344834,0.83083504
hotel_21,2023-02-28,2023-02-10,0.9953703703703703,0.9814814814814815,0.9953703703703703,0.9848608921989084,0.9328058426029623,0.9792075,1.10263,0.89370805
hotel_21,2023-03-01,2023-02-10,0.9907407407407407,0.9814814814814815,0.9953703703703703,0.9848608921989084,0.9324984392598082,0.9912316,1.0384653,0.9373881
hotel_21,2023-03-02,2023-02-10,0.9814814814814815,0.9814814814814815,1.0,0.9848608921989084,0.9322433508597503,0.9594041,1.0299501,0.9733417
hotel_21,2023-03-03,2023-02-10,0.9953703703703703,0.9814814814814815,0.9814814814814815,0.9848608921989084,0.932031202389037,0.9896527,0.99785936,0.99222326
hotel_21,2023-03-04,2023-02-10,0.9861111111111112,0.9814814814814815,0.9675925925925926,0.9848608921989084,0.9318550388190497,0.9998225,1.0047182,0.971324
hotel_21,2023-03-05,2023-02-10,0.8842592592592593,0.9814814814814815,0.9305555555555556,0.9848608921989084,0.9317085985223065,0.9266222,0.9119285,0.91566616
hotel_21,2023-03-06,2023-02-10,0.9907407407407407,0.9814814814814815,0.9907407407407407,0.9848608921989084,0.9315869577380035,0.9567861,0.95551443,0.93474555
hotel_21,2023-03-07,2023-02-10,1.0,0.9814814814814815,0.9953703703703703,0.9848608921989084,0.9314858639213358,0.9635135,0.9716818,0.99364644
hotel_21,2023-03-08,2023-02-10,0.9953703703703703,0.9814814814814815,0.9953703703703703,0.9848608921989084,0.931401876901804,0.9652648,0.9697569,1.0131029
hotel_21,2023-03-09,2023-02-10,1.0,0.9814814814814815,1.0,0.9848608921989084,0.9313320842729773,0.96373236,1.0033702,1.0204676
hotel_21,2023-03-10,2023-02-10,0.9907407407407407,0.9814814814814815,0.9814814814814815,0.9848608921989084,0.9312740972878332,0.97443,0.97715086,0.9766432
hotel_21,2023-03-11,2023-03-10,0.9953703703703703,0.9907407407407407,0.9861111111111112,0.9924262058761663,0.9921351909854046,0.999453,1.0302061,0.95110595
hotel_21,2023-03-12,2023-03-10,1.0,0.9907407407407407,0.8842592592592593,0.9924262058761663,0.9785688096416796,0.89071125,1.0085148,0.9347771
hotel_21,2023-03-13,2023-03-10,1.0,0.9907407407407407,0.9907407407407407,0.9924262058761663,0.9849882052360094,0.9398166,1.0230699,0.94341564
hotel_21,2023-03-14,2023-03-10,1.0,0.9907407407407407,1.0,0.9924262058761663,0.9739851198283932,0.9711769,1.0625993,0.9436748
hotel_21,2023-03-15,2023-03-10,0.9953703703703703,0.9907407407407407,0.9953703703703703,0.9924262058761663,0.9775821271314556,0.98389405,0.9916149,0.93799067
hotel_21,2023-03-16,2023-03-10,0.9953703703703703,0.9907407407407407,1.0,0.9924262058761663,0.9742869036189473,0.9926096,1.012297,0.9373028
hotel_21,2023-03-17,2023-03-10,0.9675925925925926,0.9907407407407407,0.9907407407407407,0.9924262058761663,0.9708373331455314,0.9974345,1.0568916,0.9454962
hotel_21,2023-03-18,2023-03-10,1.0,0.9907407407407407,0.9861111111111112,0.9924262058761663,0.9757032604470972,0.9966903,1.0769323,0.90554976
hotel_21,2023-03-19,2023-03-10,0.9768518518518519,0.9907407407407407,0.8842592592592593,0.9924262058761663,0.9668930473878545,0.9019972,1.0615786,0.9195319
hotel_21,2023-03-20,2023-03-10,0.9814814814814815,0.9907407407407407,0.9907407407407407,0.9924262058761663,0.9752233385041046,0.9361721,1.0281198,0.94244134
hotel_21,2023-03-21,2023-03-10,0.9861111111111112,0.9907407407407407,1.0,0.9924262058761663,0.966844864003004,0.9551597,1.053457,0.9510061
hotel_21,2023-03-22,2023-03-10,1.0,0.9907407407407407,0.9953703703703703,0.9924262058761663,0.972119412924504,0.96451044,1.0353636,0.965703
hotel_21,2023-03-23,2023-03-10,0.9953703703703703,0.9907407407407407,1.0,0.9924262058761663,0.969617289814501,0.97579724,1.0808836,0.9489844
hotel_21,2023-03-24,2023-03-10,0.9768518518518519,0.9907407407407407,0.9907407407407407,0.9924262058761663,0.9680105517331222,0.9911154,1.125642,0.9478949
hotel_21,2023-03-25,2023-03-10,0.9907407407407407,0.9907407407407407,0.9861111111111112,0.9924262058761663,0.9725846980562819,0.99935037,1.1653988,0.9029142
hotel_21,2023-03-26,2023-03-10,0.9814814814814815,0.9907407407407407,0.8842592592592593,0.9924262058761663,0.9654121967194994,0.91133296,1.1037846,0.8767209
hotel_21,2023-03-27,2023-03-10,0.9490740740740741,0.9907407407407407,0.9907407407407407,0.9924262058761663,0.9733434792371448,0.9325378,1.0704539,0.9192367
hotel_21,2023-03-28,2023-03-10,0.9537037037037037,0.9907407407407407,1.0,0.9924262058761663,0.9658147842863075,0.9508258,1.1217502,0.93458873
hotel_21,2023-03-29,2023-03-10,0.9953703703703703,0.9907407407407407,0.9953703703703703,0.9924262058761663,0.9712931476303026,0.9354374,1.083689,0.97136724
hotel_21,2023-03-30,2023-03-10,0.9907407407407407,0.9907407407407407,1.0,0.9924262058761663,0.9686290350391603,0.9600236,1.0928136,0.9828359
hotel_21,2023-03-31,2023-03-10,0.9768518518518519,0.9907407407407407,0.9907407407407407,0.9924262058761663,0.9679067398703219,0.98332345,1.0612519,1.0258886
hotel_21,2023-04-01,2023-03-10,0.9907407407407407,0.9907407407407407,0.9861111111111112,0.9924262058761663,0.9716700179421774,0.9876121,0.9964939,1.0000827
hotel_21,2023-04-02,2023-03-10,0.9629629629629629,0.9907407407407407,0.8842592592592593,0.9924262058761663,0.965557717104197,0.89384925,0.952733,0.99289817
hotel_21,2023-04-03,2023-03-10,0.9907407407407407,0.9907407407407407,0.9907407407407407,0.9924262058761663,0.9727472980098266,0.918461,0.93820643,0.99270064
hotel_21,2023-04-04,2023-03-10,0.9583333333333334,0.9907407407407407,1.0,0.9924262058761663,0.965793073820987,0.9488767,0.98097724,0.9744909
hotel_21,2023-04-05,2023-03-10,0.9907407407407407,0.9907407407407407,0.9953703703703703,0.9924262058761663,0.9711828228868034,0.9421509,0.98399264,0.9873769
hotel_21,2023-04-06,2023-03-10,0.9537037037037037,0.9907407407407407,1.0,0.9924262058761663,0.9682851014042747,0.9735268,0.98778045,0.938633
hotel_21,2023-04-07,2023-03-10,0.9675925925925926,0.9907407407407407,0.9907407407407407,0.9924262058761663,0.9681950130973404,0.9800848,1.0196086,0.927397
hotel_21,2023-04-08,2023-04-07,0.9629629629629629,0.9675925925925926,0.9907407407407407,0.9660670006524916,0.9801229203469451,0.98762953,0.94966763,0.968417
hotel_21,2023-04-09,2023-04-07,0.9583333333333334,0.9675925925925926,0.9629629629629629,0.9660670006524916,0.9681749497940284,0.9113155,0.88170964,0.89741635
hotel_21,2023-04-10,2023-04-07,0.8981481481481481,0.9675925925925926,0.9907407407407407,0.9660670006524916,0.9789820281661047,0.93523026,0.86671996,0.92088914
hotel_21,2023-04-11,2023-04-07,0.9814814814814815,0.9675925925925926,0.9583333333333334,0.9660670006524916,0.9720360236169845,0.96188307,0.8343776,0.93851817
hotel_21,2023-04-12,2023-04-07,0.9953703703703703,0.9675925925925926,0.9907407407407407,0.9660670006524916,0.9744767344918448,0.96861523,0.8577967,0.93754184
hotel_21,2023-04-13,2023-04-07,1.0,0.9675925925925926,0.9537037037037037,0.9660670006524916,0.9772985543185955,0.9579192,0.92785794,0.93544483
hotel_21,2023-04-14,2023-04-07,1.0,0.9675925925925926,0.9675925925925926,0.9660670006524916,0.9702055971587231,0.9624716,0.97140217,0.9698586
hotel_21,2023-04-15,2023-04-07,0.9953703703703703,0.9675925925925926,0.9907407407407407,0.9660670006524916,0.9803832283314992,0.9870395,0.9012172,0.99686885
hotel_21,2023-04-16,2023-04-07,1.0,0.9675925925925926,0.9629629629629629,0.9660670006524916,0.9692941637885533,0.85962784,0.7895465,0.91601205
hotel_21,2023-04-17,2023-04-07,0.9490740740740741,0.9675925925925926,0.9907407407407407,0.9660670006524916,0.9793504625428747,0.91490656,0.8318628,0.939783
hotel_21,2023-04-18,2023-04-07,0.9768518518518519,0.9675925925925926,0.9583333333333334,0.9660670006524916,0.9722894976306536,0.9134976,0.9051656,0.95477396
hotel_21,2023-04-19,2023-04-07,0.9953703703703703,0.9675925925925926,0.9907407407407407,0.9660670006524916,0.9752058891008625,0.9455406,0.92959106,0.9553071
hotel_21,2023-04-20,2023-04-07,0.9907407407407407,0.9675925925925926,0.9537037037037037,0.9660670006524916,0.9769355125971086,0.9556515,0.9800872,0.9532938
hotel_21,2023-04-21,2023-04-07,0.8981481481481481,0.9675925925925926,0.9675925925925926,0.9660670006524916,0.9710584152938609,0.96850044,0.95918804,0.9668237
hotel_21,2023-04-22,2023-04-07,1.0,0.9675925925925926,0.9907407407407407,0.9660670006524916,0.9799165659253629,0.990765,0.9212645,0.96644384
hotel_21,2023-04-23,2023-04-07,0.9120370370370371,0.9675925925925926,0.9629629629629629,0.9660670006524916,0.9698399663768549,0.9001756,0.8951795,0.91288096
hotel_21,2023-04-24,2023-04-07,0.9907407407407407,0.9675925925925926,0.9907407407407407,0.9660670006524916,0.979246906398752,0.9004512,0.89682496,0.9597566
hotel_21,2023-04-25,2023-04-07,1.0,0.9675925925925926,0.9583333333333334,0.9660670006524916,0.9722647903773662,0.9040492,0.93014634,0.9604356
hotel_21,2023-04-26,2023-04-07,0.9814814814814815,0.9675925925925926,0.9907407407407407,0.9660670006524916,0.9755984628951934,0.92616385,0.95111805,0.963691
hotel_21,2023-04-27,2023-04-07,0.9861111111111112,0.9675925925925926,0.9537037037037037,0.9660670006524916,0.9764488042693973,0.92322075,0.96370393,0.93616825
hotel_21,2023-04-28,2023-04-07,0.9907407407407407,0.9675925925925926,0.9675925925925926,0.9660670006524916,0.9716928498609777,0.9482407,0.99816334,0.95419157
hotel_21,2023-04-29,2023-04-07,0.9861111111111112,0.9675925925925926,0.9907407407407407,0.9660670006524916,0.9793697978425103,0.9817505,1.0074579,0.9616086
hotel_21,2023-04-30,2023-04-07,0.8055555555555556,0.9675925925925926,0.9629629629629629,0.9660670006524916,0.9702865396569896,0.8785712,0.8834347,0.9241487
hotel_21,2023-05-01,2023-04-07,0.8148148148148148,0.9675925925925926,0.9907407407407407,0.9660670006524916,0.9790482558502943,0.91674316,0.8804859,0.9756756
hotel_21,2023-05-02,2023-04-07,0.9166666666666666,0.9675925925925926,0.9583333333333334,0.9660670006524916,0.9722367432663462,0.941618,0.9498972,1.0021486
hotel_21,2023-05-03,2023-04-07,0.9907407407407407,0.9675925925925926,0.9907407407407407,0.9660670006524916,0.9758817405197663,0.946775,0.9472382,0.97582805
hotel_21,2023-05-04,2023-04-07,0.9814814814814815,0.9675925925925926,0.9537037037037037,0.9660670006524916,0.9760005821779172,0.94344,0.900392,0.9304688
hotel_21,2023-05-05,2023-04-07,0.9953703703703703,0.9675925925925926,0.9675925925925926,0.9660670006524916,0.972241628278335,0.93954897,0.8653314,0.9272424
hotel_21,2023-05-06,2023-05-05,0.9907407407407407,0.9953703703703703,0.9861111111111112,0.9917924159704653,0.9928321577637095,0.9733381,1.012077,1.0171843
hotel_21,2023-05-07,2023-05-05,0.9166666666666666,0.9953703703703703,0.8055555555555556,0.9917924159704653,0.9833981897718408,0.83941764,0.9586497,0.90961903
hotel_21,2023-05-08,2023-05-05,0.8796296296296297,0.9953703703703703,0.8148148148148148,0.9917924159704653,0.9844437199663583,0.88927907,0.9933387,0.90395427
hotel_21,2023-05-09,2023-05-05,0.9166666666666666,0.9953703703703703,0.9166666666666666,0.9917924159704653,0.978879359961324,0.9238859,1.037825,0.96056134
hotel_21,2023-05-10,2023-05-05,0.9768518518518519,0.9953703703703703,0.9907407407407407,0.9917924159704653,0.9790349292106765,0.9378869,1.024923,1.00958
hotel_21,2023-05-11,2023-05-05,0.9768518518518519,0.9953703703703703,0.9814814814814815,0.9917924159704653,0.9757139247105897,0.9707017,1.0054371,0.9918306
hotel_21,2023-05-12,2023-05-05,0.9953703703703703,0.9953703703703703,0.9953703703703703,0.9917924159704653,0.9755260843091411,0.9924169,0.97358716,1.0003732
hotel_21,2023-05-13,2023-05-05,0.9953703703703703,0.9953703703703703,0.9861111111111112,0.9917924159704653,0.9735202379228887,0.98984677,0.9216111,1.0029036
hotel_21,2023-05-14,2023-05-05,0.8055555555555556,0.9953703703703703,0.8055555555555556,0.9917924159704653,0.9732379283434897,0.83149904,0.8095823,0.92125344
hotel_21,2023-05-15,2023-05-05,0.8194444444444444,0.9953703703703703,0.8148148148148148,0.9917924159704653,0.9720121311276655,0.8682748,0.81430566,0.9883112
hotel_21,2023-05-16,2023-05-05,1.0092592592592593,0.9953703703703703,0.9166666666666666,0.9917924159704653,0.9717392313249573,0.9203674,0.88020056,1.019214
hotel_21,2023-05-17,2023-05-05,1.0092592592592593,0.9953703703703703,0.9907407407407407,0.9917924159704653,0.9709816367458874,0.929143,0.93608415,1.0185621
hotel_21,2023-05-18,2023-05-05,1.0046296296296295,0.9953703703703703,0.9814814814814815,0.9917924159704653,0.9707539994282708,0.93742365,0.9794409,1.0003548
hotel_21,2023-05-19,2023-05-05,0.8842592592592593,0.9953703703703703,0.9953703703703703,0.9917924159704653,0.9702807829406086,0.9551394,0.9737054,1.0092909
hotel_21,2023-05-20,2023-05-05,1.0138888888888888,0.9953703703703703,0.9861111111111112,0.9917924159704653,0.9701043339593958,0.96010107,0.9770777,1.020282
hotel_21,2023-05-21,2023-05-05,1.0,0.9953703703703703,0.8055555555555556,0.9917924159704653,0.9698058492086536,0.8726648,0.91388786,0.9151779
hotel_21,2023-05-22,2023-05-05,0.9537037037037037,0.9953703703703703,0.8148148148148148,0.9917924159704653,0.9696748599345891,0.8818489,0.9316868,0.9385594
hotel_21,2023-05-23,2023-05-05,0.9166666666666666,0.9953703703703703,0.9166666666666666,0.9917924159704653,0.9694849218939879,0.91790307,0.94471437,0.9463051
hotel_21,2023-05-24,2023-05-05,0.9166666666666666,0.9953703703703703,0.9907407407407407,0.9917924159704653,0.9693903584666739,0.91910875,0.9441426,0.9772245
hotel_21,2023-05-25,2023-05-05,0.9259259259259259,0.9953703703703703,0.9814814814814815,0.9917924159704653,0.9692685444600109,0.9353875,0.96884227,0.97876436
hotel_21,2023-05-26,2023-05-05,0.9814814814814815,0.9953703703703703,0.9953703703703703,0.9917924159704653,0.9692015727969324,0.9731917,0.9530763,0.9752533
hotel_21,2023-05-27,2023-05-05,1.0092592592592593,0.9953703703703703,0.9861111111111112,0.9917924159704653,0.9691229138828655,0.9600395,0.95424765,0.9538395
hotel_21,2023-05-28,2023-05-05,1.0046296296296295,0.9953703703703703,0.8055555555555556,0.9917924159704653,0.9690761274630869,0.9172431,0.86872524,0.8086615
hotel_21,2023-05-29,2023-05-05,0.75,0.9953703703703703,0.8148148148148148,0.9917924159704653,0.9690250354094639,0.8379752,0.88972527,0.84228563
hotel_21,2023-05-30,2023-05-05,0.75,0.9953703703703703,0.9166666666666666,0.9917924159704653,0.9689926770008312,0.8701379,0.90980196,0.8768594
hotel_21,2023-05-31,2023-05-05,0.8981481481481481,0.9953703703703703,0.9907407407407407,0.9917924159704653,0.9689593240861558,0.8590499,0.93333846,0.9008723
hotel_21,2023-06-01,2023-05-05,0.9444444444444444,0.9953703703703703,0.9814814814814815,0.9917924159704653,0.9689371122259263,0.8754048,0.94807744,0.90922093
hotel_21,2023-06-02,2023-05-05,1.0,0.9953703703703703,0.9953703703703703,0.9917924159704653,0.9689152473275843,0.9285104,0.9302718,0.9555211
hotel_21,2023-06-03,2023-06-02,1.0046296296296295,1.0,1.0092592592592593,0.9844981273196443,0.9798542203057393,0.9850771,1.0011038,0.987226
hotel_21,2023-06-04,2023-06-02,0.9814814814814815,1.0,1.0046296296296295,0.9844981273196443,0.9735662017955337,0.94950104,0.91244024,0.94498473
hotel_21,2023-06-05,2023-06-02,1.0,1.0,0.75,0.9844981273196443,0.9691601913940293,0.88594186,0.93117034,0.9152593
hotel_21,2023-06-06,2023-06-02,0.9675925925925926,1.0,0.75,0.9844981273196443,0.9653822213525872,0.9303275,0.9649457,0.9573143
hotel_21,2023-06-07,2023-06-02,0.9583333333333334,1.0,0.8981481481481481,0.9844981273196443,0.9626652418330224,0.92393357,1.0190215,0.9921066
hotel_21,2023-06-08,2023-06-02,1.0,1.0,0.9444444444444444,0.9844981273196443,0.9603883146560378,0.92672884,0.9859243,0.99376106
hotel_21,2023-06-09,2023-06-02,0.9907407407407407,1.0,1.0,0.9844981273196443,0.9587182107671581,0.9721483,1.0052744,0.9901472
hotel_21,2023-06-10,2023-06-02,1.0231481481481481,1.0,1.0092592592592593,0.9844981273196443,0.9573426455107712,0.9997594,1.0351685,0.98527735
hotel_21,2023-06-11,2023-06-02,0.9861111111111112,1.0,1.0046296296296295,0.9844981273196443,0.9563184753004352,0.9125939,0.9435804,0.96468914
hotel_21,2023-06-12,2023-06-02,1.0,1.0,0.75,0.9844981273196443,0.9554859160480722,0.92867297,0.8943348,0.9677597
hotel_21,2023-06-13,2023-06-02,0.9768518518518519,1.0,0.75,0.9844981273196443,0.9548589664110588,0.9690567,0.8878562,0.9820278
hotel_21,2023-06-14,2023-06-02,0.9722222222222222,1.0,0.8981481481481481,0.9844981273196443,0.9543543466536396,0.9325117,0.9019446,0.98039377
hotel_21,2023-06-15,2023-06-02,0.9953703703703703,1.0,0.9444444444444444,0.9844981273196443,0.9539710655637615,0.9323639,0.92214644,0.990654
hotel_21,2023-06-16,2023-06-02,1.0,1.0,1.0,0.9844981273196443,0.953664880586952,0.9345864,0.9408718,1.0130465
hotel_21,2023-06-17,2023-06-02,1.0,1.0,1.0092592592592593,0.9844981273196443,0.9534307978594786,0.992257,0.96090806,0.98856926
hotel_21,2023-06-18,2023-06-02,0.9583333333333334,1.0,1.0046296296296295,0.9844981273196443,0.9532448622281506,0.92229396,0.8877934,0.9246482
hotel_21,2023-06-19,2023-06-02,0.9768518518518519,1.0,0.75,0.9844981273196443,0.953102007238219,0.9445757,0.88814455,0.9018078
hotel_21,2023-06-20,2023-06-02,0.9814814814814815,1.0,0.75,0.9844981273196443,0.9529890237464511,0.9783959,0.8624394,0.9052852
hotel_21,2023-06-21,2023-06-02,0.9629629629629629,1.0,0.8981481481481481,0.9844981273196443,0.9529018921617967,0.9838354,0.8737625,0.9300223
hotel_21,2023-06-22,2023-06-02,0.9814814814814815,1.0,0.9444444444444444,0.9844981273196443,0.9528332049986237,0.964297,0.8644803,0.94284916
hotel_21,2023-06-23,2023-06-02,0.9351851851851852,1.0,1.0,0.9844981273196443,0.9527800835201709,0.9583045,0.8961768,0.9601054
hotel_21,2023-06-24,2023-06-02,1.0,1.0,1.0092592592592593,0.9844981273196443,0.9527383106363224,0.9887931,0.9400642,0.99020094
hotel_21,2023-06-25,2023-06-02,0.9166666666666666,1.0,1.0046296296296295,0.9844981273196443,0.9527059345484299,0.86186945,0.9077452,0.9469166
hotel_21,2023-06-26,2023-06-02,0.9861111111111112,1.0,0.75,0.9844981273196443,0.9526805228564328,0.8996468,0.9433798,0.9331878
hotel_21,2023-06-27,2023-06-02,1.0,1.0,0.75,0.9844981273196443,0.9526607953380666,0.92424774,0.9546441,0.93337196
hotel_21,2023-06-28,2023-06-02,0.9953703703703703,1.0,0.8981481481481481,0.9844981273196443,0.9526453333974491,0.9390041,0.97774756,0.94261825
hotel_21,2023-06-29,2023-06-02,0.9907407407407407,1.0,0.9444444444444444,0.9844981273196443,0.952633315175145,0.9344298,0.940797,0.95063186
hotel_21,2023-06-30,2023-06-02,0.9074074074074074,1.0,1.0,0.9844981273196443,0.9526239057367767,0.9650798,0.94403404,0.9764121
hotel_28,2023-02-11,2023-02-10,0.0,0.0,0.0,1.226178903134799e-34,-0.009101702038757709,0.010346786,-0.009815801,0.0024230378
hotel_28,2023-02-12,2023-02-10,0.0,0.0,0.0,1.226178903134799e-34,-0.015496324194721245,0.008869531,-0.019964406,-0.000870076
hotel_28,2023-02-13,2023-02-10,0.0,0.0,0.0,1.226178903134799e-34,-0.01838694015778075,0.013902332,-0.0019596182,0.0017576666
hotel_28,2023-02-14,2023-02-10,0.0,0.0,0.0,1.226178903134799e-34,-0.02049716634534615,0.016308118,0.009814333,0.002440512
hotel_28,2023-02-15,2023-02-10,0.0,0.0,0.0,1.226178903134799e-34,-0.02243358912955906,0.01962082,0.03172861,0.0032484587
hotel_28,2023-02-16,2023-02-10,0.0,0.0,0.0,1.226178903134799e-34,-0.024331303535003235,0.018707663,0.05408717,0.0077600563
hotel_28,2023-02-17,2023-02-10,0.0,0.0,0.0,1.226178903134799e-34,-0.02622039705870416,0.031895414,0.05299543,0.012816325
hotel_28,2023-02-18,2023-02-10,0.0,0.0,0.0,1.226178903134799e-34,-0.028107570594939846,0.031367917,0.08074008,0.02313735
hotel_28,2023-02-19,2023-02-10,0.0,0.0,0.0,1.226178903134799e-34,-0.029994316523887066,0.019226,0.0929165,0.030058507
hotel_28,2023-02-20,2023-02-10,0.0,0.0,0.0,1.226178903134799e-34,-0.031880967218882894,0.010135237,0.11981348,0.029333223
hotel_28,2023-02-21,2023-02-10,0.0,0.0,0.0,1.226178903134799e-34,-0.03376759670398399,0.0151930265,0.09417982,0.026551217
hotel_28,2023-02-22,2023-02-10,0.0,0.0,0.0,1.226178903134799e-34,-0.035654221465353575,0.010759011,0.089817286,0.02539052
hotel_28,2023-02-23,2023-02-10,0.0,0.0,0.0,1.226178903134799e-34,-0.03754084517468381,0.01550095,0.055586047,0.021005318
hotel_28,2023-02-24,2023-02-10,0.0,0.0,0.0,1.226178903134799e-34,-0.039427468649710806,0.026552426,0.06598604,0.01189173
hotel_28,2023-02-25,2023-02-10,0.0,0.0,0.0,1.226178903134799e-34,-0.0413140920725551,0.027932754,0.057157304,0.012012929
hotel_28,2023-02-26,2023-02-10,0.0,0.0,0.0,1.226178903134799e-34,-0.043200715483777796,0.016250817,0.045554943,0.0111564305
hotel_28,2023-02-27,2023-02-10,0.0,0.0,0.0,1.226178903134799e-34,-0.04508733889241201,0.007871959,-0.03736663,-0.003994814
hotel_28,2023-02-28,2023-02-10,0.0,0.0,0.0,1.226178903134799e-34,-0.04697396230046991,0.013323044,-0.03271424,-0.014153374
hotel_28,2023-03-01,2023-02-10,0.0,0.0,0.0,1.226178903134799e-34,-0.04886058570839924,0.0032898062,-0.030958183,-0.01332064
hotel_28,2023-03-02,2023-02-10,0.0,0.0,0.0,1.226178903134799e-34,-0.05074720911630015,0.009621921,0.009387393,-0.010107032
hotel_28,2023-03-03,2023-02-10,0.0,0.0,0.0,1.226178903134799e-34,-0.05263383252419451,0.010614593,0.015678948,-0.0068693683
hotel_28,2023-03-04,2023-02-10,0.0,0.0,0.0,1.226178903134799e-34,-0.05452045593208754,0.002834206,0.01560736,0.001281416
hotel_28,2023-03-05,2023-02-10,0.0,0.0,0.0,1.226178903134799e-34,-0.05640707933998035,-0.0028818222,-0.0010651201,0.0016106963
hotel_28,2023-03-06,2023-02-10,0.0,0.0,0.0,1.226178903134799e-34,-0.05829370274787293,-0.00090494764,-0.036190607,-0.0036223643
hotel_28,2023-03-07,2023-02-10,0.0,0.0,0.0,1.226178903134799e-34,-0.06018032615576563,0.01049209,0.015339213,-0.0016020704
hotel_28,2023-03-08,2023-02-10,0.0,0.0,0.0,1.226178903134799e-34,-0.062066949563658214,0.010635348,0.056758046,-0.00025858544
hotel_28,2023-03-09,2023-02-10,0.0,0.0,0.0,1.226178903134799e-34,-0.06395357297155091,0.0071241716,0.06017348,0.0040158695
hotel_28,2023-03-10,2023-02-10,0.0,0.0,0.0,1.226178903134799e-34,-0.0658401963794435,0.017953264,-0.015395105,-0.00083092693
hotel_28,2023-03-11,2023-03-10,0.0,0.0,0.0,9.587740118181452e-50,-0.0084270665327274,0.00024974014,0.0008549467,0.022799885
hotel_28,2023-03-12,2023-03-10,0.0,0.0,0.0,9.587740118181452e-50,-0.014351791257544266,-0.0021917904,-0.007994105,0.025513738
hotel_28,2023-03-13,2023-03-10,0.0,0.0,0.0,9.587740118181452e-50,-0.01703579640541919,-0.004084775,0.024441145,0.012384422
hotel_28,2023-03-14,2023-03-10,0.0,0.0,0.0,9.587740118181452e-50,-0.019000599648032024,0.002952511,-0.018830912,0.010450292
hotel_28,2023-03-15,2023-03-10,0.0,0.0,0.0,9.587740118181452e-50,-0.02080579285088291,0.0053969175,0.0006211754,0.011845946
hotel_28,2023-03-16,2023-03-10,0.0,0.0,0.0,9.587740118181452e-50,-0.02257556433890473,0.006354521,-0.05844962,-0.002043039
hotel_28,2023-03-17,2023-03-10,0.0,0.0,0.0,9.587740118181452e-50,-0.024337474805882442,0.009580713,-0.018726114,0.01039901
hotel_28,2023-03-18,2023-03-10,0.016666666666666666,0.0,0.0,9.587740118181452e-50,-0.02609764070311915,0.0013633263,0.0511681,0.018562656
hotel_28,2023-03-19,2023-03-10,0.008333333333333333,0.0,0.0,9.587740118181452e-50,-0.027857419433909847,-0.004942381,-0.0025812518,0.01780071
hotel_28,2023-03-20,2023-03-10,0.0,0.0,0.0,9.587740118181452e-50,-0.029617112242164123,-0.0043458343,0.046216525,0.03005232
hotel_28,2023-03-21,2023-03-10,0.0,0.0,0.0,9.587740118181452e-50,-0.031376785981921396,0.0036422014,0.08248548,0.031307857
hotel_28,2023-03-22,2023-03-10,0.0,0.0,0.0,9.587740118181452e-50,-0.03313645548987165,0.0060866084,0.2182736,0.0142067
hotel_28,2023-03-23,2023-03-10,0.0,0.0,0.0,9.587740118181452e-50,-0.034896124058671374,0.007044212,0.22454926,0.007816333
hotel_28,2023-03-24,2023-03-10,0.0,0.0,0.0,9.587740118181452e-50,-0.036655792419048705,0.010270405,0.1708335,0.012138428
hotel_28,2023-03-25,2023-03-10,0.0,0.0,0.0,9.587740118181452e-50,-0.03841546073317148,0.0020530187,0.19837658,0.01301781
hotel_28,2023-03-26,2023-03-10,0.0,0.0,0.0,9.587740118181452e-50,-0.040175129037029134,-0.004252688,0.14328691,0.013002119
hotel_28,2023-03-27,2023-03-10,0.0,0.0,0.0,9.587740118181452e-50,-0.04193479733860883,-0.00468162,0.07496674,0.01163725
hotel_28,2023-03-28,2023-03-10,0.0,0.0,0.0,9.587740118181452e-50,-0.04369446563968282,0.0024081965,0.050471365,0.01652075
hotel_28,2023-03-29,2023-03-10,0.0,0.0,0.0,9.587740118181452e-50,-0.04545413394064457,0.0048526023,0.046854015,0.005437294
hotel_28,2023-03-30,2023-03-10,0.0,0.0,0.0,9.587740118181452e-50,-0.04721380224158156,0.004481947,0.0720949,0.009698629
hotel_28,2023-03-31,2023-03-10,0.0,0.0,0.0,9.587740118181452e-50,-0.04897347054251289,0.009881839,0.10671902,0.012928683
hotel_28,2023-04-01,2023-03-10,0.0,0.0,0.0,9.587740118181452e-50,-0.05073313884344299,0.0010252685,0.11278112,0.0038652662
hotel_28,2023-04-02,2023-03-10,0.0,0.0,0.0,9.587740118181452e-50,-0.05249280714437299,-0.0052804444,-0.047982704,-0.0018669795
hotel_28,2023-04-03,2023-03-10,0.0,0.0,0.0,9.587740118181452e-50,-0.05425247544530276,-0.004690077,-0.07967802,0.004483912
hotel_28,2023-04-04,2023-03-10,0.0,0.0,0.0,9.587740118181452e-50,-0.056012143746232534,0.0032979606,-0.07036336,0.00024655834
hotel_28,2023-04-05,2023-03-10,0.0,0.0,0.0,9.587740118181452e-50,-0.05777181204716242,0.0057423664,-0.054954395,-0.0044199787
hotel_28,2023-04-06,2023-03-10,0.0,0.0,0.0,9.587740118181452e-50,-0.05953148034809219,0.006699972,-0.12141333,-0.016760577
hotel_28,2023-04-07,2023-03-10,0.0,0.0,0.0,9.587740118181452e-50,-0.061291148649021965,0.012099861,-0.07856281,-0.023802752
hotel_28,2023-04-08,2023-04-07,0.0,0.0,0.0,5.244983289420186e-13,-0.007713414871181712,0.003976452,0.0017995555,0.0035401878
hotel_28,2023-04-09,2023-04-07,0.0,0.0,0.0,5.244983289420186e-13,-0.013155282510130428,-0.0062014763,0.012769274,0.004772032
hotel_28,2023-04-10,2023-04-07,0.0,0.0,0.0,5.244983289420186e-13,-0.01564280937474516,0.0061992486,0.018527199,0.014866181
hotel_28,2023-04-11,2023-04-07,0.0,0.0,0.0,5.244983289420186e-13,-0.017476757655362607,0.009720316,-0.03333963,0.015668612
hotel_28,2023-04-12,2023-04-07,0.0,0.0,0.0,5.244983289420186e-13,-0.01916611700799642,0.013033438,-0.012719993,0.013485074
hotel_28,2023-04-13,2023-04-07,0.0,0.0,0.0,5.244983289420186e-13,-0.020823489452540866,0.013877972,-0.025785973,0.013758755
hotel_28,2023-04-14,2023-04-07,0.0,0.0,0.0,5.244983289420186e-13,-0.02247378554412116,0.025095146,-0.028107088,0.016432539
hotel_28,2023-04-15,2023-04-07,0.0,0.0,0.0,5.244983289420186e-13,-0.024122516158627705,0.015377317,-0.00776954,0.009125393
hotel_28,2023-04-16,2023-04-07,0.0,0.0,0.0,5.244983289420186e-13,-0.02577090044805963,0.019388875,0.015011506,-0.002575511
hotel_28,2023-04-17,2023-04-07,0.0,0.0,0.0,5.244983289420186e-13,-0.027419208121193916,0.0024852746,0.025296675,-0.0019697584
hotel_28,2023-04-18,2023-04-07,0.0,0.0,0.0,5.244983289420186e-13,-0.02906749884477,0.003976568,0.027343653,0.0026896596
hotel_28,2023-04-19,2023-04-07,0.0,0.0,0.0,5.244983289420186e-13,-0.030715785818653973,0.0039270166,0.038859017,0.0022165421
hotel_28,2023-04-20,2023-04-07,0.0,0.0,0.0,5.244983289420186e-13,-0.0323640719630065,0.0049236715,0.022672132,-0.0024795607
hotel_28,2023-04-21,2023-04-07,0.0,0.0,0.0,5.244983289420186e-13,-0.034012357923844605,0.011947617,0.028353719,-0.010894498
hotel_28,2023-04-22,2023-04-07,0.0,0.0,0.0,5.244983289420186e-13,-0.035660643844084405,0.0046343114,-0.00050806627,-0.014169001
hotel_28,2023-04-23,2023-04-07,0.0,0.0,0.0,5.244983289420186e-13,-0.037308929755342946,-0.008002222,-0.028737735,0.0005749054
hotel_28,2023-04-24,2023-04-07,0.0,0.0,0.0,5.244983289420186e-13,-0.03895721566461452,-0.002130483,-0.037931226,0.009119039
hotel_28,2023-04-25,2023-04-07,0.0,0.0,0.0,5.244983289420186e-13,-0.040605501573446556,0.00032846312,-0.032076918,0.011730993
hotel_28,2023-04-26,2023-04-07,0.0,0.0,0.0,5.244983289420186e-13,-0.04225378748218134,0.0028912348,-0.031579554,-0.002533894
hotel_28,2023-04-27,2023-04-07,0.0,0.0,0.0,5.244983289420186e-13,-0.04390207339089458,0.0049236715,-0.049619883,-0.0004578745
hotel_28,2023-04-28,2023-04-07,0.0,0.0,0.0,5.244983289420186e-13,-0.04555035929960294,0.011947617,0.0039383397,-0.0046413867
hotel_28,2023-04-29,2023-04-07,0.0,0.0,0.0,5.244983289420186e-13,-0.04719864520831041,0.0046343114,-0.0057096826,-0.010655788
hotel_28,2023-04-30,2023-04-07,0.0,0.0,0.0,5.244983289420186e-13,-0.048846931117017656,-0.0072622136,-0.047573745,-0.007950889
hotel_28,2023-05-01,2023-04-07,0.0,0.0,0.0,5.244983289420186e-13,-0.05049521702572479,0.0014201971,-0.06608896,-0.0077171773
hotel_28,2023-05-02,2023-04-07,0.0,0.0,0.0,5.244983289420186e-13,-0.05214350293443193,0.003732578,-0.073757395,-0.01586647
hotel_28,2023-05-03,2023-04-07,0.0,0.0,0.0,5.244983289420186e-13,-0.053791788843138955,0.0068349326,-0.04807427,-0.009702372
hotel_28,2023-05-04,2023-04-07,0.0,0.0,0.0,5.244983289420186e-13,-0.05544007475184609,0.008260515,-0.072896264,-0.017096609
hotel_28,2023-05-05,2023-04-07,0.0,0.0,0.0,5.244983289420186e-13,-0.05708836066055323,0.01617359,-0.027175128,-0.019218653
hotel_28,2023-05-06,2023-05-05,0.0,0.0,0.0,4.10115820575629e-28,-0.007336202507954748,0.0071713864,-0.0019409303,-0.0038142565
hotel_28,2023-05-07,2023-05-05,0.0,0.0,0.0,4.10115820575629e-28,-0.012500487149670336,0.0040261047,0.016673151,0.0017744564
hotel_28,2023-05-08,2023-05-05,0.0,0.0,0.0,4.10115820575629e-28,-0.01484897633855653,-0.0062109875,0.028277397,-0.0037746052
hotel_28,2023-05-09,2023-05-05,0.0,0.0,0.0,4.10115820575629e-28,-0.016576068437509472,-0.0027949722,0.026714262,-0.0095493235
hotel_28,2023-05-10,2023-05-05,0.0,0.0,0.0,4.10115820575629e-28,-0.018166029004770268,-6.478313e-05,0.089958176,-0.0022143275
hotel_28,2023-05-11,2023-05-05,0.0,0.0,0.0,4.10115820575629e-28,-0.019725727027695372,0.002142154,0.09033744,-0.0020588553
hotel_28,2023-05-12,2023-05-05,0.0,0.0,0.0,4.10115820575629e-28,-0.0212787466333495,0.0098718135,0.062135763,0.0007079374
hotel_28,2023-05-13,2023-05-05,0.0,0.0,0.0,4.10115820575629e-28,-0.02283029242844903,0.004085741,0.07683418,0.013399739
hotel_28,2023-05-14,2023-05-05,0.0,0.0,0.0,4.10115820575629e-28,-0.02438151297918878,-0.0028772808,0.1301781,0.046721537
hotel_28,2023-05-15,2023-05-05,0.0,0.0,0.0,4.10115820575629e-28,-0.025932661754154207,-0.007840699,0.16996036,0.061998226
hotel_28,2023-05-16,2023-05-05,0.0,0.0,0.0,4.10115820575629e-28,-0.02748379468945439,-0.0027949722,0.16727614,0.06067895
hotel_28,2023-05-17,2023-05-05,0.0,0.0,0.0,4.10115820575629e-28,-0.029034924129216044,-6.478313e-05,0.19602926,0.06323409
hotel_28,2023-05-18,2023-05-05,0.0,0.0,0.0,4.10115820575629e-28,-0.030586052797572982,0.002142154,0.14754948,0.058166515
hotel_28,2023-05-19,2023-05-05,0.0,0.0,0.0,4.10115820575629e-28,-0.03213718129569443,0.010605823,0.102553904,0.033650488
hotel_28,2023-05-20,2023-05-05,0.0,0.0,0.0,4.10115820575629e-28,-0.0336883097562477,0.004085741,0.053004608,0.012032897
hotel_28,2023-05-21,2023-05-05,0.0,0.0,0.0,4.10115820575629e-28,-0.0352394382085105,-0.0028772808,0.013658177,0.002309159
hotel_28,2023-05-22,2023-05-05,0.0,0.0,0.0,4.10115820575629e-28,-0.036790566658943646,-0.0074153957,-0.054337714,-0.0007064082
hotel_28,2023-05-23,2023-05-05,0.0,0.0,0.0,4.10115820575629e-28,-0.038341695108973006,-0.002369669,-0.1103107,-0.012792313
hotel_28,2023-05-24,2023-05-05,0.0,0.0,0.0,4.10115820575629e-28,-0.039892823558913326,0.00036052,-0.09373062,-0.007845979
hotel_28,2023-05-25,2023-05-05,0.0,0.0,0.0,4.10115820575629e-28,-0.041443952008833884,0.0010989401,-0.10750257,-0.015547459
hotel_28,2023-05-26,2023-05-05,0.0,0.0,0.0,4.10115820575629e-28,-0.04299508045875022,0.009562611,-0.101665184,-0.020838827
hotel_28,2023-05-27,2023-05-05,0.0,0.0,0.0,4.10115820575629e-28,-0.04454620890866545,0.0030425293,-0.09836306,-0.03271305
hotel_28,2023-05-28,2023-05-05,0.0,0.0,0.0,4.10115820575629e-28,-0.04609733735858057,0.0002330375,-0.06584005,-0.030326124
hotel_28,2023-05-29,2023-05-05,0.0,0.0,0.0,4.10115820575629e-28,-0.04764846580849569,-0.01928151,-0.062349327,-0.0353828
hotel_28,2023-05-30,2023-05-05,0.0,0.0,0.0,4.10115820575629e-28,-0.049199594258410695,-0.0064691696,-0.16488346,-0.031489838
hotel_28,2023-05-31,2023-05-05,0.0,0.0,0.0,4.10115820575629e-28,-0.05075072270832581,-0.0037389786,-0.1414172,-0.026557386
hotel_28,2023-06-01,2023-05-05,0.0,0.0,0.0,4.10115820575629e-28,-0.05230185115824082,-0.0002906345,-0.12271084,-0.016808603
hotel_28,2023-06-02,2023-05-05,0.0,0.0,0.0,4.10115820575629e-28,-0.053852979608155827,0.007251103,-0.12261358,-0.017392978
hotel_28,2023-06-03,2023-06-02,0.0,0.0,0.0,3.2067783061519506e-43,-0.006896056463178257,-0.0024007529,0.00035745837,0.003526594
hotel_28,2023-06-04,2023-06-02,0.0,0.0,0.0,3.2067783061519506e-43,-0.011752486616137148,-0.006496574,0.039196722,0.024953732
hotel_28,2023-06-05,2023-06-02,0.0,0.0,0.0,3.2067783061519506e-43,-0.013963841931357468,0.013783204,0.1544612,-0.012519475
hotel_28,2023-06-06,2023-06-02,0.0,0.0,0.0,3.2067783061519506e-43,-0.015592754939618092,0.01684361,0.17659862,-0.019238025
hotel_28,2023-06-07,2023-06-02,0.0,0.0,0.0,3.2067783061519506e-43,-0.017093414850425148,0.017179826,0.22524127,-0.009398827
hotel_28,2023-06-08,2023-06-02,0.0,0.0,0.0,3.2067783061519506e-43,-0.018565833582990354,0.019244814,0.18885228,-0.0011725994
hotel_28,2023-06-09,2023-06-02,0.0,0.0,0.0,3.2067783061519506e-43,-0.020032033641977143,0.024901638,0.16128087,0.016952
hotel_28,2023-06-10,2023-06-02,0.0,0.0,0.0,3.2067783061519506e-43,-0.02149686435650011,0.020092497,0.16073023,0.054278746
hotel_28,2023-06-11,2023-06-02,0.0,0.0,0.0,3.2067783061519506e-43,-0.02296139354301452,0.013702496,0.24001159,0.10044904
hotel_28,2023-06-12,2023-06-02,0.0,0.0,0.0,3.2067783061519506e-43,-0.02442585633342298,0.019329907,0.28726834,0.12601414
hotel_28,2023-06-13,2023-06-02,0.008333333333333333,0.0,0.0,3.2067783061519506e-43,-0.025890304503488615,0.01768741,0.23665662,0.1368157
hotel_28,2023-06-14,2023-06-02,0.008333333333333333,0.0,0.0,3.2067783061519506e-43,-0.027354749454172267,0.020930909,0.2707266,0.1300695
hotel_28,2023-06-15,2023-06-02,0.0,0.0,0.0,3.2067783061519506e-43,-0.028819193695951872,0.018808046,0.25756246,0.09904143
hotel_28,2023-06-16,2023-06-02,0.0,0.0,0.0,3.2067783061519506e-43,-0.030283637781631678,0.024464874,0.17615074,0.057723444
hotel_28,2023-06-17,2023-06-02,0.0,0.0,0.0,3.2067783061519506e-43,-0.031748081832938535,0.019655729,0.06489821,0.015740864
hotel_28,2023-06-18,2023-06-02,0.0,0.0,0.0,3.2067783061519506e-43,-0.03321252587667656,0.0124793155,0.05763126,-0.0026703943
hotel_28,2023-06-19,2023-06-02,0.0,0.0,0.0,3.2067783061519506e-43,-0.0346769699187478,0.015862416,-0.003591068,-0.03667884
hotel_28,2023-06-20,2023-06-02,0.0,0.0,0.0,3.2067783061519506e-43,-0.03614141396045201,0.013599897,-0.12676752,-0.049210552
hotel_28,2023-06-21,2023-06-02,0.0,0.0,0.0,3.2067783061519506e-43,-0.0376058580020755,0.015047286,-0.14603591,-0.045632333
hotel_28,2023-06-22,2023-06-02,0.0,0.0,0.0,3.2067783061519506e-43,-0.039070302043681115,0.0115224775,-0.11254309,-0.05628934
hotel_28,2023-06-23,2023-06-02,0.0,0.0,0.0,3.2067783061519506e-43,-0.04053474608528285,0.01546291,-0.06579028,-0.0478551
hotel_28,2023-06-24,2023-06-02,0.008333333333333333,0.0,0.0,3.2067783061519506e-43,-0.04199919012688369,0.010653755,-0.0862173,-0.04768448
hotel_28,2023-06-25,2023-06-02,0.008333333333333333,0.0,0.0,3.2067783061519506e-43,-0.04346363416848431,0.0046846457,-0.040018238,-0.04650724
hotel_28,2023-06-26,2023-06-02,0.008333333333333333,0.0,0.0,3.2067783061519506e-43,-0.04492807821008493,-0.002562086,0.00066556036,-0.06571447
hotel_28,2023-06-27,2023-06-02,0.008333333333333333,0.0,0.0,3.2067783061519506e-43,-0.04639252225168555,-0.0012973035,-0.06830785,-0.047134236
hotel_28,2023-06-28,2023-06-02,0.13333333333333333,0.0,0.0,3.2067783061519506e-43,-0.047856966293286174,-0.0013924483,-0.10150969,-0.044317055
hotel_28,2023-06-29,2023-06-02,0.4166666666666667,0.0,0.0,3.2067783061519506e-43,-0.049321410334886795,-5.4365497e-05,-0.070432395,-0.047010418
hotel_28,2023-06-30,2023-06-02,0.6083333333333333,0.0,0.0,3.2067783061519506e-43,-0.050785854376487416,0.003886056,0.009098269,-0.047312405
hotel_35,2023-02-11,2023-02-10,0.5703125,0.53125,0.38671875,0.5322247648103229,0.5314676946733791,0.5335429,0.51048136,0.5612522
hotel_35,2023-02-12,2023-02-10,0.48828125,0.53125,0.400390625,0.5322247648103229,0.5382064933143772,0.4275845,0.5407849,0.52176535
hotel_35,2023-02-13,2023-02-10,0.53515625,0.53125,0.564453125,0.5322247648103229,0.5361255871555135,0.4667315,0.5598733,0.48867953
hotel_35,2023-02-14,2023-02-10,0.6015625,0.53125,0.640625,0.5322247648103229,0.5361255871555135,0.55025595,0.5413262,0.47821382
hotel_35,2023-02-15,2023-02-10,0.638671875,0.53125,0.619140625,0.5322247648103229,0.5361255871555135,0.70516473,0.51355153,0.4853233
hotel_35,2023-02-16,2023-02-10,0.63671875,0.53125,0.54296875,0.5322247648103229,0.5361255871555135,0.67429036,0.51489365,0.41229004
hotel_35,2023-02-17,2023-02-10,0.693359375,0.53125,0.53125,0.5322247648103229,0.5361255871555135,0.72887075,0.5617446,0.40105677
hotel_35,2023-02-18,2023-02-10,0.673828125,0.53125,0.38671875,0.5322247648103229,0.5361255871555135,0.77908844,0.55472755,0.42238942
hotel_35,2023-02-19,2023-02-10,0.638671875,0.53125,0.400390625,0.5322247648103229,0.5361255871555135,0.6079351,0.49947354,0.44548953
hotel_35,2023-02-20,2023-02-10,0.8046875,0.53125,0.564453125,0.5322247648103229,0.5361255871555135,0.63957644,0.5028199,0.45887822
hotel_35,2023-02-21,2023-02-10,0.84375,0.53125,0.640625,0.5322247648103229,0.5361255871555135,0.6450742,0.50902337,0.38225427
hotel_35,2023-02-22,2023-02-10,0.83984375,0.53125,0.619140625,0.5322247648103229,0.5361255871555135,0.70078707,0.47749177,0.35612345
hotel_35,2023-02-23,2023-02-10,0.869140625,0.53125,0.54296875,0.5322247648103229,0.5361255871555135,0.7083231,0.49178547,0.36264807
hotel_35,2023-02-24,2023-02-10,0.78515625,0.53125,0.53125,0.5322247648103229,0.5361255871555135,0.72050315,0.54877126,0.40505522
hotel_35,2023-02-25,2023-02-10,0.712890625,0.53125,0.38671875,0.5322247648103229,0.5361255871555135,0.74482,0.54671717,0.41213676
hotel_35,2023-02-26,2023-02-10,0.666015625,0.53125,0.400390625,0.5322247648103229,0.5361255871555135,0.5816159,0.53843486,0.3654711
hotel_35,2023-02-27,2023-02-10,0.716796875,0.53125,0.564453125,0.5322247648103229,0.5361255871555135,0.65002,0.54526955,0.38594568
hotel_35,2023-02-28,2023-02-10,0.810546875,0.53125,0.640625,0.5322247648103229,0.5361255871555135,0.70950353,0.50636667,0.37039262
hotel_35,2023-03-01,2023-02-10,0.81640625,0.53125,0.619140625,0.5322247648103229,0.5361255871555135,0.69596064,0.52899146,0.40827242
hotel_35,2023-03-02,2023-02-10,0.87109375,0.53125,0.54296875,0.5322247648103229,0.5361255871555135,0.7284516,0.5519398,0.35890067
hotel_35,2023-03-03,2023-02-10,0.796875,0.53125,0.53125,0.5322247648103229,0.5361255871555135,0.8295924,0.56519794,0.35843834
hotel_35,2023-03-04,2023-02-10,0.740234375,0.53125,0.38671875,0.5322247648103229,0.5361255871555135,0.79133046,0.55755013,0.3375267
hotel_35,2023-03-05,2023-02-10,0.626953125,0.53125,0.400390625,0.5322247648103229,0.5361255871555135,0.5908601,0.5641238,0.34742308
hotel_35,2023-03-06,2023-02-10,0.64453125,0.53125,0.564453125,0.5322247648103229,0.5361255871555135,0.71036434,0.5778593,0.37125638
hotel_35,2023-03-07,2023-02-10,0.677734375,0.53125,0.640625,0.5322247648103229,0.5361255871555135,0.7334754,0.49438125,0.37289664
hotel_35,2023-03-08,2023-02-10,0.720703125,0.53125,0.619140625,0.5322247648103229,0.5361255871555135,0.7908435,0.44812685,0.41192994
hotel_35,2023-03-09,2023-02-10,0.671875,0.53125,0.54296875,0.5322247648103229,0.5361255871555135,0.8210763,0.5093923,0.4032862
hotel_35,2023-03-10,2023-02-10,0.595703125,0.53125,0.53125,0.5322247648103229,0.5361255871555135,0.83354324,0.5749702,0.40623194
hotel_35,2023-03-11,2023-03-10,0.55859375,0.595703125,0.740234375,0.598793794244472,0.5577807970973268,0.68699795,0.70706856,0.58149785
hotel_35,2023-03-12,2023-03-10,0.5,0.595703125,0.626953125,0.598793794244472,0.5421689110309119,0.5267758,0.7161525,0.5881756
hotel_35,2023-03-13,2023-03-10,0.53125,0.595703125,0.64453125,0.598793794244472,0.5677946078033853,0.65170515,0.6421758,0.5420281
hotel_35,2023-03-14,2023-03-10,0.71484375,0.595703125,0.677734375,0.598793794244472,0.6121533847616921,0.7060972,0.6719221,0.579111
hotel_35,2023-03-15,2023-03-10,0.76171875,0.595703125,0.720703125,0.598793794244472,0.6426747737535186,0.71515846,0.60368115,0.5709731
hotel_35,2023-03-16,2023-03-10,0.74609375,0.595703125,0.671875,0.598793794244472,0.6379697339368191,0.7551701,0.61335903,0.589668
hotel_35,2023-03-17,2023-03-10,0.662109375,0.595703125,0.595703125,0.598793794244472,0.6032744720328264,0.79427356,0.6351125,0.59454167
hotel_35,2023-03-18,2023-03-10,0.716796875,0.595703125,0.740234375,0.598793794244472,0.5651683017719475,0.83477634,0.64624894,0.5605729
hotel_35,2023-03-19,2023-03-10,0.708984375,0.595703125,0.626953125,0.598793794244472,0.5513202116891163,0.63594854,0.6360237,0.58515507
hotel_35,2023-03-20,2023-03-10,0.87890625,0.595703125,0.64453125,0.598793794244472,0.5704649912843176,0.7889998,0.67009366,0.6014579
hotel_35,2023-03-21,2023-03-10,0.9375,0.595703125,0.677734375,0.598793794244472,0.607082881679451,0.84487575,0.7115965,0.607574
hotel_35,2023-03-22,2023-03-10,0.88671875,0.595703125,0.720703125,0.598793794244472,0.6338515173428342,0.84943116,0.681004,0.56958663
hotel_35,2023-03-23,2023-03-10,0.767578125,0.595703125,0.671875,0.598793794244472,0.6319685796590371,0.8006271,0.71220464,0.60848176
hotel_35,2023-03-24,2023-03-10,0.828125,0.595703125,0.595703125,0.598793794244472,0.6042756330907495,0.8101939,0.7709623,0.5742293
hotel_35,2023-03-25,2023-03-10,0.84375,0.595703125,0.740234375,0.598793794244472,0.5720877114313294,0.8737094,0.8028501,0.5662209
hotel_35,2023-03-26,2023-03-10,0.74609375,0.595703125,0.626953125,0.598793794244472,0.5588593810170397,0.60857093,0.76324546,0.56754434
hotel_35,2023-03-27,2023-03-10,0.779296875,0.595703125,0.64453125,0.598793794244472,0.5731527572238896,0.7603325,0.7601833,0.62575275
hotel_35,2023-03-28,2023-03-10,0.83203125,0.595703125,0.677734375,0.598793794244472,0.6032312850064153,0.7735999,0.7641852,0.5716189
hotel_35,2023-03-29,2023-03-10,0.822265625,0.595703125,0.720703125,0.598793794244472,0.6265777879409847,0.78232664,0.71764827,0.54514545
hotel_35,2023-03-30,2023-03-10,0.79296875,0.595703125,0.671875,0.598793794244472,0.6266974731631094,0.7734327,0.7340062,0.5252172
hotel_35,2023-03-31,2023-03-10,0.837890625,0.595703125,0.595703125,0.598793794244472,0.6047063107902877,0.798685,0.7577412,0.56026244
hotel_35,2023-04-01,2023-03-10,0.82421875,0.595703125,0.740234375,0.598793794244472,0.5776143140025699,0.8300615,0.77626383,0.5889423
hotel_35,2023-04-02,2023-03-10,0.74609375,0.595703125,0.626953125,0.598793794244472,0.5652309699379049,0.61484885,0.7958693,0.59625477
hotel_35,2023-04-03,2023-03-10,0.634765625,0.595703125,0.64453125,0.598793794244472,0.5757288271446215,0.6763453,0.7522381,0.6154573
hotel_35,2023-04-04,2023-03-10,0.5078125,0.595703125,0.677734375,0.598793794244472,0.6003498092026889,0.7296875,0.73685575,0.5918275
hotel_35,2023-04-05,2023-03-10,0.474609375,0.595703125,0.720703125,0.598793794244472,0.6206001044899682,0.7689678,0.7091495,0.54658604
hotel_35,2023-04-06,2023-03-10,0.5078125,0.595703125,0.671875,0.598793794244472,0.6220964379716406,0.71773344,0.7363966,0.5756699
hotel_35,2023-04-07,2023-03-10,0.48828125,0.595703125,0.595703125,0.598793794244472,0.6047300670305766,0.8083234,0.7562549,0.5950874
hotel_35,2023-04-08,2023-04-07,0.50390625,0.48828125,0.82421875,0.48828320279300197,0.4900371962913806,0.60682493,0.58743787,0.5402458
hotel_35,2023-04-09,2023-04-07,0.443359375,0.48828125,0.74609375,0.48828320279300197,0.46964533472486014,0.45569307,0.61154604,0.572154
hotel_35,2023-04-10,2023-04-07,0.548828125,0.48828125,0.634765625,0.48828320279300197,0.4494890447658768,0.5673969,0.65713,0.5865337
hotel_35,2023-04-11,2023-04-07,0.640625,0.48828125,0.5078125,0.48828320279300197,0.44301494582708206,0.62825316,0.64244217,0.5704852
hotel_35,2023-04-12,2023-04-07,0.826171875,0.48828125,0.474609375,0.48828320279300197,0.45415407832542676,0.6665397,0.624958,0.52913004
hotel_35,2023-04-13,2023-04-07,0.880859375,0.48828125,0.5078125,0.48828320279300197,0.47378128228695043,0.7006705,0.59123045,0.5356944
hotel_35,2023-04-14,2023-04-07,0.8203125,0.48828125,0.48828125,0.48828320279300197,0.48729024333954923,0.7821958,0.56302047,0.5781143
hotel_35,2023-04-15,2023-04-07,0.681640625,0.48828125,0.82421875,0.48828320279300197,0.48538112979871006,0.8265537,0.60991055,0.6077152
hotel_35,2023-04-16,2023-04-07,0.65234375,0.48828125,0.74609375,0.48828320279300197,0.4703981477158659,0.52633077,0.6236166,0.60203236
hotel_35,2023-04-17,2023-04-07,0.72265625,0.48828125,0.634765625,0.48828320279300197,0.4539113924937557,0.7431958,0.6598327,0.59070307
hotel_35,2023-04-18,2023-04-07,0.845703125,0.48828125,0.5078125,0.48828320279300197,0.44783737631225,0.76880294,0.64900994,0.5514872
hotel_35,2023-04-19,2023-04-07,0.890625,0.48828125,0.474609375,0.48828320279300197,0.455872677210407,0.7947597,0.66534424,0.51094973
hotel_35,2023-04-20,2023-04-07,0.88671875,0.48828125,0.5078125,0.48828320279300197,0.4713633419022365,0.7838077,0.57430375,0.4809305
hotel_35,2023-04-21,2023-04-07,0.806640625,0.48828125,0.48828125,0.48828320279300197,0.48273062630313984,0.7884442,0.5313288,0.46433017
hotel_35,2023-04-22,2023-04-07,0.640625,0.48828125,0.82421875,0.48828320279300197,0.4820847346659242,0.81311303,0.5863988,0.47819194
hotel_35,2023-04-23,2023-04-07,0.63671875,0.48828125,0.74609375,0.48828320279300197,0.4706486529867637,0.5633602,0.5492163,0.4336788
hotel_35,2023-04-24,2023-04-07,0.828125,0.48828125,0.634765625,0.48828320279300197,0.457304830675797,0.6810754,0.5941525,0.42738122
hotel_35,2023-04-25,2023-04-07,0.806640625,0.48828125,0.5078125,0.48828320279300197,0.45174177276748384,0.7168274,0.57829934,0.46319997
hotel_35,2023-04-26,2023-04-07,0.84765625,0.48828125,0.474609375,0.48828320279300197,0.45745616816033174,0.7876431,0.57664365,0.48225316
hotel_35,2023-04-27,2023-04-07,0.76953125,0.48828125,0.5078125,0.48828320279300197,0.46963733066102237,0.8147598,0.5786912,0.4651319
hotel_35,2023-04-28,2023-04-07,0.78125,0.48828125,0.48828125,0.48828320279300197,0.4791420387506764,0.89332503,0.64425206,0.4566106
hotel_35,2023-04-29,2023-04-07,0.880859375,0.48828125,0.82421875,0.48828320279300197,0.4793244857610853,0.8995403,0.6391996,0.45991603
hotel_35,2023-04-30,2023-04-07,0.923828125,0.48828125,0.74609375,0.48828320279300197,0.4706435115685221,0.5546771,0.6543281,0.4428242
hotel_35,2023-05-01,2023-04-07,0.830078125,0.48828125,0.634765625,0.48828320279300197,0.4598842151269527,0.66644174,0.6737633,0.44158804
hotel_35,2023-05-02,2023-04-07,0.802734375,0.48828125,0.5078125,0.48828320279300197,0.45489272524764657,0.70619845,0.6559302,0.46360523
hotel_35,2023-05-03,2023-04-07,0.61328125,0.48828125,0.474609375,0.48828320279300197,0.4588832282037307,0.6983006,0.6437364,0.4260406
hotel_35,2023-05-04,2023-04-07,0.578125,0.48828125,0.5078125,0.48828320279300197,0.4684263035164042,0.6587799,0.64508766,0.40225208
hotel_35,2023-05-05,2023-04-07,0.669921875,0.48828125,0.48828125,0.48828320279300197,0.4763281257106373,0.746066,0.71593827,0.47013402
hotel_35,2023-05-06,2023-05-05,0.615234375,0.669921875,0.880859375,0.6699126956642519,0.7328391133881231,0.72619724,0.6504398,0.61627126
hotel_35,2023-05-07,2023-05-05,0.5703125,0.669921875,0.923828125,0.6699126956642519,0.7733139861942072,0.5815674,0.607428,0.5925238
hotel_35,2023-05-08,2023-05-05,0.630859375,0.669921875,0.830078125,0.6699126956642519,0.7520029674979114,0.63586086,0.66164476,0.6027977
hotel_35,2023-05-09,2023-05-05,0.697265625,0.669921875,0.802734375,0.6699126956642519,0.6962948279041036,0.7145392,0.7039377,0.6332625
hotel_35,2023-05-10,2023-05-05,0.79296875,0.669921875,0.61328125,0.6699126956642519,0.6568011599027456,0.7178476,0.6705336,0.6604483
hotel_35,2023-05-11,2023-05-05,0.806640625,0.669921875,0.578125,0.6699126956642519,0.662700237400189,0.71959436,0.69201803,0.76644003
hotel_35,2023-05-12,2023-05-05,0.759765625,0.669921875,0.669921875,0.6699126956642519,0.7017405044361202,0.7685801,0.6610702,0.7232065
hotel_35,2023-05-13,2023-05-05,0.8515625,0.669921875,0.880859375,0.6699126956642519,0.7369617396500284,0.81755555,0.6545264,0.6961434
hotel_35,2023-05-14,2023-05-05,0.802734375,0.669921875,0.923828125,0.6699126956642519,0.7405855011531444,0.59420466,0.58874106,0.636511
hotel_35,2023-05-15,2023-05-05,0.833984375,0.669921875,0.830078125,0.6699126956642519,0.7149050447983872,0.69463086,0.58729804,0.5686221
hotel_35,2023-05-16,2023-05-05,0.884765625,0.669921875,0.802734375,0.6699126956642519,0.6854713717888828,0.76024383,0.61646175,0.6263859
hotel_35,2023-05-17,2023-05-05,0.76953125,0.669921875,0.61328125,0.6699126956642519,0.6766447981918977,0.78949803,0.6015938,0.61359805
hotel_35,2023-05-18,2023-05-05,0.73046875,0.669921875,0.578125,0.6699126956642519,0.6921428694602219,0.78849036,0.58334494,0.5980831
hotel_35,2023-05-19,2023-05-05,0.658203125,0.669921875,0.669921875,0.6699126956642519,0.7154495646056785,0.80717736,0.55621505,0.53746027
hotel_35,2023-05-20,2023-05-05,0.6328125,0.669921875,0.880859375,0.6699126956642519,0.7264770223124022,0.8098098,0.5832583,0.50626916
hotel_35,2023-05-21,2023-05-05,0.556640625,0.669921875,0.923828125,0.6699126956642519,0.7183577319504063,0.6107701,0.5514438,0.3904578
hotel_35,2023-05-22,2023-05-05,0.681640625,0.669921875,0.830078125,0.6699126956642519,0.7008013375472836,0.7330482,0.57422423,0.42987826
hotel_35,2023-05-23,2023-05-05,0.669921875,0.669921875,0.802734375,0.6699126956642519,0.6895264293068346,0.7768194,0.60286975,0.4623453
hotel_35,2023-05-24,2023-05-05,0.6796875,0.669921875,0.61328125,0.6699126956642519,0.6925902188568646,0.7919298,0.5726762,0.47984597
hotel_35,2023-05-25,2023-05-05,0.591796875,0.669921875,0.578125,0.6699126956642519,0.7051544638618805,0.79803455,0.5647239,0.50029117
hotel_35,2023-05-26,2023-05-05,0.568359375,0.669921875,0.669921875,0.6699126956642519,0.7155167045074948,0.824173,0.52543664,0.5462895
hotel_35,2023-05-27,2023-05-05,0.515625,0.669921875,0.880859375,0.6699126956642519,0.7156824297751577,0.88290685,0.52781534,0.51980394
hotel_35,2023-05-28,2023-05-05,0.6015625,0.669921875,0.923828125,0.6699126956642519,0.7072012133784058,0.6894337,0.5155343,0.44173795
hotel_35,2023-05-29,2023-05-05,0.654296875,0.669921875,0.830078125,0.6699126956642519,0.6983413106445899,0.673547,0.5819011,0.51524824
hotel_35,2023-05-30,2023-05-05,0.63671875,0.669921875,0.802734375,0.6699126956642519,0.696311492193053,0.7257654,0.6583151,0.60932297
hotel_35,2023-05-31,2023-05-05,0.529296875,0.669921875,0.61328125,0.6699126956642519,0.701621464158277,0.74901956,0.6086482,0.576025
hotel_35,2023-06-01,2023-05-05,0.53125,0.669921875,0.578125,0.6699126956642519,0.7087766317189422,0.7079631,0.5995072,0.50482565
hotel_35,2023-06-02,2023-05-05,0.55078125,0.669921875,0.669921875,0.6699126956642519,0.7117011446178518,0.73143595,0.54662603,0.50068504
hotel_35,2023-06-03,2023-06-02,0.533203125,0.55078125,0.515625,0.5507792968555761,0.5666913989684462,0.5353552,0.47139302,0.56941986
hotel_35,2023-06-04,2023-06-02,0.568359375,0.55078125,0.6015625,0.5507792968555761,0.5906571922288765,0.4199387,0.4815367,0.55258936
hotel_35,2023-06-05,2023-06-02,0.60546875,0.55078125,0.654296875,0.5507792968555761,0.6046939238534,0.50676185,0.44351566,0.52219063
hotel_35,2023-06-06,2023-06-02,0.595703125,0.55078125,0.63671875,0.5507792968555761,0.5991842153775484,0.59469944,0.45750287,0.48132956
hotel_35,2023-06-07,2023-06-02,0.65625,0.55078125,0.529296875,0.5507792968555761,0.5793695833066893,0.6504489,0.40426052,0.47094464
hotel_35,2023-06-08,2023-06-02,0.654296875,0.55078125,0.53125,0.5507792968555761,0.56059776661249,0.7001324,0.36591023,0.528302
hotel_35,2023-06-09,2023-06-02,0.705078125,0.55078125,0.55078125,0.5507792968555761,0.5564958109988126,0.70188713,0.29183236,0.58330154
hotel_35,2023-06-10,2023-06-02,0.587890625,0.55078125,0.515625,0.5507792968555761,0.5691380542970295,0.654895,0.3097567,0.55398154
hotel_35,2023-06-11,2023-06-02,0.599609375,0.55078125,0.6015625,0.5507792968555761,0.5882557560491997,0.54120725,0.40777132,0.5347556
hotel_35,2023-06-12,2023-06-02,0.70703125,0.55078125,0.654296875,0.5507792968555761,0.599499284274045,0.68241155,0.45219517,0.5188801
hotel_35,2023-06-13,2023-06-02,0.78125,0.55078125,0.63671875,0.5507792968555761,0.5951600993205368,0.7310175,0.527327,0.50305
hotel_35,2023-06-14,2023-06-02,0.8359375,0.55078125,0.529296875,0.5507792968555761,0.579377985036782,0.80281645,0.5525525,0.4838427
hotel_35,2023-06-15,2023-06-02,0.83203125,0.55078125,0.53125,0.5507792968555761,0.5643803090773033,0.7929444,0.5221019,0.5952721
hotel_35,2023-06-16,2023-06-02,0.693359375,0.55078125,0.55078125,0.5507792968555761,0.5610573982989522,0.78386,0.43965578,0.600368
hotel_35,2023-06-17,2023-06-02,0.630859375,0.55078125,0.515625,0.5507792968555761,0.5711027047117285,0.74727523,0.4650104,0.5777592
hotel_35,2023-06-18,2023-06-02,0.56640625,0.55078125,0.6015625,0.5507792968555761,0.5863528895068542,0.5815387,0.5272003,0.63364786
hotel_35,2023-06-19,2023-06-02,0.619140625,0.55078125,0.654296875,0.5507792968555761,0.5953587906127956,0.6310553,0.57140493,0.6277148
hotel_35,2023-06-20,2023-06-02,0.58203125,0.55078125,0.63671875,0.5507792968555761,0.591942051663728,0.6708702,0.68306744,0.5506517
hotel_35,2023-06-21,2023-06-02,0.59375,0.55078125,0.529296875,0.5507792968555761,0.5793719445986477,0.7282848,0.71434486,0.48813537
hotel_35,2023-06-22,2023-06-02,0.77734375,0.55078125,0.53125,0.5507792968555761,0.5673897589568377,0.7552892,0.61646944,0.46665582
hotel_35,2023-06-23,2023-06-02,0.859375,0.55078125,0.55078125,0.5507792968555761,0.5646985974117766,0.75661147,0.56238604,0.63395226
hotel_35,2023-06-24,2023-06-02,0.72265625,0.55078125,0.515625,0.5507792968555761,0.5726802219767453,0.7968302,0.46036506,0.5791527
hotel_35,2023-06-25,2023-06-02,0.7421875,0.55078125,0.6015625,0.5507792968555761,0.5848451650752579,0.58632106,0.4969257,0.57904994
hotel_35,2023-06-26,2023-06-02,0.8359375,0.55078125,0.654296875,0.5507792968555761,0.5920585610692425,0.63652897,0.47158417,0.64177537
hotel_35,2023-06-27,2023-06-02,0.919921875,0.55078125,0.63671875,0.5507792968555761,0.5893686523430622,0.65214837,0.5259224,0.6376508
hotel_35,2023-06-28,2023-06-02,0.89453125,0.55078125,0.529296875,0.5507792968555761,0.5793569627701446,0.6819829,0.45503294,0.62554604
hotel_35,2023-06-29,2023-06-02,0.8046875,0.55078125,0.53125,0.5507792968555761,0.5697840840589958,0.6840072,0.42711526,0.67410386
hotel_35,2023-06-30,2023-06-02,0.6953125,0.55078125,0.55078125,0.5507792968555761,0.5676050831203359,0.7011748,0.4286502,0.72201866
hotel_42,2023-02-11,2023-02-10,0.6639676113360324,0.4777327935222672,0.7651821862348178,0.48200909901895195,0.5614865965337602,0.66041946,0.66505724,0.64694107
hotel_42,2023-02-12,2023-02-10,0.4089068825910931,0.4777327935222672,0.22267206477732793,0.48200909901895195,0.6207938895577364,0.41318378,0.20212993,0.29713315
hotel_42,2023-02-13,2023-02-10,0.24696356275303644,0.4777327935222672,0.3684210526315789,0.48200909901895195,0.6260207089855788,0.44913948,0.43079048,0.3815032
hotel_42,2023-02-14,2023-02-10,0.5344129554655871,0.4777327935222672,0.4979757085020243,0.48200909901895195,0.6448681759095164,0.4991992,0.40185785,0.37542838
hotel_42,2023-02-15,2023-02-10,0.4008097165991903,0.4777327935222672,0.41295546558704455,0.48200909901895195,0.6389552403298415,0.46641442,0.41537166,0.5109232
hotel_42,2023-02-16,2023-02-10,0.30364372469635625,0.4777327935222672,0.5222672064777328,0.48200909901895195,0.6480647517304088,0.56673765,0.61354816,0.6949051
hotel_42,2023-02-17,2023-02-10,0.41700404858299595,0.4777327935222672,0.4777327935222672,0.48200909901895195,0.6422185681818205,0.62412214,0.70902634,0.88665545
hotel_42,2023-02-18,2023-02-10,0.7651821862348178,0.4777327935222672,0.7651821862348178,0.48200909901895195,0.6478524039144612,0.7434045,0.64225,0.79962987
hotel_42,2023-02-19,2023-02-10,0.4534412955465587,0.4777327935222672,0.22267206477732793,0.48200909901895195,0.6434615734155563,0.5321789,0.29822326,0.44618174
hotel_42,2023-02-20,2023-02-10,0.8704453441295547,0.4777327935222672,0.3684210526315789,0.48200909901895195,0.6472651877777504,0.6287874,0.53507274,0.45000827
hotel_42,2023-02-21,2023-02-10,1.008097165991903,0.4777327935222672,0.4979757085020243,0.48200909901895195,0.6441436063702175,0.6309678,0.51334864,0.2901405
hotel_42,2023-02-22,2023-02-10,0.9838056680161943,0.4777327935222672,0.41295546558704455,0.48200909901895195,0.6467763102606049,0.6444791,0.48027092,0.22590265
hotel_42,2023-02-23,2023-02-10,0.6032388663967612,0.4777327935222672,0.5222672064777328,0.48200909901895195,0.6445864927392573,0.71636856,0.4813821,0.302444
hotel_42,2023-02-24,2023-02-10,0.3076923076923077,0.4777327935222672,0.4777327935222672,0.48200909901895195,0.6464207644994515,0.7162613,0.7208839,0.39742172
hotel_42,2023-02-25,2023-02-10,0.4534412955465587,0.4777327935222672,0.7651821862348178,0.48200909901895195,0.6448897754356866,0.82454693,0.8878864,0.532079
hotel_42,2023-02-26,2023-02-10,0.47368421052631576,0.4777327935222672,0.22267206477732793,0.48200909901895195,0.6461699372754828,0.597252,0.41757464,0.3678496
hotel_42,2023-02-27,2023-02-10,0.757085020242915,0.4777327935222672,0.3684210526315789,0.48200909901895195,0.6451004887754026,0.7591105,0.5355777,0.35372156
hotel_42,2023-02-28,2023-02-10,0.9271255060728745,0.4777327935222672,0.4979757085020243,0.48200909901895195,0.6459943221469839,0.7346917,0.4862346,0.38915002
hotel_42,2023-03-01,2023-02-10,0.9635627530364372,0.4777327935222672,0.41295546558704455,0.48200909901895195,0.6452474418887378,0.8077753,0.42834783,0.4353686
hotel_42,2023-03-02,2023-02-10,0.9271255060728745,0.4777327935222672,0.5222672064777328,0.48200909901895195,0.645871603787458,0.79988503,0.53791404,0.54726136
hotel_42,2023-03-03,2023-02-10,0.8502024291497976,0.4777327935222672,0.4777327935222672,0.48200909901895195,0.6453500282288026,0.8958842,0.66840076,0.6723083
hotel_42,2023-03-04,2023-02-10,0.9311740890688259,0.4777327935222672,0.7651821862348178,0.48200909901895195,0.6457858917705118,0.9100476,0.6458474,0.81396985
hotel_42,2023-03-05,2023-02-10,0.631578947368421,0.4777327935222672,0.22267206477732793,0.48200909901895195,0.6454216606130422,0.5844518,0.28466123,0.5287592
hotel_42,2023-03-06,2023-02-10,0.41700404858299595,0.4777327935222672,0.3684210526315789,0.48200909901895195,0.6457260342773592,0.6674344,0.37486082,0.48695606
hotel_42,2023-03-07,2023-02-10,1.0040485829959513,0.4777327935222672,0.4979757085020243,0.48200909901895195,0.6454716821858419,0.729729,0.3467766,0.57665676
hotel_42,2023-03-08,2023-02-10,1.008097165991903,0.4777327935222672,0.41295546558704455,0.48200909901895195,0.6456842338135087,0.7194552,0.33529764,0.5254643
hotel_42,2023-03-09,2023-02-10,0.6437246963562753,0.4777327935222672,0.5222672064777328,0.48200909901895195,0.6455066133046394,0.77691776,0.27934277,0.51760596
hotel_42,2023-03-10,2023-02-10,0.3360323886639676,0.4777327935222672,0.4777327935222672,0.48200909901895195,0.6456550434153921,0.87152195,0.5925893,0.6435389
hotel_42,2023-03-11,2023-03-10,0.8421052631578947,0.3360323886639676,0.9311740890688259,0.6603168752113454,0.4945060965561467,0.5095462,0.6075169,0.57498014
hotel_42,2023-03-12,2023-03-10,0.20647773279352227,0.3360323886639676,0.631578947368421,0.6603168752113454,0.5970018504836799,0.4855386,0.3834598,-0.0961833
hotel_42,2023-03-13,2023-03-10,0.24696356275303644,0.3360323886639676,0.41700404858299595,0.6603168752113454,0.6116365586590259,0.49418986,0.5590726,0.43865615
hotel_42,2023-03-14,2023-03-10,0.4534412955465587,0.3360323886639676,1.0040485829959513,0.6603168752113454,0.6423812714184873,0.6047236,0.80907834,0.8365738
hotel_42,2023-03-15,2023-03-10,0.3805668016194332,0.3360323886639676,1.008097165991903,0.6603168752113454,0.6349668338440396,0.69615895,0.7396642,0.8683791
hotel_42,2023-03-16,2023-03-10,0.8421052631578947,0.3360323886639676,0.6437246963562753,0.6603168752113454,0.6490517339295737,0.705269,0.51819134,0.6008986
hotel_42,2023-03-17,2023-03-10,0.9959514170040485,0.3360323886639676,0.3360323886639676,0.6603168752113454,0.6405894084131339,0.69193417,0.43576807,0.41229942
hotel_42,2023-03-18,2023-03-10,0.9352226720647774,0.3360323886639676,0.9311740890688259,0.6603168752113454,0.6491287787553298,0.8700037,0.638199,0.48884204
hotel_42,2023-03-19,2023-03-10,0.47368421052631576,0.3360323886639676,0.631578947368421,0.6603168752113454,0.6425749350464292,0.55529326,0.43455133,0.062962085
hotel_42,2023-03-20,2023-03-10,0.5344129554655871,0.3360323886639676,0.41700404858299595,0.6603168752113454,0.6483384969206472,0.69889444,0.47571552,0.46824145
hotel_42,2023-03-21,2023-03-10,0.5587044534412956,0.3360323886639676,1.0040485829959513,0.6603168752113454,0.6436128525049813,0.83065164,0.5614696,0.5494893
hotel_42,2023-03-22,2023-03-10,0.5141700404858299,0.3360323886639676,1.008097165991903,0.6603168752113454,0.6476273970609567,0.8934175,0.5188415,0.3660009
hotel_42,2023-03-23,2023-03-10,0.43724696356275305,0.3360323886639676,0.6437246963562753,0.6603168752113454,0.6442781687139902,0.85134614,0.36497113,0.42258838
hotel_42,2023-03-24,2023-03-10,0.6963562753036437,0.3360323886639676,0.3360323886639676,0.6603168752113454,0.6470981965773471,0.6931432,0.43098462,0.39326766
hotel_42,2023-03-25,2023-03-10,0.9919028340080972,0.3360323886639676,0.9311740890688259,0.6603168752113454,0.644734871030352,0.675293,0.75150764,0.55781096
hotel_42,2023-03-26,2023-03-10,0.9676113360323887,0.3360323886639676,0.631578947368421,0.6603168752113454,0.646720194916048,0.4809614,0.49324644,0.17473385
hotel_42,2023-03-27,2023-03-10,1.0040485829959513,0.3360323886639676,0.41700404858299595,0.6603168752113454,0.6450544416429284,0.5552152,0.3647386,-0.14498731
hotel_42,2023-03-28,2023-03-10,0.8987854251012146,0.3360323886639676,1.0040485829959513,0.6603168752113454,0.6464529307540037,0.6721171,0.4234113,-0.006325215
hotel_42,2023-03-29,2023-03-10,0.562753036437247,0.3360323886639676,1.008097165991903,0.6603168752113454,0.6452791946602683,0.69935554,0.55119866,0.37152272
hotel_42,2023-03-30,2023-03-10,0.4939271255060729,0.3360323886639676,0.6437246963562753,0.6603168752113454,0.6462644563924701,0.68611455,0.44556075,0.5864917
hotel_42,2023-03-31,2023-03-10,0.3643724696356275,0.3360323886639676,0.3360323886639676,0.6603168752113454,0.6454374721519369,0.733207,0.53984296,0.43130517
hotel_42,2023-04-01,2023-03-10,1.008097165991903,0.3360323886639676,0.9311740890688259,0.6603168752113454,0.6461316343315822,0.8070453,0.7542515,0.3938756
hotel_42,2023-04-02,2023-03-10,0.31983805668016196,0.3360323886639676,0.631578947368421,0.6603168752113454,0.6455489740053889,0.6108836,0.3219409,0.04611534
hotel_42,2023-04-03,2023-03-10,0.5020242914979757,0.3360323886639676,0.41700404858299595,0.6603168752113454,0.646038048077624,0.6975228,0.51702106,0.40950805
hotel_42,2023-04-04,2023-03-10,0.9595141700404858,0.3360323886639676,1.0040485829959513,0.6603168752113454,0.6456275307980371,0.6608931,0.6848966,0.5055516
hotel_42,2023-04-05,2023-03-10,0.728744939271255,0.3360323886639676,1.008097165991903,0.6603168752113454,0.6459721103179843,0.62259173,0.6079229,0.2691821
hotel_42,2023-04-06,2023-03-10,0.6882591093117408,0.3360323886639676,0.6437246963562753,0.6603168752113454,0.6456828779712378,0.6495,0.57392865,0.264576
hotel_42,2023-04-07,2023-03-10,0.5060728744939271,0.3360323886639676,0.3360323886639676,0.6603168752113454,0.6459256533143543,0.6974761,0.5337305,0.33252066
hotel_42,2023-04-08,2023-04-07,0.26720647773279355,0.5060728744939271,1.008097165991903,0.6441411587680405,0.6331913414652791,0.6087011,0.56616765,0.5147004
hotel_42,2023-04-09,2023-04-07,0.12955465587044535,0.5060728744939271,0.31983805668016196,0.6441411587680405,0.6028268494647862,0.40580338,0.5559942,0.37349567
hotel_42,2023-04-10,2023-04-07,0.2631578947368421,0.5060728744939271,0.5020242914979757,0.6441411587680405,0.6605480541629685,0.5703232,0.6838947,0.4701618
hotel_42,2023-04-11,2023-04-07,0.3360323886639676,0.5060728744939271,0.9595141700404858,0.6441411587680405,0.6248945112157323,0.62718093,0.8013741,0.5324199
hotel_42,2023-04-12,2023-04-07,0.5182186234817814,0.5060728744939271,0.728744939271255,0.6441411587680405,0.6605777982190627,0.5982668,0.7223711,0.547914
hotel_42,2023-04-13,2023-04-07,0.6558704453441295,0.5060728744939271,0.6882591093117408,0.6441411587680405,0.6326181559545472,0.6347745,0.65846694,0.6834038
hotel_42,2023-04-14,2023-04-07,0.8218623481781376,0.5060728744939271,0.5060728744939271,0.6441411587680405,0.6572418795982659,0.661881,0.74656683,0.8228361
hotel_42,2023-04-15,2023-04-07,0.8380566801619433,0.5060728744939271,1.008097165991903,0.6441411587680405,0.6367712492235336,0.7673152,0.8077997,0.952372
hotel_42,2023-04-16,2023-04-07,0.6882591093117408,0.5060728744939271,0.31983805668016196,0.6441411587680405,0.654272996358349,0.5764196,0.65013456,0.60259545
hotel_42,2023-04-17,2023-04-07,0.9595141700404858,0.5060728744939271,0.5020242914979757,0.6441411587680405,0.6395135485889979,0.6578518,0.5668938,0.39819342
hotel_42,2023-04-18,2023-04-07,0.8825910931174089,0.5060728744939271,0.9595141700404858,0.6441411587680405,0.6520440298011599,0.7715301,0.5927039,0.43965584
hotel_42,2023-04-19,2023-04-07,0.9838056680161943,0.5060728744939271,0.728744939271255,0.6441411587680405,0.6414406722747323,0.849135,0.6013153,0.45916498
hotel_42,2023-04-20,2023-04-07,0.9352226720647774,0.5060728744939271,0.6882591093117408,0.6441411587680405,0.650427647956949,0.7839552,0.545802,0.47366115
hotel_42,2023-04-21,2023-04-07,0.6356275303643725,0.5060728744939271,0.5060728744939271,0.6441411587680405,0.6428166013384276,0.75477934,0.4880938,0.5670129
hotel_42,2023-04-22,2023-04-07,0.8340080971659919,0.5060728744939271,1.008097165991903,0.6441411587680405,0.6492648380562341,0.7332376,0.4483684,0.81957054
hotel_42,2023-04-23,2023-04-07,0.5060728744939271,0.5060728744939271,0.31983805668016196,0.6441411587680405,0.643802776740229,0.42989308,0.29311782,0.47119486
hotel_42,2023-04-24,2023-04-07,0.7894736842105263,0.5060728744939271,0.5020242914979757,0.6441411587680405,0.6484299071250511,0.6127283,0.46547365,0.45839223
hotel_42,2023-04-25,2023-04-07,0.9352226720647774,0.5060728744939271,0.9595141700404858,0.6441411587680405,0.6445102545620908,0.6901114,0.5768492,0.5465453
hotel_42,2023-04-26,2023-04-07,1.0,0.5060728744939271,0.728744939271255,0.6441411587680405,0.6478306732726302,0.6672913,0.55918086,0.42684764
hotel_42,2023-04-27,2023-04-07,1.0161943319838056,0.5060728744939271,0.6882591093117408,0.6441411587680405,0.6450179078273199,0.70867634,0.44475156,0.51174843
hotel_42,2023-04-28,2023-04-07,0.951417004048583,0.5060728744939271,0.5060728744939271,0.6441411587680405,0.6474006466330393,0.6999693,0.51066166,0.54575634
hotel_42,2023-04-29,2023-04-07,0.7044534412955465,0.5060728744939271,1.008097165991903,0.6441411587680405,0.6453821954216316,0.75902116,0.61714417,0.6481511
hotel_42,2023-04-30,2023-04-07,0.44129554655870445,0.5060728744939271,0.31983805668016196,0.6441411587680405,0.6470920556589193,0.50213206,0.49867004,0.15358636
hotel_42,2023-05-01,2023-04-07,0.7004048582995951,0.5060728744939271,0.5020242914979757,0.6441411587680405,0.6456436083319899,0.61235064,0.43074787,0.3082417
hotel_42,2023-05-02,2023-04-07,0.9149797570850202,0.5060728744939271,0.9595141700404858,0.6441411587680405,0.6468706093660171,0.6863722,0.5564089,0.44649065
hotel_42,2023-05-03,2023-04-07,0.9554655870445344,0.5060728744939271,0.728744939271255,0.6441411587680405,0.6458311988938203,0.6977204,0.4941839,0.31028032
hotel_42,2023-05-04,2023-04-07,0.8461538461538461,0.5060728744939271,0.6882591093117408,0.6441411587680405,0.6467116987271471,0.68211335,0.5215059,0.40027243
hotel_42,2023-05-05,2023-04-07,0.9919028340080972,0.5060728744939271,0.5060728744939271,0.6441411587680405,0.6459658144489934,0.7149556,0.61092055,0.55551195
hotel_42,2023-05-06,2023-05-05,0.9878542510121457,0.9919028340080972,0.7044534412955465,0.8890934653676328,0.82921300087761,0.87633735,0.96020335,0.93991107
hotel_42,2023-05-07,2023-05-05,0.4534412955465587,0.9919028340080972,0.44129554655870445,0.8890934653676328,0.7045500581325381,0.49039105,0.6530771,0.69429815
hotel_42,2023-05-08,2023-05-05,0.8947368421052632,0.9919028340080972,0.7004048582995951,0.8890934653676328,0.6958185437847273,0.5888816,0.91750157,0.89741206
hotel_42,2023-05-09,2023-05-05,0.951417004048583,0.9919028340080972,0.9149797570850202,0.8890934653676328,0.6532464733001946,0.62174416,1.0103067,0.9792141
hotel_42,2023-05-10,2023-05-05,0.5384615384615384,0.9919028340080972,0.9554655870445344,0.8890934653676328,0.6676117700926311,0.6547849,0.94963217,0.93352973
hotel_42,2023-05-11,2023-05-05,0.44129554655870445,0.9919028340080972,0.8461538461538461,0.8890934653676328,0.6459019800626481,0.7876458,0.9416567,0.87787443
hotel_42,2023-05-12,2023-05-05,0.5910931174089069,0.9919028340080972,0.9919028340080972,0.8890934653676328,0.6601987967567341,0.8948242,0.98504895,0.90376043
hotel_42,2023-05-13,2023-05-05,0.7044534412955465,0.9919028340080972,0.7044534412955465,0.8890934653676328,0.6462458192936735,0.90449643,1.0318608,0.99118376
hotel_42,2023-05-14,2023-05-05,0.3319838056680162,0.9919028340080972,0.44129554655870445,0.8890934653676328,0.6573104877167221,0.6241564,0.7616936,0.77803344
hotel_42,2023-05-15,2023-05-05,0.6234817813765182,0.9919028340080972,0.7004048582995951,0.8890934653676328,0.6475672648274917,0.70775807,0.949335,0.7406148
hotel_42,2023-05-16,2023-05-05,0.8987854251012146,0.9919028340080972,0.9149797570850202,0.8890934653676328,0.65569419904692,0.7696332,0.96700394,0.6806335
hotel_42,2023-05-17,2023-05-05,0.9919028340080972,0.9919028340080972,0.9554655870445344,0.8890934653676328,0.6487249961046011,0.8519546,0.9013454,0.72131765
hotel_42,2023-05-18,2023-05-05,0.9919028340080972,0.9919028340080972,0.8461538461538461,0.8890934653676328,0.6546168164618641,0.85156345,0.9646012,0.8104665
hotel_42,2023-05-19,2023-05-05,1.0,0.9919028340080972,0.9919028340080972,0.8890934653676328,0.649599287240091,0.8771237,1.0735351,0.9528847
hotel_42,2023-05-20,2023-05-05,0.9878542510121457,0.9919028340080972,0.7044534412955465,0.8890934653676328,0.6538562517403378,0.8805899,1.127019,0.9841688
hotel_42,2023-05-21,2023-05-05,0.4534412955465587,0.9919028340080972,0.44129554655870445,0.8890934653676328,0.6502375998914247,0.5344344,0.69147867,0.82100916
hotel_42,2023-05-22,2023-05-05,0.6639676113360324,0.9919028340080972,0.7004048582995951,0.8890934653676328,0.6533106102122658,0.65989023,0.7673828,0.755181
hotel_42,2023-05-23,2023-05-05,0.680161943319838,0.9919028340080972,0.9149797570850202,0.8890934653676328,0.6506996411336717,0.73119384,0.76184905,0.796015
hotel_42,2023-05-24,2023-05-05,0.5668016194331984,0.9919028340080972,0.9554655870445344,0.8890934653676328,0.6529174608779991,0.7728332,0.75393057,0.8716075
hotel_42,2023-05-25,2023-05-05,0.7044534412955465,0.9919028340080972,0.8461538461538461,0.8890934653676328,0.6510333395403544,0.75569785,0.75482696,0.8606461
hotel_42,2023-05-26,2023-05-05,0.9959514170040485,0.9919028340080972,0.9919028340080972,0.8890934653676328,0.652633861591743,0.84302133,0.88314945,0.91522425
hotel_42,2023-05-27,2023-05-05,1.0,0.9919028340080972,0.7044534412955465,0.8890934653676328,0.6512742033227387,0.8882682,0.8645616,0.76252925
hotel_42,2023-05-28,2023-05-05,0.9959514170040485,0.9919028340080972,0.44129554655870445,0.8890934653676328,0.6524292246782304,0.6294102,0.5807804,0.6844276
hotel_42,2023-05-29,2023-05-05,0.21862348178137653,0.9919028340080972,0.7004048582995951,0.8890934653676328,0.6514480320086301,0.62252396,0.8541498,0.7181419
hotel_42,2023-05-30,2023-05-05,0.25101214574898784,0.9919028340080972,0.9149797570850202,0.8890934653676328,0.6522815529288328,0.65250486,0.79433095,0.7094664
hotel_42,2023-05-31,2023-05-05,0.27530364372469635,0.9919028340080972,0.9554655870445344,0.8890934653676328,0.6515734770870675,0.74469614,0.70415515,0.65002894
hotel_42,2023-06-01,2023-05-05,0.30364372469635625,0.9919028340080972,0.8461538461538461,0.8890934653676328,0.6521749866057629,0.7647345,0.71277606,0.5709609
hotel_42,2023-06-02,2023-05-05,0.5789473684210527,0.9919028340080972,0.9919028340080972,0.8890934653676328,0.6516640047120391,0.8068385,0.8435511,0.8132583
hotel_42,2023-06-03,2023-06-02,0.6720647773279352,0.5789473684210527,1.0,0.4576902988887094,0.55486383329253,0.71422064,0.56021464,0.6861481
hotel_42,2023-06-04,2023-06-02,0.562753036437247,0.5789473684210527,0.9959514170040485,0.4576902988887094,0.6659832129258574,0.62882024,0.5305908,0.5382432
hotel_42,2023-06-05,2023-06-02,0.7408906882591093,0.5789473684210527,0.21862348178137653,0.4576902988887094,0.6107152091841825,0.7569479,0.69553113,0.73624915
hotel_42,2023-06-06,2023-06-02,0.8623481781376519,0.5789473684210527,0.25101214574898784,0.4576902988887094,0.6751346818957066,0.8073304,0.7301531,0.7741325
hotel_42,2023-06-07,2023-06-02,0.6761133603238867,0.5789473684210527,0.27530364372469635,0.4576902988887094,0.6277073131639277,0.773341,0.738972,0.7280897
hotel_42,2023-06-08,2023-06-02,0.7004048582995951,0.5789473684210527,0.30364372469635625,0.4576902988887094,0.671464073493889,0.7135679,0.6544175,0.768621
hotel_42,2023-06-09,2023-06-02,0.8502024291497976,0.5789473684210527,0.5789473684210527,0.4576902988887094,0.6355662939455716,0.747164,0.5834047,0.7115814
hotel_42,2023-06-10,2023-06-02,0.9473684210526315,0.5789473684210527,1.0,0.4576902988887094,0.666822386750152,0.8873404,0.5078385,0.80612284
hotel_42,2023-06-11,2023-06-02,0.4291497975708502,0.5789473684210527,0.9959514170040485,0.4576902988887094,0.6404277218812139,0.71134514,0.33588755,0.56369185
hotel_42,2023-06-12,2023-06-02,0.4898785425101215,0.5789473684210527,0.21862348178137653,0.4576902988887094,0.6630678670464099,0.566995,0.47094443,0.4841503
hotel_42,2023-06-13,2023-06-02,1.0121457489878543,0.5789473684210527,0.25101214574898784,0.4576902988887094,0.6438029145811022,0.7308239,0.564142,0.5620864
hotel_42,2023-06-14,2023-06-02,0.9959514170040485,0.5789473684210527,0.27530364372469635,0.4576902988887094,0.6602630469212565,0.6670108,0.58436525,0.59173816
hotel_42,2023-06-15,2023-06-02,0.6072874493927125,0.5789473684210527,0.30364372469635625,0.4576902988887094,0.6462287932920316,0.62507,0.5074,0.61473185
hotel_42,2023-06-16,2023-06-02,0.7489878542510121,0.5789473684210527,0.5789473684210527,0.4576902988887094,0.6582075174147777,0.7977055,0.53092813,0.5544329
hotel_42,2023-06-17,2023-06-02,0.8906882591093117,0.5789473684210527,1.0,0.4576902988887094,0.64798886269372,0.8842884,0.5502588,0.79064816
hotel_42,2023-06-18,2023-06-02,0.30364372469635625,0.5789473684210527,0.9959514170040485,0.4576902988887094,0.6567085056974432,0.7059368,0.47899687,0.6500054
hotel_42,2023-06-19,2023-06-02,0.4493927125506073,0.5789473684210527,0.21862348178137653,0.4576902988887094,0.6492690467748184,0.79108226,0.5585089,0.4374649
hotel_42,2023-06-20,2023-06-02,0.6680161943319838,0.5789473684210527,0.25101214574898784,0.4576902988887094,0.6556167394325199,0.8496025,0.6318323,0.49775892
hotel_42,2023-06-21,2023-06-02,0.951417004048583,0.5789473684210527,0.27530364372469635,0.4576902988887094,0.6502007961052662,0.80784374,0.68070114,0.3538464
hotel_42,2023-06-22,2023-06-02,0.7732793522267206,0.5789473684210527,0.30364372469635625,0.4576902988887094,0.6548218462634464,0.73859036,0.54533714,0.59593225
hotel_42,2023-06-23,2023-06-02,0.8906882591093117,0.5789473684210527,0.5789473684210527,0.4576902988887094,0.6508790623073755,0.85369724,0.5884265,0.7459812
hotel_42,2023-06-24,2023-06-02,0.902834008097166,0.5789473684210527,1.0,0.4576902988887094,0.6542431512174984,0.8893318,0.6231543,0.74197
hotel_42,2023-06-25,2023-06-02,0.38461538461538464,0.5789473684210527,0.9959514170040485,0.4576902988887094,0.6513728278199318,0.75869554,0.51536644,0.41807362
hotel_42,2023-06-26,2023-06-02,0.7246963562753036,0.5789473684210527,0.21862348178137653,0.4576902988887094,0.6538218615663558,0.6609583,0.46625775,0.5362348
hotel_42,2023-06-27,2023-06-02,0.97165991902834,0.5789473684210527,0.25101214574898784,0.4576902988887094,0.6517322843951203,0.66832376,0.39801598,0.7240489
hotel_42,2023-06-28,2023-06-02,0.8947368421052632,0.5789473684210527,0.27530364372469635,0.4576902988887094,0.6535151647935218,0.68201244,0.4352871,0.68302643
hotel_42,2023-06-29,2023-06-02,0.7732793522267206,0.5789473684210527,0.30364372469635625,0.4576902988887094,0.6519939661522829,0.67071706,0.5325271,0.5551815
hotel_42,2023-06-30,2023-06-02,0.7611336032388664,0.5789473684210527,0.5789473684210527,0.4576902988887094,0.6532918914182125,0.72489846,0.5446849,0.58750963
hotel_49,2023-02-11,2023-02-10,1.0087336244541485,0.9912663755458515,1.0043668122270741,0.9901534882551859,0.9814607469499799,0.9955348,1.0211303,0.9854278
hotel_49,2023-02-12,2023-02-10,0.8034934497816594,0.9912663755458515,0.9781659388646288,0.9901534882551859,0.9709074299827235,0.8942341,0.9765635,0.95778555
hotel_49,2023-02-13,2023-02-10,0.8296943231441049,0.9912663755458515,0.9956331877729258,0.9901534882551859,0.9658509250522577,0.9286663,0.98229724,0.9722725
hotel_49,2023-02-14,2023-02-10,0.8296943231441049,0.9912663755458515,1.0,0.9901534882551859,0.9658425040402581,0.9312162,0.9601016,0.97293866
hotel_49,2023-02-15,2023-02-10,0.8209606986899564,0.9912663755458515,0.9650655021834061,0.9901534882551859,0.9679203045993421,0.9451923,0.9139665,0.97097236
hotel_49,2023-02-16,2023-02-10,0.8296943231441049,0.9912663755458515,0.9737991266375546,0.9901534882551859,0.9697154159957307,0.96354544,0.93024766,0.9460441
hotel_49,2023-02-17,2023-02-10,0.834061135371179,0.9912663755458515,0.9912663755458515,0.9901534882551859,0.9704065127057996,0.99129146,0.954344,0.9743361
hotel_49,2023-02-18,2023-02-10,0.834061135371179,0.9912663755458515,1.0043668122270741,0.9901534882551859,0.9702622108419127,1.0048704,0.9333756,0.96753687
hotel_49,2023-02-19,2023-02-10,0.8296943231441049,0.9912663755458515,0.9781659388646288,0.9901534882551859,0.9698528073419241,0.96999544,0.93200517,0.93144983
hotel_49,2023-02-20,2023-02-10,0.8253275109170306,0.9912663755458515,0.9956331877729258,0.9901534882551859,0.9695592914661577,0.9687537,0.9855341,0.9741683
hotel_49,2023-02-21,2023-02-10,0.8296943231441049,0.9912663755458515,1.0,0.9901534882551859,0.9694750180749289,0.9835738,1.0010525,0.9457272
hotel_49,2023-02-22,2023-02-10,0.834061135371179,0.9912663755458515,0.9650655021834061,0.9901534882551859,0.9695233830623013,0.9790207,1.0093127,0.96545327
hotel_49,2023-02-23,2023-02-10,0.8296943231441049,0.9912663755458515,0.9737991266375546,0.9901534882551859,0.9695998373958993,0.97338897,1.0197482,0.95763177
hotel_49,2023-02-24,2023-02-10,0.8296943231441049,0.9912663755458515,0.9912663755458515,0.9901534882551859,0.9696458187677472,0.99329436,1.035407,1.0067917
hotel_49,2023-02-25,2023-02-10,0.8296943231441049,0.9912663755458515,1.0043668122270741,0.9901534882551859,0.9696539413067042,1.0039855,1.0266236,1.01139
hotel_49,2023-02-26,2023-02-10,0.8296943231441049,0.9912663755458515,0.9781659388646288,0.9901534882551859,0.9696419846549036,0.9247953,0.9619716,0.9891056
hotel_49,2023-02-27,2023-02-10,0.834061135371179,0.9912663755458515,0.9956331877729258,0.9901534882551859,0.9696283253646557,0.9328815,1.0001717,0.9985571
hotel_49,2023-02-28,2023-02-10,0.8384279475982532,0.9912663755458515,1.0,0.9901534882551859,0.9696214776309106,0.94925857,1.042863,1.007279
hotel_49,2023-03-01,2023-02-10,0.834061135371179,0.9912663755458515,0.9650655021834061,0.9901534882551859,0.9696212054305086,0.9746325,1.0180947,1.0041425
hotel_49,2023-03-02,2023-02-10,0.8296943231441049,0.9912663755458515,0.9737991266375546,0.9901534882551859,0.9696237943977007,0.9715133,1.065058,1.0140275
hotel_49,2023-03-03,2023-02-10,0.8384279475982532,0.9912663755458515,0.9912663755458515,0.9901534882551859,0.9696261390462226,0.9924858,1.0420507,1.0277717
hotel_49,2023-03-04,2023-02-10,0.8384279475982532,0.9912663755458515,1.0043668122270741,0.9901534882551859,0.9696270932152083,1.0001668,1.0446739,1.0062785
hotel_49,2023-03-05,2023-02-10,0.7816593886462883,0.9912663755458515,0.9781659388646288,0.9901534882551859,0.9696269491514964,0.94744354,0.9303495,0.9653088
hotel_49,2023-03-06,2023-02-10,0.8165938864628821,0.9912663755458515,0.9956331877729258,0.9901534882551859,0.9696264314748724,0.9609156,0.88200366,1.0073715
hotel_49,2023-03-07,2023-02-10,0.8253275109170306,0.9912663755458515,1.0,0.9901534882551859,0.9696260444994039,0.97723764,0.91922003,1.0027755
hotel_49,2023-03-08,2023-02-10,0.8165938864628821,0.9912663755458515,0.9650655021834061,0.9901534882551859,0.9696259242846648,0.97496766,0.927381,0.99388754
hotel_49,2023-03-09,2023-02-10,0.8034934497816594,0.9912663755458515,0.9737991266375546,0.9901534882551859,0.9696259801965506,0.97739,0.9712519,0.99243474
hotel_49,2023-03-10,2023-02-10,0.7816593886462883,0.9912663755458515,0.9912663755458515,0.9901534882551859,0.9696260779788988,0.994896,1.0014563,1.0550311
hotel_49,2023-03-11,2023-03-10,0.8253275109170306,0.7816593886462883,0.8384279475982532,0.7831910396826043,0.7874257636895485,0.8259634,0.85769683,0.8573879
hotel_49,2023-03-12,2023-03-10,0.8165938864628821,0.7816593886462883,0.7816593886462883,0.7831910396826043,0.7965936457761955,0.74309313,0.62034774,0.81842643
hotel_49,2023-03-13,2023-03-10,0.8253275109170306,0.7816593886462883,0.8165938864628821,0.7831910396826043,0.8051591114283506,0.8602296,0.6516498,0.87119424
hotel_49,2023-03-14,2023-03-10,0.8296943231441049,0.7816593886462883,0.8253275109170306,0.7831910396826043,0.8094525624328648,0.8868653,0.72278875,0.86063606
hotel_49,2023-03-15,2023-03-10,0.8296943231441049,0.7816593886462883,0.8165938864628821,0.7831910396826043,0.8110751838544432,0.8864349,0.79686284,0.8845326
hotel_49,2023-03-16,2023-03-10,0.8209606986899564,0.7816593886462883,0.8034934497816594,0.7831910396826043,0.8052342752201775,0.85401756,0.85680246,0.90986377
hotel_49,2023-03-17,2023-03-10,0.8296943231441049,0.7816593886462883,0.7816593886462883,0.7831910396826043,0.7990121121137153,0.86639005,0.8917608,0.9568765
hotel_49,2023-03-18,2023-03-10,0.8034934497816594,0.7816593886462883,0.8384279475982532,0.7831910396826043,0.7964054520500877,0.8932332,0.9218581,0.9405599
hotel_49,2023-03-19,2023-03-10,0.8384279475982532,0.7816593886462883,0.7816593886462883,0.7831910396826043,0.7976495714734788,0.7184202,0.7768254,0.8894868
hotel_49,2023-03-20,2023-03-10,0.8296943231441049,0.7816593886462883,0.8165938864628821,0.7831910396826043,0.8003154998276146,0.8539475,0.69755596,0.8287695
hotel_49,2023-03-21,2023-03-10,0.834061135371179,0.7816593886462883,0.8253275109170306,0.7831910396826043,0.8034836110464338,0.8589974,0.68111813,0.7764082
hotel_49,2023-03-22,2023-03-10,0.8296943231441049,0.7816593886462883,0.8165938864628821,0.7831910396826043,0.8050841870213555,0.84616745,0.69361496,0.7562886
hotel_49,2023-03-23,2023-03-10,0.8296943231441049,0.7816593886462883,0.8034934497816594,0.7831910396826043,0.8043783564521508,0.8383923,0.72805804,0.777893
hotel_49,2023-03-24,2023-03-10,0.8209606986899564,0.7816593886462883,0.7816593886462883,0.7831910396826043,0.8023684953411695,0.87611496,0.77879745,0.8423272
hotel_49,2023-03-25,2023-03-10,0.8122270742358079,0.7816593886462883,0.8384279475982532,0.7831910396826043,0.8007071922422775,0.8844765,0.95467305,0.8883314
hotel_49,2023-03-26,2023-03-10,0.8122270742358079,0.7816593886462883,0.7816593886462883,0.7831910396826043,0.800063648697562,0.74009377,0.7293452,0.7871513
hotel_49,2023-03-27,2023-03-10,0.7947598253275109,0.7816593886462883,0.8165938864628821,0.7831910396826043,0.8005302741094009,0.8514342,0.70991445,0.7846638
hotel_49,2023-03-28,2023-03-10,0.7903930131004366,0.7816593886462883,0.8253275109170306,0.7831910396826043,0.8016428538876658,0.8643122,0.72021294,0.85369825
hotel_49,2023-03-29,2023-03-10,0.8209606986899564,0.7816593886462883,0.8165938864628821,0.7831910396826043,0.8026305354576088,0.86379325,0.65988225,0.88658893
hotel_49,2023-03-30,2023-03-10,0.8253275109170306,0.7816593886462883,0.8034934497816594,0.7831910396826043,0.8029200613652092,0.8582877,0.75709295,0.8894498
hotel_49,2023-03-31,2023-03-10,0.8253275109170306,0.7816593886462883,0.7816593886462883,0.7831910396826043,0.802548486861441,0.8725486,0.81160146,0.9209691
hotel_49,2023-04-01,2023-03-10,0.8209606986899564,0.7816593886462883,0.8384279475982532,0.7831910396826043,0.8018994478004164,0.85681146,0.8501925,0.87821466
hotel_49,2023-04-02,2023-03-10,0.8253275109170306,0.7816593886462883,0.7816593886462883,0.7831910396826043,0.8013865911978687,0.6760734,0.6660333,0.70567787
hotel_49,2023-04-03,2023-03-10,0.8209606986899564,0.7816593886462883,0.8165938864628821,0.7831910396826043,0.8012552524849905,0.77319366,0.6631326,0.7014749
hotel_49,2023-04-04,2023-03-10,0.8165938864628821,0.7816593886462883,0.8253275109170306,0.7831910396826043,0.8014975600282419,0.8331674,0.7159064,0.7690158
hotel_49,2023-04-05,2023-03-10,0.8209606986899564,0.7816593886462883,0.8165938864628821,0.7831910396826043,0.801884368670999,0.87057453,0.7394816,0.8380565
hotel_49,2023-04-06,2023-03-10,0.8253275109170306,0.7816593886462883,0.8034934497816594,0.7831910396826043,0.8021599770517145,0.8715702,0.7861378,0.8279039
hotel_49,2023-04-07,2023-03-10,0.8253275109170306,0.7816593886462883,0.7816593886462883,0.7831910396826043,0.8022012254881844,0.87570417,0.8995445,0.92623466
hotel_49,2023-04-08,2023-04-07,0.7554585152838428,0.8253275109170306,0.8209606986899564,0.8253052455806824,0.824423201864825,0.8221115,0.8729675,0.8651303
hotel_49,2023-04-09,2023-04-07,0.6200873362445415,0.8253275109170306,0.8253275109170306,0.8253052455806824,0.8240162451707885,0.6867139,0.8079529,0.8023851
hotel_49,2023-04-10,2023-04-07,0.74235807860262,0.8253275109170306,0.8209606986899564,0.8253052455806824,0.8223435086253139,0.73586917,0.7733522,0.8016602
hotel_49,2023-04-11,2023-04-07,0.7554585152838428,0.8253275109170306,0.8165938864628821,0.8253052455806824,0.8211208466425152,0.79655594,0.7608906,0.8245126
hotel_49,2023-04-12,2023-04-07,0.8078602620087336,0.8253275109170306,0.8209606986899564,0.8253052455806824,0.8216534924362459,0.7971595,0.8779225,0.85498774
hotel_49,2023-04-13,2023-04-07,0.8209606986899564,0.8253275109170306,0.8253275109170306,0.8253052455806824,0.8227807223011248,0.8068623,0.9389112,0.8739746
hotel_49,2023-04-14,2023-04-07,0.8165938864628821,0.8253275109170306,0.8253275109170306,0.8253052455806824,0.8234069173272467,0.88895226,0.9970417,0.8894927
hotel_49,2023-04-15,2023-04-07,0.8165938864628821,0.8253275109170306,0.8209606986899564,0.8253052455806824,0.823708847644164,0.93225276,0.979527,0.8927764
hotel_49,2023-04-16,2023-04-07,0.5938864628820961,0.8253275109170306,0.8253275109170306,0.8253052455806824,0.8236100319676346,0.7125641,0.8682106,0.8687062
hotel_49,2023-04-17,2023-04-07,0.6462882096069869,0.8253275109170306,0.8209606986899564,0.8253052455806824,0.8230566968324572,0.765208,0.8240926,0.840432
hotel_49,2023-04-18,2023-04-07,0.7947598253275109,0.8253275109170306,0.8165938864628821,0.8253052455806824,0.8225201493651163,0.80222446,0.76595,0.83286554
hotel_49,2023-04-19,2023-04-07,0.8078602620087336,0.8253275109170306,0.8209606986899564,0.8253052455806824,0.8224003484537812,0.85714555,0.8386405,0.85585725
hotel_49,2023-04-20,2023-04-07,0.7685589519650655,0.8253275109170306,0.8253275109170306,0.8253052455806824,0.8225873501051184,0.8732272,0.89948297,0.8863447
hotel_49,2023-04-21,2023-04-07,0.759825327510917,0.8253275109170306,0.8253275109170306,0.8253052455806824,0.822872601163938,0.8810743,0.957897,0.9334639
hotel_49,2023-04-22,2023-04-07,0.7816593886462883,0.8253275109170306,0.8209606986899564,0.8253052455806824,0.823122354903135,0.9002453,0.9538614,0.95141745
hotel_49,2023-04-23,2023-04-07,0.7248908296943232,0.8253275109170306,0.8253275109170306,0.8253052455806824,0.8232084696655468,0.6827982,0.885132,0.91346264
hotel_49,2023-04-24,2023-04-07,0.7641921397379913,0.8253275109170306,0.8209606986899564,0.8253052455806824,0.8230944955177445,0.7501014,0.8501412,0.8994674
hotel_49,2023-04-25,2023-04-07,0.759825327510917,0.8253275109170306,0.8165938864628821,0.8253052455806824,0.822903229045763,0.8149719,0.8335674,0.91516876
hotel_49,2023-04-26,2023-04-07,0.4672489082969432,0.8253275109170306,0.8209606986899564,0.8253052455806824,0.822771597045918,0.87051755,0.84697056,0.951846
hotel_49,2023-04-27,2023-04-07,0.7903930131004366,0.8253275109170306,0.8253275109170306,0.8253052455806824,0.8227482891190522,0.8759699,0.857107,0.9455278
hotel_49,2023-04-28,2023-04-07,0.74235807860262,0.8253275109170306,0.8253275109170306,0.8253052455806824,0.8228159062353217,0.8762901,0.911456,0.9149229
hotel_49,2023-04-29,2023-04-07,0.74235807860262,0.8253275109170306,0.8209606986899564,0.8253052455806824,0.8229214188275618,0.88910115,0.95942897,0.91467005
hotel_49,2023-04-30,2023-04-07,0.7336244541484717,0.8253275109170306,0.8253275109170306,0.8253052455806824,0.8229965242499653,0.63788724,0.8850057,0.89975625
hotel_49,2023-05-01,2023-04-07,0.5633187772925764,0.8253275109170306,0.8209606986899564,0.8253052455806824,0.8230035709930205,0.71133554,0.876052,0.9212278
hotel_49,2023-05-02,2023-04-07,0.5545851528384279,0.8253275109170306,0.8165938864628821,0.8253052455806824,0.8229568844019391,0.72162163,0.83840096,0.9326611
hotel_49,2023-05-03,2023-04-07,0.6375545851528385,0.8253275109170306,0.8209606986899564,0.8253052455806824,0.8228970715571402,0.7843044,0.90836906,0.94292396
hotel_49,2023-05-04,2023-04-07,0.7467248908296943,0.8253275109170306,0.8253275109170306,0.8253052455806824,0.8228591188087014,0.7728862,0.9481995,0.94686383
hotel_49,2023-05-05,2023-04-07,0.7379912663755459,0.8253275109170306,0.8253275109170306,0.8253052455806824,0.8228583303893953,0.83218056,0.9273249,0.9315948
hotel_49,2023-05-06,2023-05-05,0.7117903930131004,0.7379912663755459,0.74235807860262,0.737051983263991,0.7126729973352072,0.80930424,0.750698,0.8222562
hotel_49,2023-05-07,2023-05-05,0.7161572052401747,0.7379912663755459,0.7336244541484717,0.737051983263991,0.6907817834117959,0.59857357,0.58054256,0.6397521
hotel_49,2023-05-08,2023-05-05,0.74235807860262,0.7379912663755459,0.5633187772925764,0.737051983263991,0.6820627227121326,0.78562194,0.65565884,0.60711145
hotel_49,2023-05-09,2023-05-05,0.6986899563318777,0.7379912663755459,0.5545851528384279,0.737051983263991,0.683501784038043,0.8148358,0.73343444,0.5688548
hotel_49,2023-05-10,2023-05-05,0.5065502183406113,0.7379912663755459,0.6375545851528385,0.737051983263991,0.6883944352893517,0.79862905,0.78751343,0.5977899
hotel_49,2023-05-11,2023-05-05,0.4585152838427948,0.7379912663755459,0.7467248908296943,0.737051983263991,0.6920984523168969,0.7667092,0.8440702,0.6883036
hotel_49,2023-05-12,2023-05-05,0.5982532751091703,0.7379912663755459,0.7379912663755459,0.737051983263991,0.6933204779035786,0.8148835,0.84470916,0.810393
hotel_49,2023-05-13,2023-05-05,0.6855895196506551,0.7379912663755459,0.74235807860262,0.737051983263991,0.6928542765935977,0.85231715,0.8079801,0.8333838
hotel_49,2023-05-14,2023-05-05,0.4759825327510917,0.7379912663755459,0.7336244541484717,0.737051983263991,0.6919359312532258,0.6134182,0.6572791,0.71229035
hotel_49,2023-05-15,2023-05-05,0.5895196506550219,0.7379912663755459,0.5633187772925764,0.737051983263991,0.6913222649597826,0.6878117,0.72511494,0.7514845
hotel_49,2023-05-16,2023-05-05,0.6462882096069869,0.7379912663755459,0.5545851528384279,0.737051983263991,0.6911646291120354,0.7200294,0.719428,0.81974846
hotel_49,2023-05-17,2023-05-05,0.6812227074235808,0.7379912663755459,0.6375545851528385,0.737051983263991,0.691281286553464,0.77649605,0.7241823,0.82810044
hotel_49,2023-05-18,2023-05-05,0.5545851528384279,0.7379912663755459,0.7467248908296943,0.737051983263991,0.6914494530805457,0.7930569,0.72757465,0.8591662
hotel_49,2023-05-19,2023-05-05,0.7292576419213974,0.7379912663755459,0.7379912663755459,0.737051983263991,0.6915488116663517,0.85861397,0.71563005,0.9150273
hotel_49,2023-05-20,2023-05-05,0.7467248908296943,0.7379912663755459,0.74235807860262,0.737051983263991,0.6915662318675004,0.86215156,0.7669104,0.87344396
hotel_49,2023-05-21,2023-05-05,0.5982532751091703,0.7379912663755459,0.7336244541484717,0.737051983263991,0.6915402183575171,0.5966341,0.72016907,0.76552457
hotel_49,2023-05-22,2023-05-05,0.5764192139737991,0.7379912663755459,0.5633187772925764,0.737051983263991,0.6915100949303674,0.6883219,0.8266796,0.7817252
hotel_49,2023-05-23,2023-05-05,0.6026200873362445,0.7379912663755459,0.5545851528384279,0.737051983263991,0.691494425567111,0.7149609,0.7604405,0.7380867
hotel_49,2023-05-24,2023-05-05,0.5982532751091703,0.7379912663755459,0.6375545851528385,0.737051983263991,0.6914931770290328,0.7104441,0.735836,0.7144748
hotel_49,2023-05-25,2023-05-05,0.5851528384279476,0.7379912663755459,0.7467248908296943,0.737051983263991,0.6914985974873619,0.6950298,0.6934118,0.7443756
hotel_49,2023-05-26,2023-05-05,0.5982532751091703,0.7379912663755459,0.7379912663755459,0.737051983263991,0.6915038837039857,0.7975649,0.6771044,0.80956733
hotel_49,2023-05-27,2023-05-05,0.6026200873362445,0.7379912663755459,0.74235807860262,0.737051983263991,0.6915062775705361,0.90716374,0.72408617,0.8800661
hotel_49,2023-05-28,2023-05-05,0.5982532751091703,0.7379912663755459,0.7336244541484717,0.737051983263991,0.6915061837088662,0.6883585,0.6280523,0.77652633
hotel_49,2023-05-29,2023-05-05,0.4585152838427948,0.7379912663755459,0.5633187772925764,0.737051983263991,0.6915051053194441,0.5893462,0.6882281,0.725665
hotel_49,2023-05-30,2023-05-05,0.5327510917030568,0.7379912663755459,0.5545851528384279,0.737051983263991,0.691504196015242,0.66358626,0.7133852,0.7174236
hotel_49,2023-05-31,2023-05-05,0.611353711790393,0.7379912663755459,0.6375545851528385,0.737051983263991,0.6915038449695138,0.677892,0.7596487,0.76709116
hotel_49,2023-06-01,2023-05-05,0.6637554585152838,0.7379912663755459,0.7467248908296943,0.737051983263991,0.6915039145247168,0.67486966,0.81002927,0.861686
hotel_49,2023-06-02,2023-05-05,0.7336244541484717,0.7379912663755459,0.7379912663755459,0.737051983263991,0.6915041217272078,0.7832806,0.7694311,0.86904025
hotel_49,2023-06-03,2023-06-02,0.7292576419213974,0.7336244541484717,0.6026200873362445,0.7214520802489647,0.6761695383726496,0.7325261,0.7277588,0.7702974
hotel_49,2023-06-04,2023-06-02,0.5676855895196506,0.7336244541484717,0.5982532751091703,0.7214520802489647,0.6227593963306477,0.58754855,0.5779476,0.6088103
hotel_49,2023-06-05,2023-06-02,0.6637554585152838,0.7336244541484717,0.4585152838427948,0.7214520802489647,0.6008250922439102,0.57639587,0.6010815,0.5408266
hotel_49,2023-06-06,2023-06-02,0.6157205240174672,0.7336244541484717,0.5327510917030568,0.7214520802489647,0.602987531745544,0.6016851,0.6861366,0.51913285
hotel_49,2023-06-07,2023-06-02,0.6462882096069869,0.7336244541484717,0.611353711790393,0.7214520802489647,0.6129650013571616,0.65130764,0.77709043,0.56369007
hotel_49,2023-06-08,2023-06-02,0.5895196506550219,0.7336244541484717,0.6637554585152838,0.7214520802489647,0.6202735753995724,0.68786705,0.7557634,0.58167505
hotel_49,2023-06-09,2023-06-02,0.6550218340611353,0.7336244541484717,0.7336244541484717,0.7214520802489647,0.6224824789656707,0.70430714,0.7494015,0.6170955
hotel_49,2023-06-10,2023-06-02,0.7336244541484717,0.7336244541484717,0.6026200873362445,0.7214520802489647,0.6215416625428556,0.7100437,0.7515486,0.6102291
hotel_49,2023-06-11,2023-06-02,0.6768558951965066,0.7336244541484717,0.5982532751091703,0.7214520802489647,0.6199485277489879,0.6138515,0.6481511,0.5272682
hotel_49,2023-06-12,2023-06-02,0.6331877729257642,0.7336244541484717,0.4585152838427948,0.7214520802489647,0.6190046655547295,0.6640754,0.6511406,0.5370638
hotel_49,2023-06-13,2023-06-02,0.7336244541484717,0.7336244541484717,0.5327510917030568,0.7214520802489647,0.618833518559055,0.6809311,0.6628456,0.58413476
hotel_49,2023-06-14,2023-06-02,0.6724890829694323,0.7336244541484717,0.611353711790393,0.7214520802489647,0.6190478808553808,0.7044926,0.68177795,0.6125973
hotel_49,2023-06-15,2023-06-02,0.6550218340611353,0.7336244541484717,0.6637554585152838,0.7214520802489647,0.6192864309337729,0.6367654,0.6605568,0.5361623
hotel_49,2023-06-16,2023-06-02,0.7117903930131004,0.7336244541484717,0.7336244541484717,0.7214520802489647,0.6194002284615352,0.75970906,0.64837563,0.51328504
hotel_49,2023-06-17,2023-06-02,0.6899563318777293,0.7336244541484717,0.6026200873362445,0.7214520802489647,0.6194034516360121,0.8033863,0.6306542,0.52475876
hotel_49,2023-06-18,2023-06-02,0.6244541484716157,0.7336244541484717,0.5982532751091703,0.7214520802489647,0.6193634391436328,0.6381145,0.5401008,0.5363225
hotel_49,2023-06-19,2023-06-02,0.5807860262008734,0.7336244541484717,0.4585152838427948,0.7214520802489647,0.6193296730540138,0.6509808,0.6035824,0.577416
hotel_49,2023-06-20,2023-06-02,0.6855895196506551,0.7336244541484717,0.5327510917030568,0.7214520802489647,0.6193171883266982,0.68931615,0.65087754,0.5833227
hotel_49,2023-06-21,2023-06-02,0.7117903930131004,0.7336244541484717,0.611353711790393,0.7214520802489647,0.6193196801537245,0.6953043,0.67772615,0.58392245
hotel_49,2023-06-22,2023-06-02,0.6331877729257642,0.7336244541484717,0.6637554585152838,0.7214520802489647,0.6193263852840166,0.6594594,0.6948358,0.650103
hotel_49,2023-06-23,2023-06-02,0.6943231441048034,0.7336244541484717,0.7336244541484717,0.7214520802489647,0.6193309077203303,0.71156216,0.7057151,0.69077355
hotel_49,2023-06-24,2023-06-02,0.7248908296943232,0.7336244541484717,0.6026200873362445,0.7214520802489647,0.6193320755302155,0.7374279,0.7194689,0.73611265
hotel_49,2023-06-25,2023-06-02,0.62882096069869,0.7336244541484717,0.5982532751091703,0.7214520802489647,0.6193313314174693,0.608788,0.638249,0.6248606
hotel_49,2023-06-26,2023-06-02,0.6724890829694323,0.7336244541484717,0.4585152838427948,0.7214520802489647,0.6193302883967484,0.6721725,0.6746855,0.61342573
hotel_49,2023-06-27,2023-06-02,0.7074235807860262,0.7336244541484717,0.5327510917030568,0.7214520802489647,0.6193297184702633,0.68659276,0.67436796,0.66188854
hotel_49,2023-06-28,2023-06-02,0.7030567685589519,0.7336244541484717,0.611353711790393,0.7214520802489647,0.6193296454929428,0.685268,0.73950356,0.67197365
hotel_49,2023-06-29,2023-06-02,0.6593886462882096,0.7336244541484717,0.6637554585152838,0.7214520802489647,0.6193297996385155,0.67116493,0.72745246,0.7205673
hotel_49,2023-06-30,2023-06-02,0.6593886462882096,0.7336244541484717,0.7336244541484717,0.7214520802489647,0.6193299524096344,0.768153,0.79377604,0.71093047
hotel_56,2023-02-11,2023-02-10,0.9916666666666667,0.925,1.0,0.9688498340014837,0.93485931240567,0.9998975,1.0024555,0.9889213
hotel_56,2023-02-12,2023-02-10,0.8416666666666667,0.925,0.8416666666666667,0.9688498340014837,0.9475652252091167,0.8415286,0.90793645,0.9236066
hotel_56,2023-02-13,2023-02-10,0.8166666666666667,0.925,1.0,0.9688498340014837,0.9510792976667618,0.95918113,1.0103706,0.96569574
hotel_56,2023-02-14,2023-02-10,1.0,0.925,1.0083333333333333,0.9688498340014837,0.9498077993539704,0.97908515,1.0056034,1.0003622
hotel_56,2023-02-15,2023-02-10,1.0,0.925,1.0,0.9688498340014837,0.9486088707184682,0.98999953,0.97984415,1.0077144
hotel_56,2023-02-16,2023-02-10,1.0,0.925,1.0,0.9688498340014837,0.9474783699080729,0.970032,1.0193913,0.982145
hotel_56,2023-02-17,2023-02-10,1.0,0.925,0.925,0.9688498340014837,0.9464123914632682,0.99365914,1.0877333,0.99029714
hotel_56,2023-02-18,2023-02-10,1.0,0.925,1.0,0.9688498340014837,0.9454072528252949,1.0093993,1.0874832,0.96374106
hotel_56,2023-02-19,2023-02-10,1.0,0.925,0.8416666666666667,0.9688498340014837,0.9444594816142815,0.92390996,0.9896758,0.87340415
hotel_56,2023-02-20,2023-02-10,0.975,0.925,1.0,0.9688498340014837,0.9435658036334639,0.9797942,1.0422103,0.8962856
hotel_56,2023-02-21,2023-02-10,1.0,0.925,1.0083333333333333,0.9688498340014837,0.9427231315580542,1.005412,0.9998096,0.9234957
hotel_56,2023-02-22,2023-02-10,1.0,0.925,1.0,0.9688498340014837,0.9419285542696827,1.0008599,1.0184487,0.9564134
hotel_56,2023-02-23,2023-02-10,1.0,0.925,1.0,0.9688498340014837,0.9411793267995676,1.0043062,1.0020489,0.94685674
hotel_56,2023-02-24,2023-02-10,1.0,0.925,0.925,0.9688498340014837,0.9404728608456698,0.9964928,0.96247977,0.933152
hotel_56,2023-02-25,2023-02-10,1.0,0.925,1.0,0.9688498340014837,0.939806715831072,0.987285,0.9149276,0.9491633
hotel_56,2023-02-26,2023-02-10,0.85,0.925,0.8416666666666667,0.9688498340014837,0.9391785904726947,0.9402135,0.786816,0.83279854
hotel_56,2023-02-27,2023-02-10,1.0,0.925,1.0,0.9688498340014837,0.9385863148312192,0.90261096,0.8448224,0.85978633
hotel_56,2023-02-28,2023-02-10,1.0,0.925,1.0083333333333333,0.9688498340014837,0.9380278428147552,0.9663767,0.92254305,0.92202777
hotel_56,2023-03-01,2023-02-10,1.0,0.925,1.0,0.9688498340014837,0.9375012451103543,0.9262127,0.91731644,0.93798643
hotel_56,2023-03-02,2023-02-10,1.0,0.925,1.0,0.9688498340014837,0.937004702518953,0.9673608,0.9473318,0.96016335
hotel_56,2023-03-03,2023-02-10,1.0,0.925,0.925,0.9688498340014837,0.9365364996707161,0.98555785,0.93938005,0.99401677
hotel_56,2023-03-04,2023-02-10,0.9916666666666667,0.925,1.0,0.9688498340014837,0.9360950190990726,1.0035807,0.84736717,0.9686467
hotel_56,2023-03-05,2023-02-10,0.9166666666666666,0.925,0.8416666666666667,0.9688498340014837,0.9356787356529709,0.873501,0.67882395,0.83740675
hotel_56,2023-03-06,2023-02-10,1.0,0.925,1.0,0.9688498340014837,0.9352862112280496,0.9385313,0.800744,0.8717861
hotel_56,2023-03-07,2023-02-10,1.0,0.925,1.0083333333333333,0.9688498340014837,0.9349160897985221,0.95572984,0.9236379,0.9564846
hotel_56,2023-03-08,2023-02-10,1.0,0.925,1.0,0.9688498340014837,0.9345670927326124,0.9716176,0.968929,1.0156548
hotel_56,2023-03-09,2023-02-10,1.0,0.925,1.0,0.9688498340014837,0.9342380143753577,0.965234,1.0267218,0.9977983
hotel_56,2023-03-10,2023-02-10,1.0,0.925,0.925,0.9688498340014837,0.9339277178835201,0.9625895,1.0557568,1.0181378
hotel_56,2023-03-11,2023-03-10,1.0,1.0,0.9916666666666667,0.995155412778869,0.9796674146276485,1.0028528,1.0243952,1.0230091
hotel_56,2023-03-12,2023-03-10,0.8916666666666667,1.0,0.9166666666666666,0.995155412778869,0.9691118046449017,0.9262145,0.8822689,0.85287654
hotel_56,2023-03-13,2023-03-10,1.0,1.0,1.0,0.995155412778869,0.9654034263983999,0.9323112,0.9728607,0.87258077
hotel_56,2023-03-14,2023-03-10,1.0,1.0,1.0,0.995155412778869,0.9636398849137422,0.97660077,1.022739,0.9719371
hotel_56,2023-03-15,2023-03-10,1.0,1.0,1.0,0.995155412778869,0.9619707696225536,0.9866908,1.0398896,1.0209314
hotel_56,2023-03-16,2023-03-10,1.0,1.0,1.0,0.995155412778869,0.9603910246154095,0.9964614,1.0175955,0.9916672
hotel_56,2023-03-17,2023-03-10,1.0,1.0,1.0,0.995155412778869,0.9588958646940002,0.9975438,1.0154456,1.0204874
hotel_56,2023-03-18,2023-03-10,1.0,1.0,0.9916666666666667,0.995155412778869,0.9574807608763087,0.99978185,0.99612534,1.0124235
hotel_56,2023-03-19,2023-03-10,1.0,1.0,0.9166666666666666,0.995155412778869,0.9561414266778924,0.9329122,0.80130213,0.78862214
hotel_56,2023-03-20,2023-03-10,1.0,1.0,1.0,0.995155412778869,0.9548738051277124,0.93867314,0.79541844,0.7953283
hotel_56,2023-03-21,2023-03-10,1.0,1.0,1.0,0.995155412778869,0.9536740564791819,0.9695345,0.8636658,0.86548185
hotel_56,2023-03-22,2023-03-10,1.0,1.0,1.0,0.995155412778869,0.9525385465792071,0.9887686,0.8957093,0.919264
hotel_56,2023-03-23,2023-03-10,1.0,1.0,1.0,0.995155412778869,0.9514638358599912,0.98513854,0.95689714,0.9488733
hotel_56,2023-03-24,2023-03-10,1.0,1.0,1.0,0.995155412778869,0.9504466689202546,0.99642164,1.0155021,1.0434779
hotel_56,2023-03-25,2023-03-10,1.0,1.0,0.9916666666666667,0.995155412778869,0.9494839646643153,1.0004352,1.0452292,1.0716408
hotel_56,2023-03-26,2023-03-10,0.8833333333333333,1.0,0.9166666666666666,0.995155412778869,0.9485728069691548,0.8996062,0.9042449,0.86137635
hotel_56,2023-03-27,2023-03-10,1.0,1.0,1.0,0.995155412778869,0.9477104358512042,0.952302,0.9129826,0.85160655
hotel_56,2023-03-28,2023-03-10,0.9916666666666667,1.0,1.0,0.995155412778869,0.9468942391060905,0.96029645,0.94431937,0.90003204
hotel_56,2023-03-29,2023-03-10,1.0,1.0,1.0,0.995155412778869,0.9461217443960203,0.9783574,0.9382527,0.9307433
hotel_56,2023-03-30,2023-03-10,1.0,1.0,1.0,0.995155412778869,0.9453906117608325,0.98280364,0.97123635,0.9045041
hotel_56,2023-03-31,2023-03-10,1.0,1.0,1.0,0.995155412778869,0.9446986265300369,0.9941828,0.99757934,0.95417935
hotel_56,2023-04-01,2023-03-10,1.0,1.0,0.9916666666666667,0.995155412778869,0.9440436926143644,0.99691844,1.0348091,0.9677586
hotel_56,2023-04-02,2023-03-10,1.0,1.0,0.9166666666666666,0.995155412778869,0.943423826156514,0.92066735,0.89387,0.7922675
hotel_56,2023-04-03,2023-03-10,1.0,1.0,1.0,0.995155412778869,0.9428371495218594,0.966151,0.93947625,0.81697553
hotel_56,2023-04-04,2023-03-10,1.0,1.0,1.0,0.995155412778869,0.9422818856109142,0.9668469,0.926378,0.88162935
hotel_56,2023-04-05,2023-03-10,1.0,1.0,1.0,0.995155412778869,0.9417563524763287,0.9538135,0.90985256,0.9447278
hotel_56,2023-04-06,2023-03-10,0.9666666666666667,1.0,1.0,0.995155412778869,0.9412589582281106,0.96749234,0.9371184,0.9030265
hotel_56,2023-04-07,2023-03-10,0.9833333333333333,1.0,1.0,0.995155412778869,0.9407881962116381,0.98517203,1.0029591,0.9673386
hotel_56,2023-04-08,2023-04-07,1.0,0.9833333333333333,1.0,0.9873110949228171,0.9775136729888086,0.99767053,0.97700727,1.0156406
hotel_56,2023-04-09,2023-04-07,0.9166666666666666,0.9833333333333333,1.0,0.9873110949228171,0.971595687803576,0.93672645,0.8766352,0.92134976
hotel_56,2023-04-10,2023-04-07,0.9833333333333333,0.9833333333333333,1.0,0.9873110949228171,0.9683136194694643,0.9806979,0.93531084,0.9537165
hotel_56,2023-04-11,2023-04-07,1.0,0.9833333333333333,1.0,0.9873110949228171,0.9667025271881164,0.98706996,0.9469982,0.9921015
hotel_56,2023-04-12,2023-04-07,1.0,0.9833333333333333,1.0,0.9873110949228171,0.9651713722053149,0.98964936,0.9624045,1.0160434
hotel_56,2023-04-13,2023-04-07,1.0,0.9833333333333333,0.9666666666666667,0.9873110949228171,0.9637161882853742,0.9814995,0.9927697,1.0008497
hotel_56,2023-04-14,2023-04-07,1.0,0.9833333333333333,0.9833333333333333,0.9873110949228171,0.9623332059846671,0.98928654,1.000028,0.9678954
hotel_56,2023-04-15,2023-04-07,1.0083333333333333,0.9833333333333333,1.0,0.9873110949228171,0.9610188428874257,0.9982268,0.97578776,0.94283473
hotel_56,2023-04-16,2023-04-07,0.9916666666666667,0.9833333333333333,1.0,0.9873110949228171,0.9597696943260111,0.9242445,0.82666314,0.9147629
hotel_56,2023-04-17,2023-04-07,0.9916666666666667,0.9833333333333333,1.0,0.9873110949228171,0.9585825245616143,0.96908873,0.8515395,1.0011581
hotel_56,2023-04-18,2023-04-07,1.0,0.9833333333333333,1.0,0.9873110949228171,0.957454258402542,0.974837,0.90758085,1.029997
hotel_56,2023-04-19,2023-04-07,1.0,0.9833333333333333,1.0,0.9873110949228171,0.9563819732383769,0.97806436,1.0009195,1.0450258
hotel_56,2023-04-20,2023-04-07,0.8416666666666667,0.9833333333333333,0.9666666666666667,0.9873110949228171,0.9553628914693786,0.9814156,1.0629253,1.029384
hotel_56,2023-04-21,2023-04-07,1.0083333333333333,0.9833333333333333,0.9833333333333333,0.9873110949228171,0.9543943733115121,0.9834159,1.0155706,0.9974391
hotel_56,2023-04-22,2023-04-07,1.0,0.9833333333333333,1.0,0.9873110949228171,0.9534739099584691,0.996064,0.98604935,0.99222124
hotel_56,2023-04-23,2023-04-07,0.8583333333333333,0.9833333333333333,1.0,0.9873110949228171,0.952599117082968,0.8974833,0.8874452,0.93928397
hotel_56,2023-04-24,2023-04-07,1.0,0.9833333333333333,1.0,0.9873110949228171,0.9517677286604983,0.96441936,0.9602739,0.9835162
hotel_56,2023-04-25,2023-04-07,1.0,0.9833333333333333,1.0,0.9873110949228171,0.950977591099512,0.9776019,0.9978212,1.0027843
hotel_56,2023-04-26,2023-04-07,1.0,0.9833333333333333,1.0,0.9873110949228171,0.9502266576628559,0.97179025,0.97036016,1.0288212
hotel_56,2023-04-27,2023-04-07,0.95,0.9833333333333333,0.9666666666666667,0.9873110949228171,0.9495129831659943,0.9706621,1.0132939,1.0456164
hotel_56,2023-04-28,2023-04-07,1.0,0.9833333333333333,0.9833333333333333,0.9873110949228171,0.9488347189382905,0.9552058,1.0268327,1.0224075
hotel_56,2023-04-29,2023-04-07,0.9916666666666667,0.9833333333333333,1.0,0.9873110949228171,0.9481901080342919,0.986227,1.0002842,1.0088094
hotel_56,2023-04-30,2023-04-07,0.725,0.9833333333333333,1.0,0.9873110949228171,0.9475774806826173,0.8837453,0.8486524,0.94653904
hotel_56,2023-05-01,2023-04-07,0.7916666666666666,0.9833333333333333,1.0,0.9873110949228171,0.9469952499606549,0.9244428,0.8673638,0.9697314
hotel_56,2023-05-02,2023-04-07,0.9666666666666667,0.9833333333333333,1.0,0.9873110949228171,0.9464419076838693,0.9657598,0.8929635,0.9732969
hotel_56,2023-05-03,2023-04-07,1.0,0.9833333333333333,1.0,0.9873110949228171,0.9459160204990668,0.96415794,0.9207522,1.0000978
hotel_56,2023-05-04,2023-04-07,0.975,0.9833333333333333,0.9666666666666667,0.9873110949228171,0.9454162261715015,0.9327552,0.9294371,0.9886708
hotel_56,2023-05-05,2023-04-07,0.9916666666666667,0.9833333333333333,0.9833333333333333,0.9873110949228171,0.9449412300562029,0.9436018,0.9039869,0.95869553
hotel_56,2023-05-06,2023-05-05,0.9833333333333333,0.9916666666666667,0.9916666666666667,0.9566948024446107,0.9696760947747086,0.99655807,0.99652755,1.0220344
hotel_56,2023-05-07,2023-05-05,0.75,0.9916666666666667,0.725,0.9566948024446107,0.9571275643330325,0.8222529,0.90804476,0.8309586
hotel_56,2023-05-08,2023-05-05,1.0,0.9916666666666667,0.7916666666666666,0.9566948024446107,0.9541338533117049,0.9158038,0.9576364,0.82380444
hotel_56,2023-05-09,2023-05-05,1.0,0.9916666666666667,0.9666666666666667,0.9566948024446107,0.9543855613074668,0.942556,1.0260949,0.89265674
hotel_56,2023-05-10,2023-05-05,0.8166666666666667,0.9916666666666667,1.0,0.9566948024446107,0.9548999598822122,0.9673404,1.0549157,0.9456051
hotel_56,2023-05-11,2023-05-05,0.625,0.9916666666666667,0.975,0.9566948024446107,0.9551086269664266,0.9616889,1.0776702,0.9005339
hotel_56,2023-05-12,2023-05-05,0.975,0.9916666666666667,0.9916666666666667,0.9566948024446107,0.955138736296235,0.96727484,1.0272505,0.9578494
hotel_56,2023-05-13,2023-05-05,0.8833333333333333,0.9916666666666667,0.9916666666666667,0.9566948024446107,0.9551252971533096,0.9577239,0.9317659,0.9814536
hotel_56,2023-05-14,2023-05-05,0.7416666666666667,0.9916666666666667,0.725,0.9566948024446107,0.9551149928759988,0.79646534,0.70112324,0.8189864
hotel_56,2023-05-15,2023-05-05,1.0083333333333333,0.9916666666666667,0.7916666666666666,0.9566948024446107,0.9551119236538919,0.8461869,0.7058387,0.9615588
hotel_56,2023-05-16,2023-05-05,1.0,0.9916666666666667,0.9666666666666667,0.9566948024446107,0.9551118429790258,0.9203837,0.80314636,0.9963668
hotel_56,2023-05-17,2023-05-05,0.975,0.9916666666666667,1.0,0.9566948024446107,0.9551122110200412,0.9594111,0.8837966,1.0149415
hotel_56,2023-05-18,2023-05-05,0.8,0.9916666666666667,0.975,0.9566948024446107,0.9551123948103281,0.9278683,0.9504821,0.9743404
hotel_56,2023-05-19,2023-05-05,0.975,0.9916666666666667,0.9916666666666667,0.9566948024446107,0.9551124325779317,0.9497129,0.93907326,0.97847277
hotel_56,2023-05-20,2023-05-05,0.9083333333333333,0.9916666666666667,0.9916666666666667,0.9566948024446107,0.9551124260317198,0.9784616,0.88757306,0.99064195
hotel_56,2023-05-21,2023-05-05,0.625,0.9916666666666667,0.725,0.9566948024446107,0.9551124179567169,0.84882164,0.7533846,0.7947726
hotel_56,2023-05-22,2023-05-05,0.9,0.9916666666666667,0.7916666666666666,0.9566948024446107,0.9551124150243198,0.8760901,0.76133204,0.8430927
hotel_56,2023-05-23,2023-05-05,0.825,0.9916666666666667,0.9666666666666667,0.9566948024446107,0.9551124147131219,0.8962953,0.81575894,0.8814893
hotel_56,2023-05-24,2023-05-05,0.85,0.9916666666666667,1.0,0.9566948024446107,0.9551124149546308,0.9509395,0.8513304,0.9352583
hotel_56,2023-05-25,2023-05-05,1.0,0.9916666666666667,0.975,0.9566948024446107,0.955112415109396,0.94980085,0.9315298,0.911658
hotel_56,2023-05-26,2023-05-05,0.9416666666666667,0.9916666666666667,0.9916666666666667,0.9566948024446107,0.9551124151502483,0.98911357,0.9417187,0.94701326
hotel_56,2023-05-27,2023-05-05,1.0083333333333333,0.9916666666666667,0.9916666666666667,0.9566948024446107,0.9551124151489923,0.9918869,0.927379,0.95366555
hotel_56,2023-05-28,2023-05-05,0.975,0.9916666666666667,0.725,0.9566948024446107,0.9551124151429977,0.85192996,0.8211143,0.7815713
hotel_56,2023-05-29,2023-05-05,0.6,0.9916666666666667,0.7916666666666666,0.9566948024446107,0.9551124151403442,0.7728995,0.8502437,0.81196743
hotel_56,2023-05-30,2023-05-05,0.8333333333333334,0.9916666666666667,0.9666666666666667,0.9566948024446107,0.9551124151398889,0.79586744,0.8758117,0.8679678
hotel_56,2023-05-31,2023-05-05,0.85,0.9916666666666667,1.0,0.9566948024446107,0.9551124151400258,0.88448167,0.8572441,0.9300628
hotel_56,2023-06-01,2023-05-05,0.8583333333333333,0.9916666666666667,0.975,0.9566948024446107,0.9551124151401503,0.8976339,0.88185483,0.9232992
hotel_56,2023-06-02,2023-05-05,0.9416666666666667,0.9916666666666667,0.9916666666666667,0.9566948024446107,0.9551124151401909,0.9487256,0.8924316,0.9448598
hotel_56,2023-06-03,2023-06-02,0.9833333333333333,0.9416666666666667,1.0083333333333333,0.8737387505735773,0.9157600811663571,0.918959,0.9725631,0.98606306
hotel_56,2023-06-04,2023-06-02,0.7666666666666667,0.9416666666666667,0.975,0.8737387505735773,0.8976464798384745,0.72526646,0.74836624,0.7741422
hotel_56,2023-06-05,2023-06-02,0.875,0.9416666666666667,0.6,0.8737387505735773,0.8993841496925494,0.8153444,0.82549626,0.7927665
hotel_56,2023-06-06,2023-06-02,1.0,0.9416666666666667,0.8333333333333334,0.8737387505735773,0.9010329975022743,0.8794682,0.9155813,0.8406698
hotel_56,2023-06-07,2023-06-02,0.925,0.9416666666666667,0.85,0.8737387505735773,0.9025975634601048,0.89264625,0.97303385,0.9335917
hotel_56,2023-06-08,2023-06-02,0.8833333333333333,0.9416666666666667,0.8583333333333333,0.8737387505735773,0.904082155683817,0.89049935,0.95592976,0.97548807
hotel_56,2023-06-09,2023-06-02,1.0166666666666666,0.9416666666666667,0.9416666666666667,0.8737387505735773,0.905490862079144,0.94677293,0.9885123,0.99118143
hotel_56,2023-06-10,2023-06-02,1.0083333333333333,0.9416666666666667,1.0083333333333333,0.8737387505735773,0.9068275615960475,0.990241,0.9716148,0.9432025
hotel_56,2023-06-11,2023-06-02,0.725,0.9416666666666667,0.975,0.8737387505735773,0.9080959349096192,0.84565806,0.6396958,0.7166741
hotel_56,2023-06-12,2023-06-02,0.9416666666666667,0.9416666666666667,0.6,0.8737387505735773,0.9092994745550194,0.84895265,0.626735,0.72987676
hotel_56,2023-06-13,2023-06-02,1.05,0.9416666666666667,0.8333333333333334,0.8737387505735773,0.9104414945443637,0.8865809,0.6972376,0.76827174
hotel_56,2023-06-14,2023-06-02,1.0083333333333333,0.9416666666666667,0.85,0.8737387505735773,0.9115251394920371,0.8979112,0.74948233,0.80219793
hotel_56,2023-06-15,2023-06-02,0.975,0.9416666666666667,0.8583333333333333,0.8737387505735773,0.9125533932735596,0.90226996,0.80584383,0.85053164
hotel_56,2023-06-16,2023-06-02,0.9666666666666667,0.9416666666666667,0.9416666666666667,0.8737387505735773,0.913529087241852,0.9400939,0.9119746,0.9100441
hotel_56,2023-06-17,2023-06-02,0.95,0.9416666666666667,1.0083333333333333,0.8737387505735773,0.91445490802352,0.96650255,0.9231828,0.9322542
hotel_56,2023-06-18,2023-06-02,0.75,0.9416666666666667,0.975,0.8737387505735773,0.9153334049166273,0.78438365,0.6836614,0.7263816
hotel_56,2023-06-19,2023-06-02,0.85,0.9416666666666667,0.6,0.8737387505735773,0.9161669969103268,0.8093637,0.7317523,0.8031038
hotel_56,2023-06-20,2023-06-02,1.0083333333333333,0.9416666666666667,0.8333333333333334,0.8737387505735773,0.9169579793456797,0.87454295,0.7861509,0.853796
hotel_56,2023-06-21,2023-06-02,0.9416666666666667,0.9416666666666667,0.85,0.8737387505735773,0.917708530236002,0.91075206,0.8038544,0.88506716
hotel_56,2023-06-22,2023-06-02,0.9083333333333333,0.9416666666666667,0.8583333333333333,0.8737387505735773,0.9184207162641436,0.88966435,0.80860114,0.8809545
hotel_56,2023-06-23,2023-06-02,0.9666666666666667,0.9416666666666667,0.9416666666666667,0.8737387505735773,0.9190964984732116,0.93407875,0.9520506,0.9635149
hotel_56,2023-06-24,2023-06-02,1.0083333333333333,0.9416666666666667,1.0083333333333333,0.8737387505735773,0.9197377376664103,0.9496791,1.0100034,0.9763225
hotel_56,2023-06-25,2023-06-02,1.0,0.9416666666666667,0.975,0.8737387505735773,0.9203461995308639,0.812228,0.87356126,0.8312421
hotel_56,2023-06-26,2023-06-02,1.0,0.9416666666666667,0.6,0.8737387505735773,0.9209235594995328,0.78883934,0.9228036,0.9174954
hotel_56,2023-06-27,2023-06-02,1.0166666666666666,0.9416666666666667,0.8333333333333334,0.8737387505735773,0.921471407364609,0.8427023,0.88767266,0.9361517
hotel_56,2023-06-28,2023-06-02,0.9833333333333333,0.9416666666666667,0.85,0.8737387505735773,0.9219912516550965,0.8653496,0.89539266,0.9913031
hotel_56,2023-06-29,2023-06-02,0.8666666666666667,0.9416666666666667,0.8583333333333333,0.8737387505735773,0.9224845237906282,0.85279745,0.90105045,0.9901366
hotel_56,2023-06-30,2023-06-02,0.9583333333333334,0.9416666666666667,0.9416666666666667,0.8737387505735773,0.922952582022957,0.92355907,0.9890835,0.9690691
hotel_63,2023-02-11,2023-02-10,0.6888888888888889,0.8533333333333334,0.8977777777777778,0.7322233735259043,0.7306830852884393,0.87678504,0.8261922,0.90138483
hotel_63,2023-02-12,2023-02-10,0.35555555555555557,0.8533333333333334,0.6133333333333333,0.7322233735259043,0.6981642043802783,0.57880574,0.4939952,0.6022488
hotel_63,2023-02-13,2023-02-10,0.5022222222222222,0.8533333333333334,0.6888888888888889,0.7322233735259043,0.6965453869525453,0.6747066,0.715826,0.6458197
hotel_63,2023-02-14,2023-02-10,0.6488888888888888,0.8533333333333334,0.5111111111111111,0.7322233735259043,0.6965453869525453,0.8124522,0.79377925,0.641888
hotel_63,2023-02-15,2023-02-10,0.96,0.8533333333333334,0.5777777777777777,0.7322233735259043,0.6965453869525453,0.8389524,0.7666712,0.72687155
hotel_63,2023-02-16,2023-02-10,0.9822222222222222,0.8533333333333334,0.9511111111111111,0.7322233735259043,0.6965453869525453,0.9256907,0.811929,0.7660281
hotel_63,2023-02-17,2023-02-10,0.8711111111111111,0.8533333333333334,0.8533333333333334,0.7322233735259043,0.6965453869525453,0.91180646,0.8142787,0.7933351
hotel_63,2023-02-18,2023-02-10,1.008888888888889,0.8533333333333334,0.8977777777777778,0.7322233735259043,0.6965453869525453,0.8799524,0.733618,0.783005
hotel_63,2023-02-19,2023-02-10,0.9955555555555555,0.8533333333333334,0.6133333333333333,0.7322233735259043,0.6965453869525453,0.7106664,0.46961308,0.61933464
hotel_63,2023-02-20,2023-02-10,0.5555555555555556,0.8533333333333334,0.6888888888888889,0.7322233735259043,0.6965453869525453,0.7431057,0.7137938,0.7597663
hotel_63,2023-02-21,2023-02-10,0.7333333333333333,0.8533333333333334,0.5111111111111111,0.7322233735259043,0.6965453869525453,0.78355014,0.76478755,0.79261875
hotel_63,2023-02-22,2023-02-10,0.7555555555555555,0.8533333333333334,0.5777777777777777,0.7322233735259043,0.6965453869525453,0.78777176,0.75662553,0.83479106
hotel_63,2023-02-23,2023-02-10,0.7511111111111111,0.8533333333333334,0.9511111111111111,0.7322233735259043,0.6965453869525453,0.86212564,0.8420689,0.8277024
hotel_63,2023-02-24,2023-02-10,0.7422222222222222,0.8533333333333334,0.8533333333333334,0.7322233735259043,0.6965453869525453,0.9049732,0.9034555,0.7425644
hotel_63,2023-02-25,2023-02-10,0.6711111111111111,0.8533333333333334,0.8977777777777778,0.7322233735259043,0.6965453869525453,0.88024575,0.86939055,0.7861377
hotel_63,2023-02-26,2023-02-10,0.8933333333333333,0.8533333333333334,0.6133333333333333,0.7322233735259043,0.6965453869525453,0.62904656,0.683893,0.7011722
hotel_63,2023-02-27,2023-02-10,0.96,0.8533333333333334,0.6888888888888889,0.7322233735259043,0.6965453869525453,0.7957065,0.7267527,0.65690756
hotel_63,2023-02-28,2023-02-10,0.9288888888888889,0.8533333333333334,0.5111111111111111,0.7322233735259043,0.6965453869525453,0.86910945,0.74570364,0.64083683
hotel_63,2023-03-01,2023-02-10,0.6577777777777778,0.8533333333333334,0.5777777777777777,0.7322233735259043,0.6965453869525453,0.874441,0.5758953,0.65057164
hotel_63,2023-03-02,2023-02-10,0.49333333333333335,0.8533333333333334,0.9511111111111111,0.7322233735259043,0.6965453869525453,0.8710243,0.69968957,0.6980659
hotel_63,2023-03-03,2023-02-10,0.6,0.8533333333333334,0.8533333333333334,0.7322233735259043,0.6965453869525453,0.8717684,0.66501564,0.7163791
hotel_63,2023-03-04,2023-02-10,0.7066666666666667,0.8533333333333334,0.8977777777777778,0.7322233735259043,0.6965453869525453,0.8805986,0.5784498,0.8276777
hotel_63,2023-03-05,2023-02-10,0.29333333333333333,0.8533333333333334,0.6133333333333333,0.7322233735259043,0.6965453869525453,0.6294962,0.47168207,0.7940221
hotel_63,2023-03-06,2023-02-10,0.3022222222222222,0.8533333333333334,0.6888888888888889,0.7322233735259043,0.6965453869525453,0.7607354,0.7667094,0.7983117
hotel_63,2023-03-07,2023-02-10,0.92,0.8533333333333334,0.5111111111111111,0.7322233735259043,0.6965453869525453,0.8312919,0.81288713,0.7593565
hotel_63,2023-03-08,2023-02-10,0.8888888888888888,0.8533333333333334,0.5777777777777777,0.7322233735259043,0.6965453869525453,0.88612413,0.6566139,0.6564348
hotel_63,2023-03-09,2023-02-10,0.8488888888888889,0.8533333333333334,0.9511111111111111,0.7322233735259043,0.6965453869525453,0.87228984,0.69459397,0.71442646
hotel_63,2023-03-10,2023-02-10,1.0,0.8533333333333334,0.8533333333333334,0.7322233735259043,0.6965453869525453,0.9106666,0.60143757,0.69956374
hotel_63,2023-03-11,2023-03-10,0.9955555555555555,1.0,0.7066666666666667,0.7450619953185418,0.8560210084657857,0.92836446,0.8792438,1.0688064
hotel_63,2023-03-12,2023-03-10,0.88,1.0,0.29333333333333333,0.7450619953185418,0.7556937838591218,0.54994565,0.5453568,0.8925961
hotel_63,2023-03-13,2023-03-10,0.9866666666666667,1.0,0.3022222222222222,0.7450619953185418,0.7362798651897495,0.7168871,0.60882103,0.89615977
hotel_63,2023-03-14,2023-03-10,0.9733333333333334,1.0,0.92,0.7450619953185418,0.7362798651897495,0.86466545,0.7135422,0.84169084
hotel_63,2023-03-15,2023-03-10,0.9377777777777778,1.0,0.8888888888888888,0.7450619953185418,0.7362798651897495,0.90931904,0.7671797,0.88431114
hotel_63,2023-03-16,2023-03-10,0.8311111111111111,1.0,0.8488888888888889,0.7450619953185418,0.7362798651897495,0.8727259,0.7069758,0.9253781
hotel_63,2023-03-17,2023-03-10,0.8844444444444445,1.0,1.0,0.7450619953185418,0.7362798651897495,0.90386933,0.86126757,0.98982865
hotel_63,2023-03-18,2023-03-10,0.8755555555555555,1.0,0.7066666666666667,0.7450619953185418,0.7362798651897495,0.9462296,0.9552474,1.0107512
hotel_63,2023-03-19,2023-03-10,0.4088888888888889,1.0,0.29333333333333333,0.7450619953185418,0.7362798651897495,0.5640812,0.7383683,0.7803762
hotel_63,2023-03-20,2023-03-10,0.4888888888888889,1.0,0.3022222222222222,0.7450619953185418,0.7362798651897495,0.63890916,0.92607653,0.84091103
hotel_63,2023-03-21,2023-03-10,0.6266666666666667,1.0,0.92,0.7450619953185418,0.7362798651897495,0.72290057,0.92348695,0.84848475
hotel_63,2023-03-22,2023-03-10,0.5333333333333333,1.0,0.8888888888888888,0.7450619953185418,0.7362798651897495,0.7485501,0.7756441,0.8530293
hotel_63,2023-03-23,2023-03-10,0.8666666666666667,1.0,0.8488888888888889,0.7450619953185418,0.7362798651897495,0.74082273,0.83367527,0.92209184
hotel_63,2023-03-24,2023-03-10,0.9377777777777778,1.0,1.0,0.7450619953185418,0.7362798651897495,0.88400966,0.9609452,0.78562725
hotel_63,2023-03-25,2023-03-10,0.9555555555555556,1.0,0.7066666666666667,0.7450619953185418,0.7362798651897495,0.87273455,0.9513749,0.8170051
hotel_63,2023-03-26,2023-03-10,0.5333333333333333,1.0,0.29333333333333333,0.7450619953185418,0.7362798651897495,0.6518457,0.5762174,0.45205182
hotel_63,2023-03-27,2023-03-10,0.9422222222222222,1.0,0.3022222222222222,0.7450619953185418,0.7362798651897495,0.7522704,0.7361529,0.8384244
hotel_63,2023-03-28,2023-03-10,1.0044444444444445,1.0,0.92,0.7450619953185418,0.7362798651897495,0.79843843,0.7357555,0.9384328
hotel_63,2023-03-29,2023-03-10,0.8,1.0,0.8888888888888888,0.7450619953185418,0.7362798651897495,0.7926559,0.6722176,0.8319144
hotel_63,2023-03-30,2023-03-10,0.7466666666666667,1.0,0.8488888888888889,0.7450619953185418,0.7362798651897495,0.7907079,0.5589701,0.9571312
hotel_63,2023-03-31,2023-03-10,1.0044444444444445,1.0,1.0,0.7450619953185418,0.7362798651897495,0.8182813,0.7403016,1.0438136
hotel_63,2023-04-01,2023-03-10,0.9777777777777777,1.0,0.7066666666666667,0.7450619953185418,0.7362798651897495,0.89420134,0.85296273,1.1338325
hotel_63,2023-04-02,2023-03-10,0.6222222222222222,1.0,0.29333333333333333,0.7450619953185418,0.7362798651897495,0.61241794,0.7077917,0.85720026
hotel_63,2023-04-03,2023-03-10,0.8444444444444444,1.0,0.3022222222222222,0.7450619953185418,0.7362798651897495,0.65101445,0.8512686,0.708597
hotel_63,2023-04-04,2023-03-10,0.8133333333333334,1.0,0.92,0.7450619953185418,0.7362798651897495,0.70645297,0.81420827,0.6564339
hotel_63,2023-04-05,2023-03-10,0.7244444444444444,1.0,0.8888888888888888,0.7450619953185418,0.7362798651897495,0.72226715,0.6900116,0.66327065
hotel_63,2023-04-06,2023-03-10,0.7911111111111111,1.0,0.8488888888888889,0.7450619953185418,0.7362798651897495,0.75228024,0.7400783,0.8895831
hotel_63,2023-04-07,2023-03-10,0.8666666666666667,1.0,1.0,0.7450619953185418,0.7362798651897495,0.85971314,0.8807563,0.89058304
hotel_63,2023-04-08,2023-04-07,0.8933333333333333,0.8666666666666667,0.9777777777777777,0.8104756935431923,0.8282434364472158,0.9623741,0.92204595,0.97155225
hotel_63,2023-04-09,2023-04-07,0.5688888888888889,0.8666666666666667,0.6222222222222222,0.8104756935431923,0.7999489211687592,0.63427854,0.49866056,0.6126174
hotel_63,2023-04-10,2023-04-07,0.7022222222222222,0.8666666666666667,0.8444444444444444,0.8104756935431923,0.7949857089578062,0.6872069,0.74397045,0.57072574
hotel_63,2023-04-11,2023-04-07,0.7244444444444444,0.8666666666666667,0.8133333333333334,0.8104756935431923,0.7949857089578062,0.80864185,0.71558607,0.6486548
hotel_63,2023-04-12,2023-04-07,0.7955555555555556,0.8666666666666667,0.7244444444444444,0.8104756935431923,0.7949857089578062,0.80433106,0.7404355,0.6055582
hotel_63,2023-04-13,2023-04-07,0.8222222222222222,0.8666666666666667,0.7911111111111111,0.8104756935431923,0.7949857089578062,0.85655737,0.735385,0.79254794
hotel_63,2023-04-14,2023-04-07,1.008888888888889,0.8666666666666667,0.8666666666666667,0.8104756935431923,0.7949857089578062,0.91219145,0.7332724,0.9897745
hotel_63,2023-04-15,2023-04-07,1.0044444444444445,0.8666666666666667,0.9777777777777777,0.8104756935431923,0.7949857089578062,0.9025109,0.79511607,1.0496691
hotel_63,2023-04-16,2023-04-07,0.3466666666666667,0.8666666666666667,0.6222222222222222,0.8104756935431923,0.7949857089578062,0.62140197,0.6032715,0.57252824
hotel_63,2023-04-17,2023-04-07,0.4533333333333333,0.8666666666666667,0.8444444444444444,0.8104756935431923,0.7949857089578062,0.67322034,0.94138,0.63749284
hotel_63,2023-04-18,2023-04-07,0.5688888888888889,0.8666666666666667,0.8133333333333334,0.8104756935431923,0.7949857089578062,0.6966019,0.9322665,0.6369916
hotel_63,2023-04-19,2023-04-07,0.8533333333333334,0.8666666666666667,0.7244444444444444,0.8104756935431923,0.7949857089578062,0.6862537,1.0010233,0.5266279
hotel_63,2023-04-20,2023-04-07,0.8933333333333333,0.8666666666666667,0.7911111111111111,0.8104756935431923,0.7949857089578062,0.7316377,1.0433748,0.5260176
hotel_63,2023-04-21,2023-04-07,0.9288888888888889,0.8666666666666667,0.8666666666666667,0.8104756935431923,0.7949857089578062,0.8376503,0.9435247,0.7947092
hotel_63,2023-04-22,2023-04-07,0.9511111111111111,0.8666666666666667,0.9777777777777777,0.8104756935431923,0.7949857089578062,0.8668834,0.83121294,0.9414412
hotel_63,2023-04-23,2023-04-07,0.48,0.8666666666666667,0.6222222222222222,0.8104756935431923,0.7949857089578062,0.5759831,0.49411944,0.57605624
hotel_63,2023-04-24,2023-04-07,0.4222222222222222,0.8666666666666667,0.8444444444444444,0.8104756935431923,0.7949857089578062,0.7217785,0.6976939,0.6190802
hotel_63,2023-04-25,2023-04-07,0.5066666666666667,0.8666666666666667,0.8133333333333334,0.8104756935431923,0.7949857089578062,0.7424688,0.6666206,0.61748105
hotel_63,2023-04-26,2023-04-07,0.5155555555555555,0.8666666666666667,0.7244444444444444,0.8104756935431923,0.7949857089578062,0.7615787,0.58022964,0.57496333
hotel_63,2023-04-27,2023-04-07,0.5333333333333333,0.8666666666666667,0.7911111111111111,0.8104756935431923,0.7949857089578062,0.7545386,0.5835595,0.64069486
hotel_63,2023-04-28,2023-04-07,0.8888888888888888,0.8666666666666667,0.8666666666666667,0.8104756935431923,0.7949857089578062,0.8378821,0.6980612,0.88554364
hotel_63,2023-04-29,2023-04-07,0.9466666666666667,0.8666666666666667,0.9777777777777777,0.8104756935431923,0.7949857089578062,0.8819821,0.6721648,0.93679094
hotel_63,2023-04-30,2023-04-07,0.6711111111111111,0.8666666666666667,0.6222222222222222,0.8104756935431923,0.7949857089578062,0.5671493,0.47921693,0.52126986
hotel_63,2023-05-01,2023-04-07,0.5955555555555555,0.8666666666666667,0.8444444444444444,0.8104756935431923,0.7949857089578062,0.735375,0.6850411,0.56386423
hotel_63,2023-05-02,2023-04-07,0.5866666666666667,0.8666666666666667,0.8133333333333334,0.8104756935431923,0.7949857089578062,0.7642351,0.583908,0.61623013
hotel_63,2023-05-03,2023-04-07,0.6444444444444445,0.8666666666666667,0.7244444444444444,0.8104756935431923,0.7949857089578062,0.7422241,0.51628625,0.6339278
hotel_63,2023-05-04,2023-04-07,0.56,0.8666666666666667,0.7911111111111111,0.8104756935431923,0.7949857089578062,0.76039946,0.6137465,0.8259822
hotel_63,2023-05-05,2023-04-07,0.8933333333333333,0.8666666666666667,0.8666666666666667,0.8104756935431923,0.7949857089578062,0.81490076,0.77639145,0.99797547
hotel_63,2023-05-06,2023-05-05,0.9911111111111112,0.8933333333333333,0.9466666666666667,0.6941887646206147,0.8375771513884951,0.9224528,0.89722335,0.9163026
hotel_63,2023-05-07,2023-05-05,0.3422222222222222,0.8933333333333333,0.6711111111111111,0.6941887646206147,0.7473045873202864,0.5307398,0.3523357,0.41188326
hotel_63,2023-05-08,2023-05-05,0.49777777777777776,0.8933333333333333,0.5955555555555555,0.6941887646206147,0.7263991419445178,0.6012188,0.5546242,0.6343729
hotel_63,2023-05-09,2023-05-05,0.7733333333333333,0.8933333333333333,0.5866666666666667,0.6941887646206147,0.7263991419445178,0.60298973,0.70305026,0.6961294
hotel_63,2023-05-10,2023-05-05,0.92,0.8933333333333333,0.6444444444444445,0.6941887646206147,0.7263991419445178,0.6331392,0.6685004,0.7296919
hotel_63,2023-05-11,2023-05-05,0.96,0.8933333333333333,0.56,0.6941887646206147,0.7263991419445178,0.5897004,0.5550692,0.62487495
hotel_63,2023-05-12,2023-05-05,0.8622222222222222,0.8933333333333333,0.8933333333333333,0.6941887646206147,0.7263991419445178,0.7734084,0.6434033,0.9145528
hotel_63,2023-05-13,2023-05-05,0.96,0.8933333333333333,0.9466666666666667,0.6941887646206147,0.7263991419445178,0.92584157,0.7170863,1.0755782
hotel_63,2023-05-14,2023-05-05,0.5511111111111111,0.8933333333333333,0.6711111111111111,0.6941887646206147,0.7263991419445178,0.6176016,0.2581545,0.47739393
hotel_63,2023-05-15,2023-05-05,0.4222222222222222,0.8933333333333333,0.5955555555555555,0.6941887646206147,0.7263991419445178,0.6289521,0.5124787,0.5291384
hotel_63,2023-05-16,2023-05-05,0.8488888888888889,0.8933333333333333,0.5866666666666667,0.6941887646206147,0.7263991419445178,0.6263434,0.6007359,0.4985702
hotel_63,2023-05-17,2023-05-05,0.9111111111111111,0.8933333333333333,0.6444444444444445,0.6941887646206147,0.7263991419445178,0.7103537,0.6309546,0.5636553
hotel_63,2023-05-18,2023-05-05,0.7244444444444444,0.8933333333333333,0.56,0.6941887646206147,0.7263991419445178,0.646041,0.6062604,0.4503158
hotel_63,2023-05-19,2023-05-05,0.8888888888888888,0.8933333333333333,0.8933333333333333,0.6941887646206147,0.7263991419445178,0.7775201,0.69793564,0.7571202
hotel_63,2023-05-20,2023-05-05,1.0133333333333334,0.8933333333333333,0.9466666666666667,0.6941887646206147,0.7263991419445178,0.916167,0.779595,0.937673
hotel_63,2023-05-21,2023-05-05,0.7022222222222222,0.8933333333333333,0.6711111111111111,0.6941887646206147,0.7263991419445178,0.6161648,0.3635372,0.4529592
hotel_63,2023-05-22,2023-05-05,0.8888888888888888,0.8933333333333333,0.5955555555555555,0.6941887646206147,0.7263991419445178,0.64334697,0.52278167,0.63135684
hotel_63,2023-05-23,2023-05-05,0.92,0.8933333333333333,0.5866666666666667,0.6941887646206147,0.7263991419445178,0.6461275,0.56208134,0.77756816
hotel_63,2023-05-24,2023-05-05,0.7955555555555556,0.8933333333333333,0.6444444444444445,0.6941887646206147,0.7263991419445178,0.69501543,0.62170273,0.6873027
hotel_63,2023-05-25,2023-05-05,0.5866666666666667,0.8933333333333333,0.56,0.6941887646206147,0.7263991419445178,0.6851755,0.6289463,0.6274528
hotel_63,2023-05-26,2023-05-05,0.9111111111111111,0.8933333333333333,0.8933333333333333,0.6941887646206147,0.7263991419445178,0.7487572,0.792983,0.7827555
hotel_63,2023-05-27,2023-05-05,0.9644444444444444,0.8933333333333333,0.9466666666666667,0.6941887646206147,0.7263991419445178,0.88619155,0.79501176,0.8931932
hotel_63,2023-05-28,2023-05-05,0.9288888888888889,0.8933333333333333,0.6711111111111111,0.6941887646206147,0.7263991419445178,0.6705746,0.46090522,0.49952576
hotel_63,2023-05-29,2023-05-05,0.5244444444444445,0.8933333333333333,0.5955555555555555,0.6941887646206147,0.7263991419445178,0.6555386,0.690523,0.6799818
hotel_63,2023-05-30,2023-05-05,0.6311111111111111,0.8933333333333333,0.5866666666666667,0.6941887646206147,0.7263991419445178,0.6973243,0.6659032,0.6726586
hotel_63,2023-05-31,2023-05-05,0.6488888888888888,0.8933333333333333,0.6444444444444445,0.6941887646206147,0.7263991419445178,0.6762214,0.80197084,0.6699712
hotel_63,2023-06-01,2023-05-05,0.6888888888888889,0.8933333333333333,0.56,0.6941887646206147,0.7263991419445178,0.65990806,0.68825984,0.57906497
hotel_63,2023-06-02,2023-05-05,0.7111111111111111,0.8933333333333333,0.8933333333333333,0.6941887646206147,0.7263991419445178,0.7416524,0.8174389,0.68550944
hotel_63,2023-06-03,2023-06-02,0.7555555555555555,0.7111111111111111,0.9644444444444444,0.7508397986004626,0.7363272880579157,0.8776136,0.7969849,0.83547574
hotel_63,2023-06-04,2023-06-02,0.43555555555555553,0.7111111111111111,0.9288888888888889,0.7508397986004626,0.7530946227741334,0.72461283,0.6816275,0.5362778
hotel_63,2023-06-05,2023-06-02,0.5422222222222223,0.7111111111111111,0.5244444444444445,0.7508397986004626,0.7530946227741334,0.79659873,0.9219206,0.7140255
hotel_63,2023-06-06,2023-06-02,0.6,0.7111111111111111,0.6311111111111111,0.7508397986004626,0.7530946227741334,0.919304,0.80803525,0.879934
hotel_63,2023-06-07,2023-06-02,0.6666666666666666,0.7111111111111111,0.6488888888888888,0.7508397986004626,0.7530946227741334,0.8846,0.7384985,0.81283575
hotel_63,2023-06-08,2023-06-02,0.6755555555555556,0.7111111111111111,0.6888888888888889,0.7508397986004626,0.7530946227741334,0.8410104,0.79189557,0.7188531
hotel_63,2023-06-09,2023-06-02,0.8888888888888888,0.7111111111111111,0.7111111111111111,0.7508397986004626,0.7530946227741334,0.87623835,0.7290056,0.8300621
hotel_63,2023-06-10,2023-06-02,0.9688888888888889,0.7111111111111111,0.9644444444444444,0.7508397986004626,0.7530946227741334,0.8939407,0.772057,0.92730576
hotel_63,2023-06-11,2023-06-02,0.5866666666666667,0.7111111111111111,0.9288888888888889,0.7508397986004626,0.7530946227741334,0.68135875,0.5336981,0.56057256
hotel_63,2023-06-12,2023-06-02,0.68,0.7111111111111111,0.5244444444444445,0.7508397986004626,0.7530946227741334,0.6781888,0.74760747,0.61977756
hotel_63,2023-06-13,2023-06-02,0.8177777777777778,0.7111111111111111,0.6311111111111111,0.7508397986004626,0.7530946227741334,0.76036084,0.87718505,0.7550665
hotel_63,2023-06-14,2023-06-02,0.6933333333333334,0.7111111111111111,0.6488888888888888,0.7508397986004626,0.7530946227741334,0.8158086,1.0949404,0.86211574
hotel_63,2023-06-15,2023-06-02,0.7555555555555555,0.7111111111111111,0.6888888888888889,0.7508397986004626,0.7530946227741334,0.8205704,1.0859147,0.88076335
hotel_63,2023-06-16,2023-06-02,0.9288888888888889,0.7111111111111111,0.7111111111111111,0.7508397986004626,0.7530946227741334,0.9015289,1.1177583,0.9032035
hotel_63,2023-06-17,2023-06-02,1.0,0.7111111111111111,0.9644444444444444,0.7508397986004626,0.7530946227741334,0.9276686,0.9810144,0.9868353
hotel_63,2023-06-18,2023-06-02,0.8533333333333334,0.7111111111111111,0.9288888888888889,0.7508397986004626,0.7530946227741334,0.68233544,0.57361966,0.60028815
hotel_63,2023-06-19,2023-06-02,0.7022222222222222,0.7111111111111111,0.5244444444444445,0.7508397986004626,0.7530946227741334,0.76389045,0.5980881,0.64817554
hotel_63,2023-06-20,2023-06-02,0.7777777777777778,0.7111111111111111,0.6311111111111111,0.7508397986004626,0.7530946227741334,0.7935327,0.7544501,0.74099725
hotel_63,2023-06-21,2023-06-02,0.7688888888888888,0.7111111111111111,0.6488888888888888,0.7508397986004626,0.7530946227741334,0.83413863,0.7512731,0.77748823
hotel_63,2023-06-22,2023-06-02,0.9155555555555556,0.7111111111111111,0.6888888888888889,0.7508397986004626,0.7530946227741334,0.8107383,0.747031,0.78138435
hotel_63,2023-06-23,2023-06-02,0.9955555555555555,0.7111111111111111,0.7111111111111111,0.7508397986004626,0.7530946227741334,0.88486814,0.84271353,0.8872288
hotel_63,2023-06-24,2023-06-02,0.84,0.7111111111111111,0.9644444444444444,0.7508397986004626,0.7530946227741334,0.92917466,0.7972415,0.87305075
hotel_63,2023-06-25,2023-06-02,0.6311111111111111,0.7111111111111111,0.9288888888888889,0.7508397986004626,0.7530946227741334,0.7091087,0.5530115,0.5519111
hotel_63,2023-06-26,2023-06-02,0.8444444444444444,0.7111111111111111,0.5244444444444445,0.7508397986004626,0.7530946227741334,0.6872497,0.5937848,0.69019383
hotel_63,2023-06-27,2023-06-02,0.8844444444444445,0.7111111111111111,0.6311111111111111,0.7508397986004626,0.7530946227741334,0.7401966,0.65246224,0.72459817
hotel_63,2023-06-28,2023-06-02,0.8266666666666667,0.7111111111111111,0.6488888888888888,0.7508397986004626,0.7530946227741334,0.73348373,0.59416616,0.7392846
hotel_63,2023-06-29,2023-06-02,0.8844444444444445,0.7111111111111111,0.6888888888888889,0.7508397986004626,0.7530946227741334,0.7386017,0.65699553,0.6849036
hotel_63,2023-06-30,2023-06-02,0.8666666666666667,0.7111111111111111,0.7111111111111111,0.7508397986004626,0.7530946227741334,0.8210834,0.7653616,0.6708245
hotel_7,2023-02-11,2023-02-10,0.43973941368078173,0.5716612377850163,0.509771986970684,0.5711792583111902,0.5432907831521252,0.5068088,0.52671057,0.46522003
hotel_7,2023-02-12,2023-02-10,0.44625407166123776,0.5716612377850163,0.44136807817589574,0.5711792583111902,0.5260518737334364,0.44100538,0.46209937,0.4621982
hotel_7,2023-02-13,2023-02-10,0.40390879478827363,0.5716612377850163,0.3517915309446254,0.5711792583111902,0.483374949073977,0.41261095,0.318619,0.37630612
hotel_7,2023-02-14,2023-02-10,0.43485342019543977,0.5716612377850163,0.44462540716612375,0.5711792583111902,0.4964267952549585,0.46288326,0.32937226,0.3893695
hotel_7,2023-02-15,2023-02-10,0.5276872964169381,0.5716612377850163,0.5276872964169381,0.5711792583111902,0.5022332459683571,0.53680426,0.4277963,0.49250472
hotel_7,2023-02-16,2023-02-10,0.5162866449511401,0.5716612377850163,0.5228013029315961,0.5711792583111902,0.49779024958532836,0.64503795,0.5094236,0.5157712
hotel_7,2023-02-17,2023-02-10,0.6026058631921825,0.5716612377850163,0.5716612377850163,0.5711792583111902,0.4932511869697502,0.7002731,0.593201,0.6326719
hotel_7,2023-02-18,2023-02-10,0.5602605863192183,0.5716612377850163,0.509771986970684,0.5711792583111902,0.4938290798666545,0.74742705,0.5861765,0.59708554
hotel_7,2023-02-19,2023-02-10,0.5928338762214984,0.5716612377850163,0.44136807817589574,0.5711792583111902,0.4963214483233328,0.58529735,0.4951666,0.53695935
hotel_7,2023-02-20,2023-02-10,0.498371335504886,0.5716612377850163,0.3517915309446254,0.5711792583111902,0.49693994737356784,0.53070176,0.3315053,0.34494632
hotel_7,2023-02-21,2023-02-10,0.5618892508143323,0.5716612377850163,0.44462540716612375,0.5711792583111902,0.4959127029874347,0.5674426,0.39505428,0.33641532
hotel_7,2023-02-22,2023-02-10,0.6172638436482085,0.5716612377850163,0.5276872964169381,0.5711792583111902,0.4952271652978074,0.59814197,0.4032278,0.44866177
hotel_7,2023-02-23,2023-02-10,0.5814332247557004,0.5716612377850163,0.5228013029315961,0.5711792583111902,0.4954935003611739,0.6506945,0.37431854,0.50868523
hotel_7,2023-02-24,2023-02-10,0.6351791530944625,0.5716612377850163,0.5716612377850163,0.5711792583111902,0.49593522715657745,0.71993643,0.3850761,0.5810498
hotel_7,2023-02-25,2023-02-10,0.5684039087947883,0.5716612377850163,0.509771986970684,0.5711792583111902,0.49596245168644393,0.73539406,0.4151847,0.58789814
hotel_7,2023-02-26,2023-02-10,0.6074918566775245,0.5716612377850163,0.44136807817589574,0.5711792583111902,0.4957503420679023,0.5657863,0.4201917,0.5454996
hotel_7,2023-02-27,2023-02-10,0.4201954397394137,0.5716612377850163,0.3517915309446254,0.5711792583111902,0.49565929962029026,0.5999021,0.3687201,0.38507605
hotel_7,2023-02-28,2023-02-10,0.4771986970684039,0.5716612377850163,0.44462540716612375,0.5711792583111902,0.4957327149612942,0.66779834,0.44609705,0.36144114
hotel_7,2023-03-01,2023-02-10,0.6042345276872965,0.5716612377850163,0.5276872964169381,0.5711792583111902,0.49580525344827564,0.6973374,0.49704722,0.4844332
hotel_7,2023-03-02,2023-02-10,0.5700325732899023,0.5716612377850163,0.5228013029315961,0.5711792583111902,0.4957948057180709,0.69523317,0.5763351,0.5170059
hotel_7,2023-03-03,2023-02-10,0.6123778501628665,0.5716612377850163,0.5716612377850163,0.5711792583111902,0.49575453313599804,0.7702814,0.58674616,0.55658185
hotel_7,2023-03-04,2023-02-10,0.5765472312703583,0.5716612377850163,0.509771986970684,0.5711792583111902,0.49574509712465575,0.87355375,0.49384007,0.4965907
hotel_7,2023-03-05,2023-02-10,0.5781758957654723,0.5716612377850163,0.44136807817589574,0.5711792583111902,0.49576189918355856,0.5907727,0.3865109,0.48529324
hotel_7,2023-03-06,2023-02-10,0.41368078175895767,0.5716612377850163,0.3517915309446254,0.5711792583111902,0.4957727701129493,0.63454264,0.3375987,0.33657622
hotel_7,2023-03-07,2023-02-10,0.496742671009772,0.5716612377850163,0.44462540716612375,0.5711792583111902,0.49576828908124854,0.65367186,0.40768042,0.37183976
hotel_7,2023-03-08,2023-02-10,0.6237785016286646,0.5716612377850163,0.5276872964169381,0.5711792583111902,0.4957611904338733,0.7111608,0.4636005,0.54901016
hotel_7,2023-03-09,2023-02-10,0.6058631921824105,0.5716612377850163,0.5228013029315961,0.5711792583111902,0.4957608539484551,0.73813075,0.5132513,0.5430419
hotel_7,2023-03-10,2023-02-10,0.6726384364820847,0.5716612377850163,0.5716612377850163,0.5711792583111902,0.4957642994391866,0.8469016,0.54702663,0.58338755
hotel_7,2023-03-11,2023-03-10,0.6237785016286646,0.6726384364820847,0.5765472312703583,0.6705748190656374,0.6339321016758359,0.66947305,0.6061185,0.477802
hotel_7,2023-03-12,2023-03-10,0.6661237785016286,0.6726384364820847,0.5781758957654723,0.6705748190656374,0.6431116805883589,0.52093107,0.62287414,0.5273829
hotel_7,2023-03-13,2023-03-10,0.5130293159609121,0.6726384364820847,0.41368078175895767,0.6705748190656374,0.5712031879111137,0.529065,0.45385352,0.37786907
hotel_7,2023-03-14,2023-03-10,0.5342019543973942,0.6726384364820847,0.496742671009772,0.6705748190656374,0.581480111701013,0.54078406,0.46586448,0.55979407
hotel_7,2023-03-15,2023-03-10,0.6547231270358306,0.6726384364820847,0.6237785016286646,0.6705748190656374,0.5876266197976768,0.6206195,0.5524343,0.61885756
hotel_7,2023-03-16,2023-03-10,0.6482084690553745,0.6726384364820847,0.6058631921824105,0.6705748190656374,0.5844461340362489,0.6510568,0.5906529,0.535415
hotel_7,2023-03-17,2023-03-10,0.6644951140065146,0.6726384364820847,0.6726384364820847,0.6705748190656374,0.580709018170455,0.73321015,0.6522964,0.6717744
hotel_7,2023-03-18,2023-03-10,0.5977198697068404,0.6726384364820847,0.5765472312703583,0.6705748190656374,0.5812022712647114,0.759252,0.59023786,0.5718562
hotel_7,2023-03-19,2023-03-10,0.6465798045602605,0.6726384364820847,0.5781758957654723,0.6705748190656374,0.5830889687684819,0.5644057,0.5576153,0.6050163
hotel_7,2023-03-20,2023-03-10,0.5244299674267101,0.6726384364820847,0.41368078175895767,0.6705748190656374,0.5833622691307195,0.6877305,0.37306532,0.33813468
hotel_7,2023-03-21,2023-03-10,0.2736156351791531,0.6726384364820847,0.496742671009772,0.6705748190656374,0.5825495408153684,0.6944604,0.42892087,0.41361138
hotel_7,2023-03-22,2023-03-10,0.3289902280130293,0.6726384364820847,0.6237785016286646,0.6705748190656374,0.5822037232605992,0.7291234,0.52190524,0.54738665
hotel_7,2023-03-23,2023-03-10,0.34201954397394135,0.6726384364820847,0.6058631921824105,0.6705748190656374,0.5824927816034836,0.7345333,0.5804886,0.58582366
hotel_7,2023-03-24,2023-03-10,0.43973941368078173,0.6726384364820847,0.6726384364820847,0.6705748190656374,0.5827325091129738,0.79183775,0.6117779,0.71530765
hotel_7,2023-03-25,2023-03-10,0.3762214983713355,0.6726384364820847,0.5765472312703583,0.6705748190656374,0.5826609402084216,0.78907233,0.57714295,0.5867507
hotel_7,2023-03-26,2023-03-10,0.36644951140065146,0.6726384364820847,0.5781758957654723,0.6705748190656374,0.5825292277591834,0.60753113,0.55534124,0.651941
hotel_7,2023-03-27,2023-03-10,0.14169381107491857,0.6726384364820847,0.41368078175895767,0.6705748190656374,0.582527584152731,0.6645183,0.40305275,0.4620905
hotel_7,2023-03-28,2023-03-10,0.14006514657980457,0.6726384364820847,0.496742671009772,0.6705748190656374,0.5825889876100244,0.68607414,0.45614117,0.5819323
hotel_7,2023-03-29,2023-03-10,0.30293159609120524,0.6726384364820847,0.6237785016286646,0.6705748190656374,0.5826061915065412,0.7024696,0.5248044,0.6769369
hotel_7,2023-03-30,2023-03-10,0.3306188925081433,0.6726384364820847,0.6058631921824105,0.6705748190656374,0.582581964507186,0.66709167,0.57736474,0.69110364
hotel_7,2023-03-31,2023-03-10,0.44462540716612375,0.6726384364820847,0.6726384364820847,0.6705748190656374,0.582567403331639,0.73839265,0.65603393,0.73861736
hotel_7,2023-04-01,2023-03-10,0.3534201954397394,0.6726384364820847,0.5765472312703583,0.6705748190656374,0.5825748819862832,0.7939003,0.61393183,0.574095
hotel_7,2023-04-02,2023-03-10,0.3697068403908795,0.6726384364820847,0.5781758957654723,0.6705748190656374,0.5825837202960152,0.64321107,0.5898934,0.6705343
hotel_7,2023-04-03,2023-03-10,0.20358306188925082,0.6726384364820847,0.41368078175895767,0.6705748190656374,0.5825825740417464,0.6920792,0.4553041,0.5249194
hotel_7,2023-04-04,2023-03-10,0.24267100977198697,0.6726384364820847,0.496742671009772,0.6705748190656374,0.582578117417347,0.71205974,0.54614675,0.61757517
hotel_7,2023-04-05,2023-03-10,0.48534201954397393,0.6726384364820847,0.6237785016286646,0.6705748190656374,0.5825774629846608,0.7150312,0.57582974,0.71692204
hotel_7,2023-04-06,2023-03-10,0.4771986970684039,0.6726384364820847,0.6058631921824105,0.6705748190656374,0.5825793803829417,0.74653804,0.60375965,0.6574028
hotel_7,2023-04-07,2023-03-10,0.5781758957654723,0.6726384364820847,0.6726384364820847,0.6705748190656374,0.5825802007751428,0.8111659,0.7186844,0.691319
hotel_7,2023-04-08,2023-04-07,0.3322475570032573,0.5781758957654723,0.3534201954397394,0.5781657981267931,0.47719211178277865,0.5105758,0.42870593,0.5020144
hotel_7,2023-04-09,2023-04-07,0.3762214983713355,0.5781758957654723,0.3697068403908795,0.5781657981267931,0.48009928320700707,0.42554712,0.33397716,0.40111905
hotel_7,2023-04-10,2023-04-07,0.28664495114006516,0.5781758957654723,0.20358306188925082,0.5781657981267931,0.45093232954117657,0.30218285,0.16533822,0.3590606
hotel_7,2023-04-11,2023-04-07,0.255700325732899,0.5781758957654723,0.24267100977198697,0.5781657981267931,0.4253235105817269,0.27447322,0.24858913,0.46414632
hotel_7,2023-04-12,2023-04-07,0.30618892508143325,0.5781758957654723,0.48534201954397393,0.5781657981267931,0.46715551704798963,0.33646366,0.3609981,0.505636
hotel_7,2023-04-13,2023-04-07,0.3306188925081433,0.5781758957654723,0.4771986970684039,0.5781657981267931,0.42960068305446875,0.3811636,0.39949256,0.46535194
hotel_7,2023-04-14,2023-04-07,0.46579804560260585,0.5781758957654723,0.5781758957654723,0.5781657981267931,0.45539924810737037,0.48094437,0.5458288,0.6659632
hotel_7,2023-04-15,2023-04-07,0.34527687296416937,0.5781758957654723,0.3534201954397394,0.5781657981267931,0.4413816926830472,0.4814504,0.49539316,0.5113992
hotel_7,2023-04-16,2023-04-07,0.34201954397394135,0.5781758957654723,0.3697068403908795,0.5781657981267931,0.44673205577877384,0.42253307,0.364334,0.3514104
hotel_7,2023-04-17,2023-04-07,0.19543973941368079,0.5781758957654723,0.20358306188925082,0.5781657981267931,0.4464421366496811,0.35169598,0.20130631,0.30058175
hotel_7,2023-04-18,2023-04-07,0.19381107491856678,0.5781758957654723,0.24267100977198697,0.5781657981267931,0.44452899289399234,0.3600041,0.23560822,0.3253872
hotel_7,2023-04-19,2023-04-07,0.2719869706840391,0.5781758957654723,0.48534201954397393,0.5781657981267931,0.4468604205045861,0.38043472,0.34828004,0.36791208
hotel_7,2023-04-20,2023-04-07,0.3338762214983713,0.5781758957654723,0.4771986970684039,0.5781657981267931,0.4449715206986728,0.39435273,0.41085756,0.34566793
hotel_7,2023-04-21,2023-04-07,0.5390879478827362,0.5781758957654723,0.5781758957654723,0.5781657981267931,0.44617357116124196,0.4568302,0.32995382,0.38984352
hotel_7,2023-04-22,2023-04-07,0.5618892508143323,0.5781758957654723,0.3534201954397394,0.5781657981267931,0.445578877410093,0.45318505,0.19936171,0.35760754
hotel_7,2023-04-23,2023-04-07,0.6465798045602605,0.5781758957654723,0.3697068403908795,0.5781657981267931,0.44576067905819,0.40065968,0.2283172,0.37746516
hotel_7,2023-04-24,2023-04-07,0.5228013029315961,0.5781758957654723,0.20358306188925082,0.5781657981267931,0.44580056884061486,0.38364047,0.2098516,0.36778632
hotel_7,2023-04-25,2023-04-07,0.5211726384364821,0.5781758957654723,0.24267100977198697,0.5781657981267931,0.445678112326992,0.38884747,0.4075868,0.45088145
hotel_7,2023-04-26,2023-04-07,0.7084690553745928,0.5781758957654723,0.48534201954397393,0.5781657981267931,0.445802785491469,0.40812528,0.5750154,0.49774027
hotel_7,2023-04-27,2023-04-07,0.6514657980456026,0.5781758957654723,0.4771986970684039,0.5781657981267931,0.4457102431298186,0.42801842,0.5812062,0.51252526
hotel_7,2023-04-28,2023-04-07,0.7231270358306189,0.5781758957654723,0.5781758957654723,0.5781657981267931,0.44576474416314865,0.47236937,0.44759053,0.5620318
hotel_7,2023-04-29,2023-04-07,0.6205211726384365,0.5781758957654723,0.3534201954397394,0.5781657981267931,0.44574067960433583,0.45663702,0.34947783,0.4697308
hotel_7,2023-04-30,2023-04-07,0.6579804560260586,0.5781758957654723,0.3697068403908795,0.5781657981267931,0.44574557438337165,0.38963056,0.36717287,0.5069048
hotel_7,2023-05-01,2023-04-07,0.5407166123778502,0.5781758957654723,0.20358306188925082,0.5781657981267931,0.4457500319634533,0.36889327,0.38245174,0.49448755
hotel_7,2023-05-02,2023-04-07,0.6074918566775245,0.5781758957654723,0.24267100977198697,0.5781657981267931,0.44574282703575036,0.4363947,0.47971565,0.42067075
hotel_7,2023-05-03,2023-04-07,0.755700325732899,0.5781758957654723,0.48534201954397393,0.5781657981267931,0.445749275601124,0.41109538,0.58706367,0.5081571
hotel_7,2023-05-04,2023-04-07,0.749185667752443,0.5781758957654723,0.4771986970684039,0.5781657981267931,0.4457448549249077,0.43243086,0.5336282,0.50982606
hotel_7,2023-05-05,2023-04-07,0.760586319218241,0.5781758957654723,0.5781758957654723,0.5781657981267931,0.44574725124855524,0.43072864,0.46376222,0.5866426
hotel_7,2023-05-06,2023-05-05,0.6286644951140065,0.760586319218241,0.6205211726384365,0.7605851792180929,0.6877673012522815,0.6874628,0.6476909,0.60388446
hotel_7,2023-05-07,2023-05-05,0.5423452768729642,0.760586319218241,0.6579804560260586,0.7605851792180929,0.7086009901328629,0.5363628,0.6459105,0.4895164
hotel_7,2023-05-08,2023-05-05,0.40390879478827363,0.760586319218241,0.5407166123778502,0.7605851792180929,0.681994844824997,0.5699403,0.5292729,0.31019485
hotel_7,2023-05-09,2023-05-05,0.41205211726384366,0.760586319218241,0.6074918566775245,0.7605851792180929,0.6868814272921248,0.5549079,0.5606669,0.42575568
hotel_7,2023-05-10,2023-05-05,0.5537459283387622,0.760586319218241,0.755700325732899,0.7605851792180929,0.6859839395902523,0.61524796,0.61820316,0.6551295
hotel_7,2023-05-11,2023-05-05,0.758957654723127,0.760586319218241,0.749185667752443,0.7605851792180929,0.6861487754812724,0.5999164,0.6590957,0.6330377
hotel_7,2023-05-12,2023-05-05,0.758957654723127,0.760586319218241,0.760586319218241,0.7605851792180929,0.6861185011154937,0.6781928,0.7065714,0.6552669
hotel_7,2023-05-13,2023-05-05,0.760586319218241,0.760586319218241,0.6205211726384365,0.7605851792180929,0.686124061416819,0.6141687,0.5818801,0.4426009
hotel_7,2023-05-14,2023-05-05,0.6482084690553745,0.760586319218241,0.6579804560260586,0.7605851792180929,0.6861230401914347,0.530854,0.6174197,0.4555542
hotel_7,2023-05-15,2023-05-05,0.5944625407166124,0.760586319218241,0.5407166123778502,0.7605851792180929,0.6861232277534434,0.5570389,0.5050124,0.31187928
hotel_7,2023-05-16,2023-05-05,0.3729641693811075,0.760586319218241,0.6074918566775245,0.7605851792180929,0.6861231933051153,0.58563566,0.5449949,0.41687164
hotel_7,2023-05-17,2023-05-05,0.6026058631921825,0.760586319218241,0.755700325732899,0.7605851792180929,0.6861231996320218,0.56483066,0.61692464,0.47427455
hotel_7,2023-05-18,2023-05-05,0.6628664495114006,0.760586319218241,0.749185667752443,0.7605851792180929,0.6861231984699989,0.5682181,0.6713408,0.468086
hotel_7,2023-05-19,2023-05-05,0.7361563517915309,0.760586319218241,0.760586319218241,0.7605851792180929,0.6861231986834203,0.6260784,0.69745433,0.55680436
hotel_7,2023-05-20,2023-05-05,0.5456026058631922,0.760586319218241,0.6205211726384365,0.7605851792180929,0.6861231986442226,0.6089228,0.60753906,0.45921573
hotel_7,2023-05-21,2023-05-05,0.4560260586319218,0.760586319218241,0.6579804560260586,0.7605851792180929,0.6861231986514218,0.4788454,0.63332593,0.44407368
hotel_7,2023-05-22,2023-05-05,0.3322475570032573,0.760586319218241,0.5407166123778502,0.7605851792180929,0.6861231986500995,0.5156845,0.54688877,0.2815553
hotel_7,2023-05-23,2023-05-05,0.38599348534201955,0.760586319218241,0.6074918566775245,0.7605851792180929,0.6861231986503423,0.54639107,0.56788385,0.4153015
hotel_7,2023-05-24,2023-05-05,0.7166123778501629,0.760586319218241,0.755700325732899,0.7605851792180929,0.6861231986502977,0.64737785,0.6423826,0.46947253
hotel_7,2023-05-25,2023-05-05,0.762214983713355,0.760586319218241,0.749185667752443,0.7605851792180929,0.6861231986503059,0.65994865,0.64645183,0.42276323
hotel_7,2023-05-26,2023-05-05,0.7785016286644951,0.760586319218241,0.760586319218241,0.7605851792180929,0.6861231986503044,0.6786898,0.64191043,0.48514712
hotel_7,2023-05-27,2023-05-05,0.750814332247557,0.760586319218241,0.6205211726384365,0.7605851792180929,0.6861231986503046,0.7000028,0.5640278,0.50429416
hotel_7,2023-05-28,2023-05-05,0.7785016286644951,0.760586319218241,0.6579804560260586,0.7605851792180929,0.6861231986503046,0.5877963,0.55206716,0.63394487
hotel_7,2023-05-29,2023-05-05,0.6237785016286646,0.760586319218241,0.5407166123778502,0.7605851792180929,0.6861231986503046,0.5607712,0.4144249,0.42753744
hotel_7,2023-05-30,2023-05-05,0.6270358306188925,0.760586319218241,0.6074918566775245,0.7605851792180929,0.6861231986503046,0.5551573,0.44532257,0.33255312
hotel_7,2023-05-31,2023-05-05,0.6449511400651465,0.760586319218241,0.755700325732899,0.7605851792180929,0.6861231986503046,0.6057912,0.538138,0.44291952
hotel_7,2023-06-01,2023-05-05,0.7980456026058632,0.760586319218241,0.749185667752443,0.7605851792180929,0.6861231986503046,0.6179287,0.63451964,0.5218033
hotel_7,2023-06-02,2023-05-05,0.8094462540716613,0.760586319218241,0.760586319218241,0.7605851792180929,0.6861231986503046,0.65574116,0.7277544,0.64850867
hotel_7,2023-06-03,2023-06-02,0.6938110749185668,0.8094462540716613,0.750814332247557,0.8094451124755522,0.7962285176006602,0.8069888,0.63137245,0.7516378
hotel_7,2023-06-04,2023-06-02,0.50814332247557,0.8094462540716613,0.7785016286644951,0.8094451124755522,0.7446182171423336,0.60546386,0.709259,0.77882713
hotel_7,2023-06-05,2023-06-02,0.509771986970684,0.8094462540716613,0.6237785016286646,0.8094451124755522,0.7245013106331606,0.64388615,0.6711475,0.63333035
hotel_7,2023-06-06,2023-06-02,0.5700325732899023,0.8094462540716613,0.6270358306188925,0.8094451124755522,0.7281742656574166,0.6276197,0.68793344,0.66567194
hotel_7,2023-06-07,2023-06-02,0.6905537459283387,0.8094462540716613,0.6449511400651465,0.8094451124755522,0.7275036556605935,0.6754419,0.7093676,0.7225028
hotel_7,2023-06-08,2023-06-02,0.7214983713355049,0.8094462540716613,0.7980456026058632,0.8094451124755522,0.7276260959749641,0.7094267,0.63299155,0.71701914
hotel_7,2023-06-09,2023-06-02,0.7019543973941368,0.8094462540716613,0.8094462540716613,0.8094451124755522,0.7276037407600788,0.79761314,0.6584204,0.716614
hotel_7,2023-06-10,2023-06-02,0.5146579804560261,0.8094462540716613,0.750814332247557,0.8094451124755522,0.7276078223865851,0.85596216,0.60021067,0.7045406
hotel_7,2023-06-11,2023-06-02,0.5684039087947883,0.8094462540716613,0.7785016286644951,0.8094451124755522,0.7276070771611411,0.66062725,0.7282315,0.78511196
hotel_7,2023-06-12,2023-06-02,0.5863192182410424,0.8094462540716613,0.6237785016286646,0.8094451124755522,0.7276072132247818,0.7273455,0.6682902,0.73076385
hotel_7,2023-06-13,2023-06-02,0.5488599348534202,0.8094462540716613,0.6270358306188925,0.8094451124755522,0.727607188382213,0.7398332,0.6609723,0.855739
hotel_7,2023-06-14,2023-06-02,0.6400651465798045,0.8094462540716613,0.6449511400651465,0.8094451124755522,0.7276071929179819,0.7722766,0.7390232,0.9215474
hotel_7,2023-06-15,2023-06-02,0.6710097719869706,0.8094462540716613,0.7980456026058632,0.8094451124755522,0.7276071920898389,0.75817555,0.6962023,0.8990831
hotel_7,2023-06-16,2023-06-02,0.6742671009771987,0.8094462540716613,0.8094462540716613,0.8094451124755522,0.7276071922410416,0.74552584,0.7647852,0.8504114
hotel_7,2023-06-17,2023-06-02,0.4495114006514658,0.8094462540716613,0.750814332247557,0.8094451124755522,0.727607192213435,0.8095039,0.70259184,0.80192864
hotel_7,2023-06-18,2023-06-02,0.4381107491856677,0.8094462540716613,0.7785016286644951,0.8094451124755522,0.7276071922184754,0.6298328,0.7371583,0.7770029
hotel_7,2023-06-19,2023-06-02,0.4560260586319218,0.8094462540716613,0.6237785016286646,0.8094451124755522,0.7276071922175551,0.6911312,0.72460604,0.71592396
hotel_7,2023-06-20,2023-06-02,0.34364820846905536,0.8094462540716613,0.6270358306188925,0.8094451124755522,0.7276071922177231,0.6953058,0.83069724,0.7960324
hotel_7,2023-06-21,2023-06-02,0.41042345276872966,0.8094462540716613,0.6449511400651465,0.8094451124755522,0.7276071922176924,0.7149801,0.9212946,0.8506625
hotel_7,2023-06-22,2023-06-02,0.3745928338762215,0.8094462540716613,0.7980456026058632,0.8094451124755522,0.727607192217698,0.74065715,0.80303395,0.79687214
hotel_7,2023-06-23,2023-06-02,0.4169381107491857,0.8094462540716613,0.8094462540716613,0.8094451124755522,0.727607192217697,0.82225853,0.7829903,0.7650254
hotel_7,2023-06-24,2023-06-02,0.33876221498371334,0.8094462540716613,0.750814332247557,0.8094451124755522,0.7276071922176972,0.89126027,0.6798384,0.71034896
hotel_7,2023-06-25,2023-06-02,0.3289902280130293,0.8094462540716613,0.7785016286644951,0.8094451124755522,0.7276071922176972,0.7205378,0.6498282,0.7192142
hotel_7,2023-06-26,2023-06-02,0.247557003257329,0.8094462540716613,0.6237785016286646,0.8094451124755522,0.7276071922176972,0.7546931,0.54882467,0.69285715
hotel_7,2023-06-27,2023-06-02,0.28664495114006516,0.8094462540716613,0.6270358306188925,0.8094451124755522,0.7276071922176972,0.7530757,0.51634085,0.71870637
hotel_7,2023-06-28,2023-06-02,0.44788273615635177,0.8094462540716613,0.6449511400651465,0.8094451124755522,0.7276071922176972,0.77190435,0.4914582,0.78661555
hotel_7,2023-06-29,2023-06-02,0.5521172638436482,0.8094462540716613,0.7980456026058632,0.8094451124755522,0.7276071922176972,0.7694237,0.4681791,0.6382798
hotel_7,2023-06-30,2023-06-02,0.6498371335504886,0.8094462540716613,0.8094462540716613,0.8094451124755522,0.7276071922176972,0.806413,0.577773,0.6407226
hotel_70,2023-02-11,2023-02-10,0.43859649122807015,0.4166666666666667,0.2894736842105263,0.4166543859648991,0.39749463141381186,0.4057891,0.44259658,0.4627279
hotel_70,2023-02-12,2023-02-10,0.25,0.4166666666666667,0.2412280701754386,0.4166543859648991,0.34346877935721776,0.30200237,0.24315451,0.29967472
hotel_70,2023-02-13,2023-02-10,0.2412280701754386,0.4166666666666667,0.3201754385964912,0.4166543859648991,0.3112468263466516,0.29103243,0.33793312,0.31145692
hotel_70,2023-02-14,2023-02-10,0.2982456140350877,0.4166666666666667,0.2807017543859649,0.4166543859648991,0.3060250271570097,0.2864377,0.2663366,0.3015191
hotel_70,2023-02-15,2023-02-10,0.2894736842105263,0.4166666666666667,0.29385964912280704,0.4166543859648991,0.31289018006807723,0.30748847,0.2573545,0.31760925
hotel_70,2023-02-16,2023-02-10,0.2982456140350877,0.4166666666666667,0.29385964912280704,0.4166543859648991,0.31950117793986105,0.35631332,0.34328118,0.34348926
hotel_70,2023-02-17,2023-02-10,0.3991228070175439,0.4166666666666667,0.4166666666666667,0.4166543859648991,0.32195906278847175,0.43831792,0.4408675,0.5225538
hotel_70,2023-02-18,2023-02-10,0.4342105263157895,0.4166666666666667,0.2894736842105263,0.4166543859648991,0.32153916969525587,0.4489858,0.4502753,0.5940991
hotel_70,2023-02-19,2023-02-10,0.36403508771929827,0.4166666666666667,0.2412280701754386,0.4166543859648991,0.32043208773409837,0.32803845,0.27914843,0.49225283
hotel_70,2023-02-20,2023-02-10,0.42543859649122806,0.4166666666666667,0.3201754385964912,0.4166543859648991,0.3197806856960221,0.36095655,0.36760738,0.35286778
hotel_70,2023-02-21,2023-02-10,0.39035087719298245,0.4166666666666667,0.2807017543859649,0.4166543859648991,0.31968001439448235,0.4376151,0.3884764,0.44038934
hotel_70,2023-02-22,2023-02-10,0.42543859649122806,0.4166666666666667,0.29385964912280704,0.4166543859648991,0.3198222898894009,0.44462556,0.45395508,0.5163368
hotel_70,2023-02-23,2023-02-10,0.42543859649122806,0.4166666666666667,0.29385964912280704,0.4166543859648991,0.31995681823328004,0.47929394,0.46577534,0.583886
hotel_70,2023-02-24,2023-02-10,0.42543859649122806,0.4166666666666667,0.4166666666666667,0.4166543859648991,0.3200059878877619,0.52942115,0.5127831,0.58771455
hotel_70,2023-02-25,2023-02-10,0.4298245614035088,0.4166666666666667,0.2894736842105263,0.4166543859648991,0.319996839993206,0.5624649,0.53986907,0.55395037
hotel_70,2023-02-26,2023-02-10,0.3508771929824561,0.4166666666666667,0.2412280701754386,0.4166543859648991,0.3199741596285202,0.3671041,0.31188506,0.29245472
hotel_70,2023-02-27,2023-02-10,0.37280701754385964,0.4166666666666667,0.3201754385964912,0.4166543859648991,0.31996099392833666,0.37240952,0.2811975,0.25635594
hotel_70,2023-02-28,2023-02-10,0.42543859649122806,0.4166666666666667,0.2807017543859649,0.4166543859648991,0.3199590593775026,0.4238164,0.3044819,0.36849466
hotel_70,2023-03-01,2023-02-10,0.40789473684210525,0.4166666666666667,0.29385964912280704,0.4166543859648991,0.3199620063640697,0.4403277,0.36611962,0.37837616
hotel_70,2023-03-02,2023-02-10,0.37719298245614036,0.4166666666666667,0.29385964912280704,0.4166543859648991,0.3199647433677218,0.4435456,0.3517739,0.32585818
hotel_70,2023-03-03,2023-02-10,0.43859649122807015,0.4166666666666667,0.4166666666666667,0.4166543859648991,0.3199657265253998,0.4965012,0.3876976,0.3253789
hotel_70,2023-03-04,2023-02-10,0.43859649122807015,0.4166666666666667,0.2894736842105263,0.4166543859648991,0.31996552814006674,0.49788052,0.36620754,0.34364256
hotel_70,2023-03-05,2023-02-10,0.29385964912280704,0.4166666666666667,0.2412280701754386,0.4166543859648991,0.3199650636098966,0.43071482,0.12856685,0.2374451
hotel_70,2023-03-06,2023-02-10,0.43859649122807015,0.4166666666666667,0.3201754385964912,0.4166543859648991,0.31996479757716106,0.41393265,0.26197603,0.19139244
hotel_70,2023-03-07,2023-02-10,0.42543859649122806,0.4166666666666667,0.2807017543859649,0.4166543859648991,0.3199647605369718,0.47012207,0.21955721,0.21779475
hotel_70,2023-03-08,2023-02-10,0.37280701754385964,0.4166666666666667,0.29385964912280704,0.4166543859648991,0.31996482154719563,0.4779414,0.2572307,0.29390502
hotel_70,2023-03-09,2023-02-10,0.34649122807017546,0.4166666666666667,0.29385964912280704,0.4166543859648991,0.31996487722111444,0.4945822,0.2942279,0.40813622
hotel_70,2023-03-10,2023-02-10,0.3684210526315789,0.4166666666666667,0.4166666666666667,0.4166543859648991,0.319964896869744,0.53856814,0.3983291,0.52133757
hotel_70,2023-03-11,2023-03-10,0.40789473684210525,0.3684210526315789,0.43859649122807015,0.39360524431077926,0.38698318862894077,0.3993237,0.39122528,0.43583846
hotel_70,2023-03-12,2023-03-10,0.31140350877192985,0.3684210526315789,0.29385964912280704,0.4187891068928869,0.39295349989645795,0.27090782,0.2954226,0.22329544
hotel_70,2023-03-13,2023-03-10,0.34649122807017546,0.3684210526315789,0.43859649122807015,0.44397296947499454,0.39112905199603665,0.32364282,0.25996584,0.20824325
hotel_70,2023-03-14,2023-03-10,0.33771929824561403,0.3684210526315789,0.42543859649122806,0.4691568320571021,0.3878982401001189,0.36543757,0.13893543,0.25295052
hotel_70,2023-03-15,2023-03-10,0.2675438596491228,0.3684210526315789,0.37280701754385964,0.4943406946392098,0.3862107480518955,0.4072367,0.13871565,0.29903382
hotel_70,2023-03-16,2023-03-10,0.3333333333333333,0.3684210526315789,0.34649122807017546,0.5195245572213174,0.3860705376538154,0.3836086,0.23893037,0.26616544
hotel_70,2023-03-17,2023-03-10,0.3815789473684211,0.3684210526315789,0.3684210526315789,0.5447084198034251,0.3865206247877188,0.4566027,0.33726305,0.31518993
hotel_70,2023-03-18,2023-03-10,0.3333333333333333,0.3684210526315789,0.43859649122807015,0.5698922823855327,0.3868840344916761,0.45854655,0.3707207,0.3695498
hotel_70,2023-03-19,2023-03-10,0.2324561403508772,0.3684210526315789,0.29385964912280704,0.5950761449676403,0.38699417128009234,0.36741614,0.3302567,0.28404748
hotel_70,2023-03-20,2023-03-10,0.2894736842105263,0.3684210526315789,0.43859649122807015,0.620260007549748,0.3869536863081677,0.37918624,0.26066223,0.29998487
hotel_70,2023-03-21,2023-03-10,0.32894736842105265,0.3684210526315789,0.42543859649122806,0.6454438701318557,0.3868892647855187,0.4096944,0.16994336,0.27983153
hotel_70,2023-03-22,2023-03-10,0.34649122807017546,0.3684210526315789,0.37280701754385964,0.6706277327139631,0.3868569526656963,0.42716306,0.13418555,0.26235205
hotel_70,2023-03-23,2023-03-10,0.39473684210526316,0.3684210526315789,0.34649122807017546,0.6958115952960708,0.38685510021425934,0.41435927,0.17523529,0.3626944
hotel_70,2023-03-24,2023-03-10,0.39473684210526316,0.3684210526315789,0.3684210526315789,0.7209954578781785,0.38686430613964506,0.45107725,0.27868083,0.46453387
hotel_70,2023-03-25,2023-03-10,0.40789473684210525,0.3684210526315789,0.43859649122807015,0.7461793204602861,0.38687140881165144,0.42499256,0.36927956,0.5735204
hotel_70,2023-03-26,2023-03-10,0.41228070175438597,0.3684210526315789,0.29385964912280704,0.7713631830423937,0.38687342824142557,0.3328949,0.33313847,0.53043747
hotel_70,2023-03-27,2023-03-10,0.3991228070175439,0.3684210526315789,0.43859649122807015,0.7965470456245014,0.38687254297572315,0.32082164,0.25908667,0.3319731
hotel_70,2023-03-28,2023-03-10,0.4342105263157895,0.3684210526315789,0.42543859649122806,0.8217309082066091,0.38687126083606754,0.35577533,0.26451606,0.2602825
hotel_70,2023-03-29,2023-03-10,0.3684210526315789,0.3684210526315789,0.37280701754385964,0.8469147707887167,0.3868706436234264,0.38232526,0.21654192,0.31550378
hotel_70,2023-03-30,2023-03-10,0.4517543859649123,0.3684210526315789,0.34649122807017546,0.8720986333708243,0.3868706250241474,0.4023148,0.18879768,0.28463677
hotel_70,2023-03-31,2023-03-10,0.37719298245614036,0.3684210526315789,0.3684210526315789,0.897282495952932,0.38687081272340784,0.4571036,0.22844797,0.32204103
hotel_70,2023-04-01,2023-03-10,0.4517543859649123,0.3684210526315789,0.43859649122807015,0.9224663585350397,0.386870951301803,0.43964574,0.26175892,0.3748501
hotel_70,2023-04-02,2023-03-10,0.36403508771929827,0.3684210526315789,0.29385964912280704,0.9476502211171471,0.38687098807169534,0.3007892,0.18721896,0.456495
hotel_70,2023-04-03,2023-03-10,0.45614035087719296,0.3684210526315789,0.43859649122807015,0.9728340836992548,0.38687096894209444,0.30686784,0.20072547,0.3931133
hotel_70,2023-04-04,2023-03-10,0.4517543859649123,0.3684210526315789,0.42543859649122806,0.9980179462813625,0.3868709434711427,0.33477408,0.10495424,0.35282075
hotel_70,2023-04-05,2023-03-10,0.4342105263157895,0.3684210526315789,0.37280701754385964,1.02320180886347,0.38687093171166065,0.35359532,0.118933275,0.37500033
hotel_70,2023-04-06,2023-03-10,0.42105263157894735,0.3684210526315789,0.34649122807017546,1.0483856714455777,0.3868709316966424,0.39262626,0.21634446,0.4086337
hotel_70,2023-04-07,2023-03-10,0.3157894736842105,0.3684210526315789,0.3684210526315789,1.0735695340276854,0.3868709355123917,0.446066,0.31938106,0.46975487
hotel_70,2023-04-08,2023-04-07,0.2850877192982456,0.3157894736842105,0.4517543859649123,0.3394252536627656,0.31159053771582623,0.3578024,0.34435952,0.33431834
hotel_70,2023-04-09,2023-04-07,0.2543859649122807,0.3157894736842105,0.36403508771929827,0.3630352064470762,0.3459794117284578,0.29265374,0.2702752,0.26097533
hotel_70,2023-04-10,2023-04-07,0.35526315789473684,0.3157894736842105,0.45614035087719296,0.38664515923138676,0.3863842772608883,0.35569665,0.19252406,0.1559342
hotel_70,2023-04-11,2023-04-07,0.4298245614035088,0.3157894736842105,0.4517543859649123,0.4102551120156973,0.39961584532555156,0.4091637,0.13604048,0.12755442
hotel_70,2023-04-12,2023-04-07,0.44298245614035087,0.3157894736842105,0.4342105263157895,0.43386506480000786,0.4143933795976974,0.4235994,0.22263059,0.1703072
hotel_70,2023-04-13,2023-04-07,0.37719298245614036,0.3157894736842105,0.42105263157894735,0.45747501758431847,0.39363733926522915,0.42325178,0.1532228,0.2803364
hotel_70,2023-04-14,2023-04-07,0.37719298245614036,0.3157894736842105,0.3157894736842105,0.481084970368629,0.35489932119490275,0.39101213,0.16036797,0.35664588
hotel_70,2023-04-15,2023-04-07,0.36403508771929827,0.3157894736842105,0.4517543859649123,0.5046949231529396,0.3393634706648816,0.3869232,0.21010505,0.40316594
hotel_70,2023-04-16,2023-04-07,0.2850877192982456,0.3157894736842105,0.36403508771929827,0.5283048759372502,0.35745882813275254,0.28528312,0.253824,0.32889006
hotel_70,2023-04-17,2023-04-07,0.40350877192982454,0.3157894736842105,0.45614035087719296,0.5519148287215607,0.37638045838923406,0.31115946,0.26875642,0.23553969
hotel_70,2023-04-18,2023-04-07,0.3201754385964912,0.3157894736842105,0.4517543859649123,0.5755247815058713,0.3881659686083045,0.34637055,0.27921465,0.20191263
hotel_70,2023-04-19,2023-04-07,0.31140350877192985,0.3157894736842105,0.4342105263157895,0.5991347342901818,0.39387403976674784,0.3868839,0.34741804,0.11948183
hotel_70,2023-04-20,2023-04-07,0.2675438596491228,0.3157894736842105,0.42105263157894735,0.6227446870744924,0.3858059279302869,0.40323985,0.25334117,0.14316683
hotel_70,2023-04-21,2023-04-07,0.4473684210526316,0.3157894736842105,0.3157894736842105,0.6463546398588029,0.3666171267740615,0.42892116,0.2520446,0.24099606
hotel_70,2023-04-22,2023-04-07,0.44298245614035087,0.3157894736842105,0.4517543859649123,0.6699645926431136,0.357179519040875,0.38313377,0.21446179,0.32050037
hotel_70,2023-04-23,2023-04-07,0.2149122807017544,0.3157894736842105,0.36403508771929827,0.6935745454274241,0.3635346227555677,0.248295,0.1560986,0.23220617
hotel_70,2023-04-24,2023-04-07,0.34210526315789475,0.3157894736842105,0.45614035087719296,0.7171844982117347,0.3738640364146249,0.29453507,0.101273805,0.18147042
hotel_70,2023-04-25,2023-04-07,0.35964912280701755,0.3157894736842105,0.4517543859649123,0.7407944509960454,0.38092275668624426,0.32245702,0.1488995,0.19578859
hotel_70,2023-04-26,2023-04-07,0.2543859649122807,0.3157894736842105,0.4342105263157895,0.7644044037803559,0.38424889544393964,0.34203434,0.21084766,0.15264305
hotel_70,2023-04-27,2023-04-07,0.2719298245614035,0.3157894736842105,0.42105263157894735,0.7880143565646665,0.38065554173034044,0.40293044,0.1454164,0.19273622
hotel_70,2023-04-28,2023-04-07,0.4649122807017544,0.3157894736842105,0.3157894736842105,0.811624309348977,0.3715369470411979,0.424114,0.13917471,0.21926197
hotel_70,2023-04-29,2023-04-07,0.4780701754385965,0.3157894736842105,0.4517543859649123,0.8352342621332876,0.3658744099166492,0.40736166,0.173384,0.33506703
hotel_70,2023-04-30,2023-04-07,0.25,0.3157894736842105,0.36403508771929827,0.8588442149175981,0.36791923884646915,0.2913026,0.29124537,0.20786697
hotel_70,2023-05-01,2023-04-07,0.2675438596491228,0.3157894736842105,0.45614035087719296,0.8824541677019087,0.3731278465639134,0.31768185,0.24670306,0.13587074
hotel_70,2023-05-02,2023-04-07,0.2807017543859649,0.3157894736842105,0.4517543859649123,0.9060641204862192,0.3772950840345403,0.3318953,0.14624666,0.093621805
hotel_70,2023-05-03,2023-04-07,0.17543859649122806,0.3157894736842105,0.4342105263157895,0.9296740732705298,0.3792635409191698,0.3559253,0.18153353,0.13080586
hotel_70,2023-05-04,2023-04-07,0.25877192982456143,0.3157894736842105,0.42105263157894735,0.9532840260548403,0.3777454548425821,0.3818766,0.14976776,0.2034379
hotel_70,2023-05-05,2023-04-07,0.3684210526315789,0.3157894736842105,0.3157894736842105,0.9768939788391509,0.3733698718691644,0.41632304,0.21239312,0.26354223
hotel_70,2023-05-06,2023-05-05,0.41228070175438597,0.3684210526315789,0.4780701754385965,0.39276730797089526,0.37080581283150565,0.38013217,0.37608156,0.39246574
hotel_70,2023-05-07,2023-05-05,0.2236842105263158,0.3684210526315789,0.25,0.41712209440032466,0.33789661333774873,0.23259775,0.31276295,0.39009827
hotel_70,2023-05-08,2023-05-05,0.2850877192982456,0.3684210526315789,0.2675438596491228,0.441476880829754,0.31441837328219524,0.25078326,0.33772647,0.3465075
hotel_70,2023-05-09,2023-05-05,0.35964912280701755,0.3684210526315789,0.2807017543859649,0.4658316672591834,0.30857597935012515,0.2960727,0.27679092,0.3422532
hotel_70,2023-05-10,2023-05-05,0.34649122807017546,0.3684210526315789,0.17543859649122806,0.4901864536886128,0.31194049800897256,0.2674109,0.38395983,0.34757438
hotel_70,2023-05-11,2023-05-05,0.31140350877192985,0.3684210526315789,0.25877192982456143,0.5145412401180423,0.3161052314614851,0.29822588,0.43959978,0.3448587
hotel_70,2023-05-12,2023-05-05,0.3991228070175439,0.3684210526315789,0.3684210526315789,0.5388960265474716,0.3179210109266364,0.3420001,0.45348772,0.34737113
hotel_70,2023-05-13,2023-05-05,0.4517543859649123,0.3684210526315789,0.4780701754385965,0.5632508129769009,0.31786244341983266,0.3390458,0.43660405,0.37598062
hotel_70,2023-05-14,2023-05-05,0.3157894736842105,0.3684210526315789,0.25,0.5876055994063304,0.31724975182445525,0.25958744,0.2162915,0.29704556
hotel_70,2023-05-15,2023-05-05,0.43859649122807015,0.3684210526315789,0.2675438596491228,0.6119603858357597,0.31684509235098124,0.25424978,0.2918654,0.28893787
hotel_70,2023-05-16,2023-05-05,0.44298245614035087,0.3684210526315789,0.2807017543859649,0.6363151722651892,0.31675873027927404,0.29280195,0.25645494,0.26732552
hotel_70,2023-05-17,2023-05-05,0.3201754385964912,0.3684210526315789,0.17543859649122806,0.6606699586946185,0.31682661875634943,0.29317537,0.30668202,0.21036232
hotel_70,2023-05-18,2023-05-05,0.4298245614035088,0.3684210526315789,0.25877192982456143,0.6850247451240479,0.3169007188208211,0.31714004,0.27048862,0.21318096
hotel_70,2023-05-19,2023-05-05,0.45614035087719296,0.3684210526315789,0.3684210526315789,0.7093795315534772,0.3169304962384932,0.34550786,0.3222057,0.29796126
hotel_70,2023-05-20,2023-05-05,0.4605263157894737,0.3684210526315789,0.4780701754385965,0.7337343179829067,0.3169277074026228,0.33965534,0.3384902,0.2957913
hotel_70,2023-05-21,2023-05-05,0.40789473684210525,0.3684210526315789,0.25,0.7580891044123361,0.31691639706996744,0.26990908,0.141471,0.19959033
hotel_70,2023-05-22,2023-05-05,0.38596491228070173,0.3684210526315789,0.2675438596491228,0.7824438908417655,0.3169094652022625,0.26252708,0.13430807,0.20499176
hotel_70,2023-05-23,2023-05-05,0.41228070175438597,0.3684210526315789,0.2807017543859649,0.8067986772711948,0.31690824260983536,0.28870887,0.08402756,0.17258707
hotel_70,2023-05-24,2023-05-05,0.3991228070175439,0.3684210526315789,0.17543859649122806,0.8311534637006242,0.3169095828913454,0.30981246,0.13495886,0.17185129
hotel_70,2023-05-25,2023-05-05,0.40789473684210525,0.3684210526315789,0.25877192982456143,0.8555082501300536,0.3169108937747316,0.31542665,0.18787374,0.15984915
hotel_70,2023-05-26,2023-05-05,0.39035087719298245,0.3684210526315789,0.3684210526315789,0.8798630365594831,0.3169113766625922,0.33210748,0.28766337,0.18002033
hotel_70,2023-05-27,2023-05-05,0.41228070175438597,0.3684210526315789,0.4780701754385965,0.9042178229889124,0.31691129701201814,0.34424865,0.29119954,0.19978552
hotel_70,2023-05-28,2023-05-05,0.4298245614035088,0.3684210526315789,0.25,0.9285726094183417,0.3169110898235025,0.28174254,0.1842091,0.12324773
hotel_70,2023-05-29,2023-05-05,0.2543859649122807,0.3684210526315789,0.2675438596491228,0.9529273958477712,0.3169109718437166,0.26526988,0.21487978,0.14788584
hotel_70,2023-05-30,2023-05-05,0.35964912280701755,0.3684210526315789,0.2807017543859649,0.9772821822772005,0.3169109556641304,0.2938463,0.1385429,0.14620596
hotel_70,2023-05-31,2023-05-05,0.4868421052631579,0.3684210526315789,0.17543859649122806,1.00163696870663,0.3169109816722175,0.3006742,0.10870266,0.14887637
hotel_70,2023-06-01,2023-05-05,0.5964912280701754,0.3684210526315789,0.25877192982456143,1.0259917551360593,0.3169110047320961,0.32011977,0.08796415,0.10116511
hotel_70,2023-06-02,2023-05-05,0.5657894736842105,0.3684210526315789,0.3684210526315789,1.0503465415654887,0.31691101246047076,0.3356171,0.087026805,0.08460893
hotel_70,2023-06-03,2023-06-02,0.5964912280701754,0.5657894736842105,0.41228070175438597,0.5900870761790425,0.48340256986207064,0.51719373,0.5350913,0.5165848
hotel_70,2023-06-04,2023-06-02,0.4649122807017544,0.5657894736842105,0.4298245614035088,0.6143769199086137,0.4367202048262097,0.4472737,0.34516287,0.3893236
hotel_70,2023-06-05,2023-06-02,0.4473684210526316,0.5657894736842105,0.2543859649122807,0.6386667636381848,0.43056396047993206,0.40600115,0.34400338,0.32856715
hotel_70,2023-06-06,2023-06-02,0.5131578947368421,0.5657894736842105,0.35964912280701755,0.6629566073677559,0.4409371259334253,0.4264496,0.3837242,0.28765997
hotel_70,2023-06-07,2023-06-02,0.5877192982456141,0.5657894736842105,0.4868421052631579,0.6872464510973271,0.4499444004554795,0.42672697,0.48687235,0.30438292
hotel_70,2023-06-08,2023-06-02,0.6140350877192983,0.5657894736842105,0.5964912280701754,0.7115362948268982,0.4528570170718685,0.44610527,0.4546146,0.32091928
hotel_70,2023-06-09,2023-06-02,0.6403508771929824,0.5657894736842105,0.5657894736842105,0.7358261385564693,0.45203355072034973,0.47813818,0.49830043,0.409311
hotel_70,2023-06-10,2023-06-02,0.6403508771929824,0.5657894736842105,0.41228070175438597,0.7601159822860404,0.4505615830522207,0.47621694,0.5297437,0.40655565
hotel_70,2023-06-11,2023-06-02,0.5877192982456141,0.5657894736842105,0.4298245614035088,0.7844058260156115,0.4498133866872008,0.46255556,0.38365623,0.4216785
hotel_70,2023-06-12,2023-06-02,0.5526315789473685,0.5657894736842105,0.2543859649122807,0.8086956697451826,0.4497620347016034,0.47360978,0.424485,0.43462378
hotel_70,2023-06-13,2023-06-02,0.5175438596491229,0.5657894736842105,0.35964912280701755,0.8329855134747537,0.4499606063916638,0.507572,0.45317003,0.38952613
hotel_70,2023-06-14,2023-06-02,0.543859649122807,0.5657894736842105,0.4868421052631579,0.8572753572043248,0.4501122658957624,0.5167652,0.4971023,0.37592292
hotel_70,2023-06-15,2023-06-02,0.5789473684210527,0.5657894736842105,0.5964912280701754,0.8815652009338959,0.45015383909842493,0.5236207,0.50445193,0.3770286
hotel_70,2023-06-16,2023-06-02,0.6447368421052632,0.5657894736842105,0.5657894736842105,0.905855044663467,0.4501348735423342,0.5712123,0.5245012,0.42626098
hotel_70,2023-06-17,2023-06-02,0.7368421052631579,0.5657894736842105,0.41228070175438597,0.9301448883930381,0.4501089377930079,0.5258083,0.46469113,0.35908702
hotel_70,2023-06-18,2023-06-02,0.6447368421052632,0.5657894736842105,0.4298245614035088,0.9544347321226092,0.45009714632513687,0.43799922,0.3245409,0.32589614
hotel_70,2023-06-19,2023-06-02,0.5701754385964912,0.5657894736842105,0.2543859649122807,0.9787245758521803,0.4500971919623952,0.41272047,0.31013182,0.36237636
hotel_70,2023-06-20,2023-06-02,0.6096491228070176,0.5657894736842105,0.35964912280701755,1.0030144195817514,0.4501009053415783,0.4233296,0.36035737,0.35168043
hotel_70,2023-06-21,2023-06-02,0.5526315789473685,0.5657894736842105,0.4868421052631579,1.0273042633113225,0.4501034273088918,0.44292185,0.35311538,0.39888695
hotel_70,2023-06-22,2023-06-02,0.5482456140350878,0.5657894736842105,0.5964912280701754,1.0515941070408936,0.4501039901950657,0.43214512,0.371741,0.4631014
hotel_70,2023-06-23,2023-06-02,0.6403508771929824,0.5657894736842105,0.5657894736842105,1.0758839507704647,0.45010358708996717,0.48309997,0.47144106,0.47798452
hotel_70,2023-06-24,2023-06-02,0.7982456140350878,0.5657894736842105,0.41228070175438597,1.1001737945000358,0.45010313599462487,0.49253586,0.46214795,0.4309432
hotel_70,2023-06-25,2023-06-02,0.6535087719298246,0.5657894736842105,0.4298245614035088,1.124463638229607,0.4501029537794568,0.4544078,0.36213255,0.41635388
hotel_70,2023-06-26,2023-06-02,0.7105263157894737,0.5657894736842105,0.2543859649122807,1.148753481959178,0.45010297019432827,0.42625132,0.35833097,0.40892223
hotel_70,2023-06-27,2023-06-02,0.7105263157894737,0.5657894736842105,0.35964912280701755,1.1730433256887491,0.4501030383072833,0.4282606,0.3924579,0.3610517
hotel_70,2023-06-28,2023-06-02,0.75,0.5657894736842105,0.4868421052631579,1.1973331694183202,0.4501030797020861,0.44395557,0.46726874,0.39895132
hotel_70,2023-06-29,2023-06-02,0.7587719298245614,0.5657894736842105,0.5964912280701754,1.2216230131478916,0.4501030867043846,0.4352159,0.43275955,0.453096
hotel_70,2023-06-30,2023-06-02,0.8377192982456141,0.5657894736842105,0.5657894736842105,1.2459128568774627,0.45010307856025605,0.47036302,0.49186188,0.50606143
hotel_77,2022-07-24,2022-07-23,0.0,0.0,0.0,1.757645026354937e-51,0.0008412887564106916,,-0.0041521173,-0.006987035
hotel_77,2022-07-25,2022-07-23,0.0,0.0,0.0,1.757645026354937e-51,-0.0006898888195798712,,-0.0009582564,-0.008065751
hotel_77,2022-07-26,2022-07-23,0.0,0.0,0.0,1.757645026354937e-51,0.00020128470760548693,,-0.019607812,-0.002066492
hotel_77,2022-07-27,2022-07-23,0.0,0.0,0.0,1.757645026354937e-51,7.34378581096562e-05,,-0.012081168,0.006360143
hotel_77,2022-07-28,2022-07-23,0.0,0.0,0.0,1.757645026354937e-51,7.34378581096562e-05,,-0.00662335,0.010247597
hotel_77,2022-07-29,2022-07-23,0.0,0.0,0.0,1.757645026354937e-51,7.34378581096562e-05,,0.012478024,0.009808134
hotel_77,2022-07-30,2022-07-23,0.0017574692442882249,0.0,0.0,1.757645026354937e-51,7.34378581096562e-05,,0.010742642,0.003051322
hotel_77,2022-07-31,2022-07-23,0.0017574692442882249,0.0,0.0,1.757645026354937e-51,7.34378581096562e-05,,0.02351439,-0.0010933354
hotel_77,2022-08-01,2022-07-23,0.0017574692442882249,0.0,0.0,1.757645026354937e-51,7.34378581096562e-05,,0.055558674,0.016549934
hotel_77,2022-08-02,2022-07-23,0.0017574692442882249,0.0,0.0,1.757645026354937e-51,7.34378581096562e-05,,0.08155072,0.016238455
hotel_77,2022-08-03,2022-07-23,0.0017574692442882249,0.0,0.0,1.757645026354937e-51,7.34378581096562e-05,,0.09734277,0.003286019
hotel_77,2022-08-04,2022-07-23,0.0017574692442882249,0.0,0.0,1.757645026354937e-51,7.34378581096562e-05,,0.09388009,0.014982084
hotel_77,2022-08-05,2022-07-23,0.0017574692442882249,0.0,0.0,1.757645026354937e-51,7.34378581096562e-05,,0.0661721,0.027074024
hotel_77,2022-08-06,2022-07-23,0.0,0.0,0.0,1.757645026354937e-51,7.34378581096562e-05,,0.050403964,0.013403603
hotel_77,2022-08-07,2022-07-23,0.0,0.0,0.0,1.757645026354937e-51,7.34378581096562e-05,,0.02391703,-0.002289589
hotel_77,2022-08-08,2022-07-23,0.0,0.0,0.0,1.757645026354937e-51,7.34378581096562e-05,,0.009285824,0.015035044
hotel_77,2022-08-09,2022-07-23,0.0,0.0,0.0,1.757645026354937e-51,7.34378581096562e-05,,-0.0073881075,0.020479303
hotel_77,2022-08-10,2022-07-23,0.0,0.0,0.0,1.757645026354937e-51,7.34378581096562e-05,,-0.029434618,0.01684764
hotel_77,2022-08-11,2022-07-23,0.0,0.0,0.0,1.757645026354937e-51,7.34378581096562e-05,,-0.026717754,0.019675303
hotel_77,2022-08-12,2022-07-23,0.0,0.0,0.0,1.757645026354937e-51,7.34378581096562e-05,,-0.027721997,0.01694223
hotel_77,2022-08-13,2022-07-23,0.0,0.0,0.0,1.757645026354937e-51,7.34378581096562e-05,,-0.02001293,-0.012102729
hotel_77,2022-08-14,2022-07-23,0.0,0.0,0.0,1.757645026354937e-51,7.34378581096562e-05,,-0.054818004,-0.024731942
hotel_77,2022-08-15,2022-07-23,0.0,0.0,0.0,1.757645026354937e-51,7.34378581096562e-05,,-0.068454586,-0.016864464
hotel_77,2022-08-16,2022-07-23,0.0,0.0,0.0,1.757645026354937e-51,7.34378581096562e-05,,-0.06644346,-0.033572767
hotel_77,2022-08-17,2022-07-23,0.0,0.0,0.0,1.757645026354937e-51,7.34378581096562e-05,,-0.10542225,-0.031016303
hotel_77,2022-08-18,2022-07-23,0.0,0.0,0.0,1.757645026354937e-51,7.34378581096562e-05,,-0.104262695,-0.033520572
hotel_77,2022-08-19,2022-07-23,0.0,0.0,0.0,1.757645026354937e-51,7.34378581096562e-05,,-0.07131982,-0.008431986
hotel_77,2022-08-20,2022-07-23,0.0,0.0,0.0,1.757645026354937e-51,7.34378581096562e-05,,-0.051487718,-0.010833466
hotel_77,2022-08-21,2022-08-20,0.0,0.0,0.0,-4.9206079880198735e-09,-1.4267647683596592e-06,,0.018940292,0.007588081
hotel_77,2022-08-22,2022-08-20,0.0,0.0,0.0,-9.840600842091023e-09,0.0006076050019688428,,0.047309328,0.02102033
hotel_77,2022-08-23,2022-08-20,0.0,0.0,0.0,-1.3776617976150274e-08,-0.00026408281805751865,,0.12251872,-0.01109272
hotel_77,2022-08-24,2022-08-20,0.0,0.0,0.0,-1.692544996414567e-08,0.0004229789024602909,,0.12666161,-0.012553483
hotel_77,2022-08-25,2022-08-20,0.0,0.0,0.0,-1.9444530179225295e-08,0.00016227799353882777,,0.1785388,-0.0056200735
hotel_77,2022-08-26,2022-08-20,0.0017574692442882249,0.0,0.0,-2.1459806051103558e-08,0.00016227799353882777,,0.15331648,-0.00041717105
hotel_77,2022-08-27,2022-08-20,0.0035149384885764497,0.0,0.0,-2.307203610851216e-08,0.00016227799353882777,,0.14717843,0.013598769
hotel_77,2022-08-28,2022-08-20,0.0035149384885764497,0.0,0.0,-2.4361827642407308e-08,0.00016227799353882777,,0.13052171,0.046461485
hotel_77,2022-08-29,2022-08-20,0.0017574692442882249,0.0,0.0,-2.5393666859932817e-08,0.00016227799353882777,,0.21336363,0.08940576
hotel_77,2022-08-30,2022-08-20,0.0017574692442882249,0.0,0.0,-2.6219143026308556e-08,0.00016227799353882777,,0.2661562,0.11065507
hotel_77,2022-08-31,2022-08-20,0.0017574692442882249,0.0,0.0,-2.687952779331567e-08,0.00016227799353882777,,0.23215997,0.12133102
hotel_77,2022-09-01,2022-08-20,0.0017574692442882249,0.0,0.0,-2.7407838674064397e-08,0.00016227799353882777,,0.24090816,0.11618835
hotel_77,2022-09-02,2022-08-20,0.0,0.0,0.0,-2.783048983239204e-08,0.00016227799353882777,,0.19663396,0.08957359
hotel_77,2022-09-03,2022-08-20,0.0,0.0,0.0,-2.8168612722048486e-08,0.00016227799353882777,,0.14488345,0.05251698
hotel_77,2022-09-04,2022-08-20,0.0017574692442882249,0.0,0.0,-2.8439112604178222e-08,0.00016227799353882777,,0.045599222,0.014687769
hotel_77,2022-09-05,2022-08-20,0.0017574692442882249,0.0,0.0,-2.8655513766212967e-08,0.00016227799353882777,,0.05914002,-0.0076388284
hotel_77,2022-09-06,2022-08-20,0.0017574692442882249,0.0,0.0,-2.882863570091137e-08,0.00016227799353882777,,0.0141197,-0.03381073
hotel_77,2022-09-07,2022-08-20,0.0017574692442882249,0.0,0.0,-2.896713405273124e-08,0.00016227799353882777,,-0.084445074,-0.040604174
hotel_77,2022-09-08,2022-08-20,0.0017574692442882249,0.0,0.0,-2.907793337743979e-08,0.00016227799353882777,,-0.09062928,-0.03918145
hotel_77,2022-09-09,2022-08-20,0.0017574692442882249,0.0,0.0,-2.916657335181174e-08,0.00016227799353882777,,-0.05458409,-0.048030168
hotel_77,2022-09-10,2022-08-20,0.0017574692442882249,0.0,0.0,-2.923748574299578e-08,0.00016227799353882777,,-0.04277164,-0.0399606
hotel_77,2022-09-11,2022-08-20,0.0,0.0,0.0,-2.9294215985294102e-08,0.00016227799353882777,,-0.061484296,-0.043683775
hotel_77,2022-09-12,2022-08-20,0.0,0.0,0.0,-2.9339600442615172e-08,0.00016227799353882777,,-0.03746303,-0.04206699
hotel_77,2022-09-13,2022-08-20,0.0,0.0,0.0,-2.9375908219259175e-08,0.00016227799353882777,,-0.016124561,-0.05650785
hotel_77,2022-09-14,2022-08-20,0.0,0.0,0.0,-2.9404954609205074e-08,0.00016227799353882777,,-0.058601823,-0.04134209
hotel_77,2022-09-15,2022-08-20,0.0,0.0,0.0,-2.9428191856067135e-08,0.00016227799353882777,,-0.07552987,-0.04098983
hotel_77,2022-09-16,2022-08-20,0.0017574692442882249,0.0,0.0,-2.9446781761481682e-08,0.00016227799353882777,,-0.04299564,-0.03914188
hotel_77,2022-09-17,2022-08-20,0.0017574692442882249,0.0,0.0,-2.9461653772153744e-08,0.00016227799353882777,,0.013499353,-0.03691045
hotel_77,2022-09-18,2022-09-17,0.0017574692442882249,0.0017574692442882249,0.0,0.0017575479558347012,0.0015311483537189352,,0.0025042277,0.007918028
hotel_77,2022-09-19,2022-09-17,0.0017574692442882249,0.0017574692442882249,0.0,0.0017576266751173116,0.0014216907937254781,,0.0394196,0.019617466
hotel_77,2022-09-20,2022-09-17,0.0,0.0017574692442882249,0.0,0.001757689650865248,0.0012813986779448888,,0.121268846,-0.007855921
hotel_77,2022-09-21,2022-09-17,0.0,0.0017574692442882249,0.0,0.0017577400317210772,0.0010443736098013374,,0.13187647,-0.010544592
hotel_77,2022-09-22,2022-09-17,0.0,0.0017574692442882249,0.0,0.0017577803366117253,0.0011201488627313534,,0.18705618,-0.006567025
hotel_77,2022-09-23,2022-09-17,0.0,0.0017574692442882249,0.0017574692442882249,0.0017578125806890328,0.0011201488627313534,,0.17894378,-0.0039057718
hotel_77,2022-09-24,2022-09-17,0.0,0.0017574692442882249,0.0017574692442882249,0.0017578383760827102,0.0011201488627313534,,0.17526346,0.01298155
hotel_77,2022-09-25,2022-09-17,0.0,0.0017574692442882249,0.0,0.0017578590125031182,0.0011201488627313534,,0.1604052,0.048775837
hotel_77,2022-09-26,2022-09-17,0.0,0.0017574692442882249,0.0,0.001757875521723818,0.0011201488627313534,,0.22972274,0.08696327
hotel_77,2022-09-27,2022-09-17,0.0,0.0017574692442882249,0.0,0.0017578887291678765,0.0011201488627313534,,0.2718169,0.114487216
hotel_77,2022-09-28,2022-09-17,0.0017574692442882249,0.0017574692442882249,0.0,0.0017578992951771226,0.0011201488627313534,,0.25439483,0.12505922
hotel_77,2022-09-29,2022-09-17,0.0,0.0017574692442882249,0.0,0.0017579077480277192,0.0011201488627313534,,0.27282396,0.1150768
hotel_77,2022-09-30,2022-09-17,0.0,0.0017574692442882249,0.0017574692442882249,0.0017579145103427565,0.0011201488627313534,,0.24156821,0.091434196
hotel_77,2022-10-01,2022-09-17,0.0,0.0017574692442882249,0.0017574692442882249,0.0017579199202224344,0.0011201488627313534,,0.16950274,0.057877477
hotel_77,2022-10-02,2022-09-17,0.0,0.0017574692442882249,0.0,0.0017579242481482954,0.0011201488627313534,,0.065642744,0.024790907
hotel_77,2022-10-03,2022-09-17,0.0,0.0017574692442882249,0.0,0.0017579277105066792,0.0011201488627313534,,0.07306002,-0.0011325902
hotel_77,2022-10-04,2022-09-17,0.0,0.0017574692442882249,0.0,0.0017579304804075423,0.0011201488627313534,,0.018141463,-0.026352625
hotel_77,2022-10-05,2022-09-17,0.0035149384885764497,0.0017574692442882249,0.0,0.0017579326963395574,0.0011201488627313534,,-0.089872986,-0.036576807
hotel_77,2022-10-06,2022-09-17,0.0035149384885764497,0.0017574692442882249,0.0,0.0017579344690942297,0.0011201488627313534,,-0.08250865,-0.040874347
hotel_77,2022-10-07,2022-09-17,0.005272407732864675,0.0017574692442882249,0.0017574692442882249,0.0017579358873052156,0.0011201488627313534,,-0.040138617,-0.048879996
hotel_77,2022-10-08,2022-09-17,0.005272407732864675,0.0017574692442882249,0.0017574692442882249,0.0017579370218798027,0.0011201488627313534,,-0.015389003,-0.04179824
hotel_77,2022-10-09,2022-09-17,0.0035149384885764497,0.0017574692442882249,0.0,0.001757937929544111,0.0011201488627313534,,-0.06288595,-0.04266917
hotel_77,2022-10-10,2022-09-17,0.0035149384885764497,0.0017574692442882249,0.0,0.0017579386556792688,0.0011201488627313534,,-0.028381363,-0.0431355
hotel_77,2022-10-11,2022-09-17,0.0035149384885764497,0.0017574692442882249,0.0,0.0017579392365903639,0.0011201488627313534,,-0.004880056,-0.05681193
hotel_77,2022-10-12,2022-09-17,0.0017574692442882249,0.0017574692442882249,0.0,0.001757939701321615,0.0011201488627313534,,-0.054453034,-0.042562723
hotel_77,2022-10-13,2022-09-17,0.0,0.0017574692442882249,0.0,0.001757940073108516,0.0011201488627313534,,-0.08034429,-0.0433209
hotel_77,2022-10-14,2022-09-17,0.008787346221441126,0.0017574692442882249,0.0017574692442882249,0.0017579403705395569,0.0011201488627313534,,-0.040489517,-0.040491506
hotel_77,2022-10-15,2022-09-17,0.01054481546572935,0.0017574692442882249,0.0017574692442882249,0.0017579406084856056,0.0011201488627313534,,0.021768656,-0.037764214
hotel_77,2022-10-16,2022-10-15,0.01054481546572935,0.01054481546572935,0.0035149384885764497,0.010545196471778026,0.011938639823368654,,0.019274216,0.0134094395
hotel_77,2022-10-17,2022-10-15,0.0035149384885764497,0.01054481546572935,0.0035149384885764497,0.01054575326060515,0.011634962667583262,,0.057558365,0.03309226
hotel_77,2022-10-18,2022-10-15,0.0017574692442882249,0.01054481546572935,0.0035149384885764497,0.01054619869394331,0.012779390661510182,,0.1513696,-0.003054128
hotel_77,2022-10-19,2022-10-15,0.0017574692442882249,0.01054481546572935,0.0017574692442882249,0.01054655504243502,0.007981303734911847,,0.1600528,-0.0043814923
hotel_77,2022-10-20,2022-10-15,0.0017574692442882249,0.01054481546572935,0.0,0.010546840122685338,0.007094040460285568,,0.21797454,0.0041338494
hotel_77,2022-10-21,2022-10-15,0.0035149384885764497,0.01054481546572935,0.008787346221441126,0.010547068188051158,0.007094040460285568,,0.19227988,0.010195591
hotel_77,2022-10-22,2022-10-15,0.0017574692442882249,0.01054481546572935,0.01054481546572935,0.010547250641276273,0.007094040460285568,,0.17566828,0.025762985
hotel_77,2022-10-23,2022-10-15,0.0017574692442882249,0.01054481546572935,0.0035149384885764497,0.010547396604602334,0.007094040460285568,,0.16936475,0.061722092
hotel_77,2022-10-24,2022-10-15,0.0017574692442882249,0.01054481546572935,0.0035149384885764497,0.010547513375859963,0.007094040460285568,,0.25832522,0.111252524
hotel_77,2022-10-25,2022-10-15,0.0017574692442882249,0.01054481546572935,0.0035149384885764497,0.010547606793343491,0.007094040460285568,,0.30487722,0.13300109
hotel_77,2022-10-26,2022-10-15,0.0017574692442882249,0.01054481546572935,0.0017574692442882249,0.010547681527712257,0.007094040460285568,,0.25969437,0.14430042
hotel_77,2022-10-27,2022-10-15,0.0017574692442882249,0.01054481546572935,0.0,0.010547741315512825,0.007094040460285568,,0.29080528,0.13948171
hotel_77,2022-10-28,2022-10-15,0.0,0.01054481546572935,0.008787346221441126,0.010547789145997726,0.007094040460285568,,0.264313,0.10737507
hotel_77,2022-10-29,2022-10-15,0.0017574692442882249,0.01054481546572935,0.01054481546572935,0.010547827410581204,0.007094040460285568,,0.18703395,0.07018814
hotel_77,2022-10-30,2022-10-15,0.0017574692442882249,0.01054481546572935,0.0035149384885764497,0.010547858022404433,0.007094040460285568,,0.070693366,0.026831396
hotel_77,2022-10-31,2022-10-15,0.0017574692442882249,0.01054481546572935,0.0035149384885764497,0.010547882511988176,0.007094040460285568,,0.075388744,0.006462546
hotel_77,2022-11-01,2022-10-15,0.0,0.01054481546572935,0.0035149384885764497,0.010547902103755296,0.007094040460285568,,0.01768729,-0.027064338
hotel_77,2022-11-09,2022-10-15,0.0,0.01054481546572935,0.0017574692442882249,0.010547917777249094,0.007094040460285568,,-0.09667651,-0.035481434
hotel_77,2022-11-10,2022-10-15,0.0,0.01054481546572935,0.0,0.010547930316108215,0.007094040460285568,,-0.115498945,-0.034084585
hotel_77,2022-11-11,2022-10-15,0.0,0.01054481546572935,0.008787346221441126,0.010547940347246777,0.007094040460285568,,-0.08305478,-0.04359977
hotel_77,2022-11-12,2022-10-15,0.0,0.01054481546572935,0.01054481546572935,0.01054794837219864,0.007094040460285568,,-0.05457207,-0.035245173
hotel_77,2022-11-15,2022-10-15,0.0,0.01054481546572935,0.0035149384885764497,0.01054795479219294,0.007094040460285568,,-0.07606073,-0.03883083
hotel_77,2022-11-16,2022-10-15,0.0,0.01054481546572935,0.0035149384885764497,0.01054795992821463,0.007094040460285568,,-0.0334,-0.035680756
hotel_77,2022-11-18,2022-10-15,0.0,0.01054481546572935,0.0035149384885764497,0.010547964037052979,0.007094040460285568,,-0.011605665,-0.05410099
hotel_77,2022-11-19,2022-10-15,0.0,0.01054481546572935,0.0017574692442882249,0.010547967324140458,0.007094040460285568,,-0.07848648,-0.037706222
hotel_77,2022-11-20,2022-10-15,0.0,0.01054481546572935,0.0,0.01054796995382388,0.007094040460285568,,-0.09985327,-0.03499539
hotel_77,2022-11-21,2022-10-15,0.0,0.01054481546572935,0.008787346221441126,0.010547972057581371,0.007094040460285568,,-0.06361749,-0.034918185
hotel_77,2022-11-22,2022-10-15,0.0,0.01054481546572935,0.01054481546572935,0.010547973740595963,0.007094040460285568,,0.007885836,-0.030929785
hotel_77,2022-11-23,2022-11-22,0.0,0.0,0.0,-1.2242573612823648e-08,0.0009404350505194146,,-0.0026932545,0.0047235377
hotel_77,2022-11-24,2022-11-22,0.0,0.0,0.0,-2.448361675870083e-08,0.00018183509441295845,,0.037018657,0.022046847
hotel_77,2022-11-25,2022-11-22,0.0,0.0,0.0,-3.4276501323595186e-08,0.000997413508028064,,0.14526841,-0.011270049
hotel_77,2022-11-26,2022-11-22,0.0,0.0,0.0,-4.2110849014269376e-08,0.001246354506564549,,0.16779968,-0.016362887
hotel_77,2022-11-27,2022-11-22,0.0,0.0,0.0,-4.8378359197979396e-08,0.0005847890707745255,,0.22101927,-0.00855476
hotel_77,2022-11-28,2022-11-22,0.0,0.0,0.0,-5.339239297001491e-08,0.0005847890707745255,,0.1872759,-0.0030592065
hotel_77,2022-12-01,2022-11-22,0.0,0.0,0.0,-5.7403640487802086e-08,0.0005847890707745255,,0.16416463,0.014713915
hotel_77,2022-12-02,2022-11-22,0.0,0.0,0.0,-6.061265490224265e-08,0.0005847890707745255,,0.15489958,0.05183261
hotel_77,2022-12-03,2022-11-22,0.0,0.0,0.0,-6.317987955403083e-08,0.0005847890707745255,,0.2344437,0.09651858
hotel_77,2022-12-04,2022-11-22,0.0,0.0,0.0,-6.523366977170358e-08,0.0005847890707745255,,0.28378612,0.12354554
hotel_77,2022-12-05,2022-11-22,0.0,0.0,0.0,-6.687671034287848e-08,0.0005847890707745255,,0.23805737,0.1353485
hotel_77,2022-12-06,2022-11-22,0.0,0.0,0.0,-6.819114951748208e-08,0.0005847890707745255,,0.26857322,0.12591606
hotel_77,2022-12-07,2022-11-22,0.0,0.0,0.0,-6.924270623132336e-08,0.0005847890707745255,,0.24632524,0.09572011
hotel_77,2022-12-08,2022-11-22,0.0,0.0,0.0,-7.008395590174508e-08,0.0005847890707745255,,0.1701212,0.057148457
hotel_77,2022-12-09,2022-11-22,0.0,0.0,0.0,-7.0756959077579e-08,0.0005847890707745255,,0.060675606,0.018557275
hotel_77,2022-12-10,2022-11-22,0.0,0.0,0.0,-7.129536436985744e-08,0.0005847890707745255,,0.061871435,-0.0029592179
hotel_77,2022-12-11,2022-11-22,0.0,0.0,0.0,-7.172609080498047e-08,0.0005847890707745255,,-0.00011175871,-0.035171814
hotel_77,2022-12-13,2022-11-22,0.0,0.0,0.0,-7.207067371412813e-08,0.0005847890707745255,,-0.124039166,-0.047134258
hotel_77,2022-12-14,2022-11-22,0.0,0.0,0.0,-7.234634145029284e-08,0.0005847890707745255,,-0.13947074,-0.04665517
hotel_77,2022-12-15,2022-11-22,0.0,0.0,0.0,-7.256687676630763e-08,0.0005847890707745255,,-0.1062421,-0.055462874
hotel_77,2022-12-16,2022-11-22,0.0,0.0,0.0,-7.274330592079048e-08,0.0005847890707745255,,-0.066128016,-0.04657136
hotel_77,2022-12-17,2022-11-22,0.0,0.0,0.0,-7.288444996571728e-08,0.0005847890707745255,,-0.09274192,-0.04666533
hotel_77,2022-12-18,2022-11-22,0.0,0.0,0.0,-7.299736577873408e-08,0.0005847890707745255,,-0.04616479,-0.046248652
hotel_77,2022-12-19,2022-11-22,0.0,0.0,0.0,-7.308769889081017e-08,0.0005847890707745255,,-0.012974292,-0.06315174
hotel_77,2022-12-23,2022-11-22,0.0,0.0,0.0,-7.315996574980303e-08,0.0005847890707745255,,-0.07544008,-0.046765998
hotel_77,2022-12-24,2022-11-22,0.0,0.0,0.0,-7.321777953246444e-08,0.0005847890707745255,,-0.09858821,-0.045344032
hotel_77,2022-12-25,2022-11-22,0.0,0.0,0.0,-7.326403079496847e-08,0.0005847890707745255,,-0.0667499,-0.047054805
hotel_77,2022-12-26,2022-11-22,0.0,0.0,0.0,-7.330103199407257e-08,0.0005847890707745255,,0.01556832,-0.04487645
hotel_84,2023-02-11,2023-02-10,0.9204152249134948,0.7854671280276817,0.8927335640138409,0.6381084365733931,0.72899559524975,0.7600302,0.76122427,0.8584404
hotel_84,2023-02-12,2023-02-10,0.20761245674740483,0.7854671280276817,0.4532871972318339,0.6381084365733931,0.49486612701103794,0.38418072,0.53451556,0.4455043
hotel_84,2023-02-13,2023-02-10,0.356401384083045,0.7854671280276817,0.5882352941176471,0.6381084365733931,0.5080992150203274,0.40452984,0.4628874,0.6163627
hotel_84,2023-02-14,2023-02-10,0.6643598615916955,0.7854671280276817,0.6332179930795848,0.6381084365733931,0.6615935161682178,0.56593704,0.3311605,0.42142776
hotel_84,2023-02-15,2023-02-10,0.5432525951557093,0.7854671280276817,0.643598615916955,0.6381084365733931,0.5837241149004695,0.68202686,0.40204394,0.43745005
hotel_84,2023-02-16,2023-02-10,0.8131487889273357,0.7854671280276817,0.532871972318339,0.6381084365733931,0.47177032191929713,0.6140206,0.5613211,0.3409025
hotel_84,2023-02-17,2023-02-10,1.0,0.7854671280276817,0.7854671280276817,0.6381084365733931,0.5930576457049559,0.77225846,0.6477138,0.54145265
hotel_84,2023-02-18,2023-02-10,1.041522491349481,0.7854671280276817,0.8927335640138409,0.6381084365733931,0.6472519926743978,0.88285005,0.6436874,0.44621718
hotel_84,2023-02-19,2023-02-10,0.8339100346020761,0.7854671280276817,0.4532871972318339,0.6381084365733931,0.509512437214112,0.5968219,0.46064866,0.43358013
hotel_84,2023-02-20,2023-02-10,0.6332179930795848,0.7854671280276817,0.5882352941176471,0.6381084365733931,0.5169284769604636,0.60343707,0.49705946,0.3948409
hotel_84,2023-02-21,2023-02-10,0.8096885813148789,0.7854671280276817,0.6332179930795848,0.6381084365733931,0.6439875504757715,0.6311765,0.5653923,0.39115405
hotel_84,2023-02-22,2023-02-10,1.013840830449827,0.7854671280276817,0.643598615916955,0.6381084365733931,0.5828738191638421,0.672698,0.65635943,0.71060026
hotel_84,2023-02-23,2023-02-10,1.0069204152249136,0.7854671280276817,0.532871972318339,0.6381084365733931,0.4887767963576232,0.6605174,0.6841237,0.72363067
hotel_84,2023-02-24,2023-02-10,1.0069204152249136,0.7854671280276817,0.7854671280276817,0.6381084365733931,0.5866200161508225,0.75543153,0.7140225,0.65087557
hotel_84,2023-02-25,2023-02-10,0.6401384083044983,0.7854671280276817,0.8927335640138409,0.6381084365733931,0.633915522181485,0.7920889,0.7269482,0.53677136
hotel_84,2023-02-26,2023-02-10,0.19377162629757785,0.7854671280276817,0.4532871972318339,0.6381084365733931,0.5212772448311564,0.5045524,0.46036404,0.4477608
hotel_84,2023-02-27,2023-02-10,0.42214532871972316,0.7854671280276817,0.5882352941176471,0.6381084365733931,0.5245270286228809,0.5680292,0.42461184,0.40992993
hotel_84,2023-02-28,2023-02-10,0.5640138408304498,0.7854671280276817,0.6332179930795848,0.6381084365733931,0.629629759278212,0.5789108,0.35402074,0.4992479
hotel_84,2023-03-01,2023-02-10,0.5017301038062284,0.7854671280276817,0.643598615916955,0.6381084365733931,0.5818039207826711,0.620619,0.4435956,0.5120274
hotel_84,2023-03-02,2023-02-10,0.48788927335640137,0.7854671280276817,0.532871972318339,0.6381084365733931,0.5028060045348399,0.6450422,0.38104692,0.32075405
hotel_84,2023-03-03,2023-02-10,0.7889273356401384,0.7854671280276817,0.7854671280276817,0.6381084365733931,0.5816577382205466,0.75549453,0.4089398,0.38319397
hotel_84,2023-03-04,2023-02-10,0.9100346020761245,0.7854671280276817,0.8927335640138409,0.6381084365733931,0.6227654979587026,0.81841815,0.33356872,0.5232301
hotel_84,2023-03-05,2023-02-10,0.5847750865051903,0.7854671280276817,0.4532871972318339,0.6381084365733931,0.5307162720176847,0.5902415,0.2548861,0.4918049
hotel_84,2023-03-06,2023-02-10,0.8823529411764706,0.7854671280276817,0.5882352941176471,0.6381084365733931,0.5310488822563144,0.736595,0.33289063,0.5672704
hotel_84,2023-03-07,2023-02-10,0.8269896193771626,0.7854671280276817,0.6332179930795848,0.6381084365733931,0.6179291917192311,0.7719148,0.25600952,0.44108087
hotel_84,2023-03-08,2023-02-10,0.754325259515571,0.7854671280276817,0.643598615916955,0.6381084365733931,0.580620450291378,0.7999657,0.36133772,0.50471336
hotel_84,2023-03-09,2023-02-10,0.6920415224913494,0.7854671280276817,0.532871972318339,0.6381084365733931,0.5143714737893715,0.78059924,0.4191075,0.6568154
hotel_84,2023-03-10,2023-02-10,0.9446366782006921,0.7854671280276817,0.7854671280276817,0.6381084365733931,0.5778519084127145,0.89032114,0.57151383,0.86923504
hotel_84,2023-03-11,2023-03-10,0.972318339100346,0.9446366782006921,0.9100346020761245,0.8098528871104654,0.851642633505278,0.8997538,0.49956834,1.0469711
hotel_84,2023-03-12,2023-03-10,0.6262975778546713,0.9446366782006921,0.5847750865051903,0.8098528871104654,0.7181498397351496,0.50180334,0.2675389,0.48603654
hotel_84,2023-03-13,2023-03-10,0.5951557093425606,0.9446366782006921,0.8823529411764706,0.8098528871104654,0.7613501487421586,0.604042,0.40625662,0.44945282
hotel_84,2023-03-14,2023-03-10,0.643598615916955,0.9446366782006921,0.8269896193771626,0.8098528871104654,0.8205016908941007,0.6708793,0.59793854,0.39978647
hotel_84,2023-03-15,2023-03-10,0.671280276816609,0.9446366782006921,0.754325259515571,0.8098528871104654,0.7663843120394856,0.6760381,0.43194515,0.4918748
hotel_84,2023-03-16,2023-03-10,0.6885813148788927,0.9446366782006921,0.6920415224913494,0.8098528871104654,0.7569005584394929,0.6833348,0.117344856,0.50316924
hotel_84,2023-03-17,2023-03-10,0.9930795847750865,0.9446366782006921,0.9446366782006921,0.8098528871104654,0.7937915307833806,0.8116042,0.14993286,0.7140804
hotel_84,2023-03-18,2023-03-10,0.9965397923875432,0.9446366782006921,0.9100346020761245,0.8098528871104654,0.7818186481921443,0.8988121,0.40576535,0.73109204
hotel_84,2023-03-19,2023-03-10,0.5916955017301038,0.9446366782006921,0.5847750865051903,0.8098528871104654,0.765488465352256,0.65345305,0.4564472,0.35642853
hotel_84,2023-03-20,2023-03-10,0.42560553633217996,0.9446366782006921,0.8823529411764706,0.8098528871104654,0.780456598698489,0.72960144,0.59238124,0.19705826
hotel_84,2023-03-21,2023-03-10,0.44982698961937717,0.9446366782006921,0.8269896193771626,0.8098528871104654,0.7830615417505192,0.8087332,0.52639973,0.6115962
hotel_84,2023-03-22,2023-03-10,0.4429065743944637,0.9446366782006921,0.754325259515571,0.8098528871104654,0.7728666717356005,0.7265844,0.49600685,0.6401521
hotel_84,2023-03-23,2023-03-10,0.903114186851211,0.9446366782006921,0.6920415224913494,0.8098528871104654,0.7761849032342197,0.7344747,0.35100865,0.5247423
hotel_84,2023-03-24,2023-03-10,0.9273356401384083,0.9446366782006921,0.9446366782006921,0.8098528871104654,0.7806932235545305,0.8462184,0.41850257,0.3639515
hotel_84,2023-03-25,2023-03-10,0.8512110726643599,0.9446366782006921,0.9100346020761245,0.8098528871104654,0.7765532493174202,0.8566859,0.4615209,0.32150054
hotel_84,2023-03-26,2023-03-10,0.7681660899653979,0.9446366782006921,0.5847750865051903,0.8098528871104654,0.7758377676007733,0.60833794,0.29768205,0.37160453
hotel_84,2023-03-27,2023-03-10,0.7370242214532872,0.9446366782006921,0.8823529411764706,0.8098528871104654,0.7786551292208429,0.7007362,0.41437882,0.4158668
hotel_84,2023-03-28,2023-03-10,0.5259515570934256,0.9446366782006921,0.8269896193771626,0.8098528871104654,0.7777355042652119,0.72007567,0.6804228,0.3864267
hotel_84,2023-03-29,2023-03-10,0.5709342560553633,0.9446366782006921,0.754325259515571,0.8098528871104654,0.7764908829816973,0.7663214,0.5157751,0.53467065
hotel_84,2023-03-30,2023-03-10,0.6678200692041523,0.9446366782006921,0.6920415224913494,0.8098528871104654,0.7776359390165589,0.73326117,0.34625757,0.69379205
hotel_84,2023-03-31,2023-03-10,0.8408304498269896,0.9446366782006921,0.9446366782006921,0.8098528871104654,0.7778324473441716,0.8128158,0.54973805,0.67413557
hotel_84,2023-04-01,2023-03-10,0.9134948096885813,0.9446366782006921,0.9100346020761245,0.8098528871104654,0.7770538681292394,0.87484545,0.6467168,0.90147185
hotel_84,2023-04-02,2023-03-10,0.6332179930795848,0.9446366782006921,0.5847750865051903,0.8098528871104654,0.777308733566672,0.6145905,0.41001934,0.89851594
hotel_84,2023-04-03,2023-03-10,0.7993079584775087,0.9446366782006921,0.8823529411764706,0.8098528871104654,0.7776523377303879,0.75435984,0.12542456,0.72509277
hotel_84,2023-04-04,2023-03-10,0.9100346020761245,0.9446366782006921,0.8269896193771626,0.8098528871104654,0.7773356327090799,0.810392,0.01366955,0.66444075
hotel_84,2023-04-05,2023-03-10,0.9826989619377162,0.9446366782006921,0.754325259515571,0.8098528871104654,0.7772816635981271,0.82974946,-0.31191015,0.6129659
hotel_84,2023-04-06,2023-03-10,0.8581314878892734,0.9446366782006921,0.6920415224913494,0.8098528871104654,0.7774968239902569,0.82377744,-0.11030835,0.34026825
hotel_84,2023-04-07,2023-03-10,0.643598615916955,0.9446366782006921,0.9446366782006921,0.8098528871104654,0.7774261910490133,0.86021817,0.33677638,0.199961
hotel_84,2023-04-08,2023-04-07,0.6020761245674741,0.643598615916955,0.9134948096885813,0.7906586462788419,0.7213174880180767,0.71052426,0.5258665,0.49525577
hotel_84,2023-04-09,2023-04-07,0.39792387543252594,0.643598615916955,0.6332179930795848,0.7906586462788419,0.7765640034821857,0.5008157,0.0819065,0.15599993
hotel_84,2023-04-10,2023-04-07,0.657439446366782,0.643598615916955,0.7993079584775087,0.7906586462788419,0.809909222889062,0.6388196,0.20943934,0.35632393
hotel_84,2023-04-11,2023-04-07,0.7820069204152249,0.643598615916955,0.9100346020761245,0.7906586462788419,0.7644646368334751,0.78989965,0.56955063,0.43341365
hotel_84,2023-04-12,2023-04-07,0.8339100346020761,0.643598615916955,0.9826989619377162,0.7906586462788419,0.7665782185823006,0.7767479,0.44589078,0.42284048
hotel_84,2023-04-13,2023-04-07,0.7923875432525952,0.643598615916955,0.8581314878892734,0.7906586462788419,0.790649646402502,0.8023049,0.22139654,0.34612352
hotel_84,2023-04-14,2023-04-07,0.7993079584775087,0.643598615916955,0.643598615916955,0.7906586462788419,0.7786405449032253,0.8462432,0.28775728,0.4289177
hotel_84,2023-04-15,2023-04-07,0.8304498269896193,0.643598615916955,0.9134948096885813,0.7906586462788419,0.7707964557535262,0.86590374,0.381694,0.4259722
hotel_84,2023-04-16,2023-04-07,0.4186851211072664,0.643598615916955,0.6332179930795848,0.7906586462788419,0.7809432895965744,0.6042117,0.17392075,0.31862816
hotel_84,2023-04-17,2023-04-07,0.4913494809688581,0.643598615916955,0.7993079584775087,0.7906586462788419,0.780690962754264,0.69151026,0.21521059,0.29680562
hotel_84,2023-04-18,2023-04-07,0.629757785467128,0.643598615916955,0.9100346020761245,0.7906586462788419,0.7752173757426404,0.7146829,0.30481142,0.4376357
hotel_84,2023-04-19,2023-04-07,0.629757785467128,0.643598615916955,0.9826989619377162,0.7906586462788419,0.7778224177802303,0.816349,0.36619285,0.48981023
hotel_84,2023-04-20,2023-04-07,0.9238754325259516,0.643598615916955,0.8581314878892734,0.7906586462788419,0.7796627139533276,0.81731486,0.36088893,0.6326592
hotel_84,2023-04-21,2023-04-07,0.9446366782006921,0.643598615916955,0.643598615916955,0.7906586462788419,0.7773991314219578,0.86392945,0.25914082,0.5949087
hotel_84,2023-04-22,2023-04-07,0.9065743944636678,0.643598615916955,0.9134948096885813,0.7906586462788419,0.7774056343141427,0.89679456,0.39867783,0.5373165
hotel_84,2023-04-23,2023-04-07,0.657439446366782,0.643598615916955,0.6332179930795848,0.7906586462788419,0.7786491278247419,0.5517573,0.60252255,0.55565
hotel_84,2023-04-24,2023-04-07,0.9342560553633218,0.643598615916955,0.7993079584775087,0.7906586462788419,0.7780852965836207,0.727529,0.8067621,0.43867034
hotel_84,2023-04-25,2023-04-07,0.9792387543252595,0.643598615916955,0.9100346020761245,0.7906586462788419,0.7776546086291974,0.7954326,0.7042497,0.2937275
hotel_84,2023-04-26,2023-04-07,0.9826989619377162,0.643598615916955,0.9826989619377162,0.7906586462788419,0.778159122272881,0.79717565,0.44736132,0.294839
hotel_84,2023-04-27,2023-04-07,0.7439446366782007,0.643598615916955,0.8581314878892734,0.7906586462788419,0.778168970720867,0.8058832,0.5419401,0.17805251
hotel_84,2023-04-28,2023-04-07,0.9515570934256056,0.643598615916955,0.643598615916955,0.7906586462788419,0.7778867272008675,0.9116469,0.7094549,0.23175323
hotel_84,2023-04-29,2023-04-07,1.0069204152249136,0.643598615916955,0.9134948096885813,0.7906586462788419,0.7780084677967818,0.88630563,0.5992974,0.4539087
hotel_84,2023-04-30,2023-04-07,0.8062283737024222,0.643598615916955,0.6332179930795848,0.7906586462788419,0.7781090332170538,0.61861676,0.36079144,0.640331
hotel_84,2023-05-01,2023-04-07,0.629757785467128,0.643598615916955,0.7993079584775087,0.7906586462788419,0.7779966884421304,0.6947206,0.30465645,0.65414417
hotel_84,2023-05-02,2023-04-07,0.6851211072664359,0.643598615916955,0.9100346020761245,0.7906586462788419,0.7779919293483846,0.73632497,0.40456942,0.693687
hotel_84,2023-05-03,2023-04-07,0.5155709342560554,0.643598615916955,0.9826989619377162,0.7906586462788419,0.7780559352759503,0.7402087,0.40178818,0.6862551
hotel_84,2023-05-04,2023-04-07,0.7335640138408305,0.643598615916955,0.8581314878892734,0.7906586462788419,0.7780297182460352,0.75695455,0.27706385,0.6316706
hotel_84,2023-05-05,2023-04-07,0.8719723183391004,0.643598615916955,0.643598615916955,0.7906586462788419,0.7780062858675516,0.7960082,0.40740186,0.615499
hotel_84,2023-05-06,2023-05-05,0.9826989619377162,0.8719723183391004,1.0069204152249136,0.7560204814365733,0.8614910146706946,0.82337177,0.9102569,0.8916193
hotel_84,2023-05-07,2023-05-05,0.7993079584775087,0.8719723183391004,0.8062283737024222,0.7560204814365733,0.7120979233644114,0.55637634,0.6653379,0.53123426
hotel_84,2023-05-08,2023-05-05,0.9377162629757786,0.8719723183391004,0.629757785467128,0.7560204814365733,0.7559122120625642,0.7115132,0.72940576,0.5157521
hotel_84,2023-05-09,2023-05-05,0.9238754325259516,0.8719723183391004,0.6851211072664359,0.7560204814365733,0.8150670127925235,0.7903199,0.81933475,0.6434521
hotel_84,2023-05-10,2023-05-05,0.8408304498269896,0.8719723183391004,0.5155709342560554,0.7560204814365733,0.7651125038106369,0.882944,0.8663901,0.7143771
hotel_84,2023-05-11,2023-05-05,0.8685121107266436,0.8719723183391004,0.7335640138408305,0.7560204814365733,0.7564536725448057,0.81682914,0.8653186,0.78128636
hotel_84,2023-05-12,2023-05-05,0.8373702422145328,0.8719723183391004,0.8719723183391004,0.7560204814365733,0.7867891721348582,0.90340793,0.9766745,0.8561505
hotel_84,2023-05-13,2023-05-05,0.9930795847750865,0.8719723183391004,1.0069204152249136,0.7560204814365733,0.7776310806313702,0.92473525,0.89748895,0.77967423
hotel_84,2023-05-14,2023-05-05,0.7301038062283737,0.8719723183391004,0.8062283737024222,0.7560204814365733,0.7657375055374933,0.5534066,0.65821457,0.49653834
hotel_84,2023-05-15,2023-05-05,0.8408304498269896,0.8719723183391004,0.629757785467128,0.7560204814365733,0.7759657496489851,0.71270347,0.7076919,0.47666806
hotel_84,2023-05-16,2023-05-05,0.9342560553633218,0.8719723183391004,0.6851211072664359,0.7560204814365733,0.7776231506594314,0.77445954,0.6943305,0.51448095
hotel_84,2023-05-17,2023-05-05,0.972318339100346,0.8719723183391004,0.5155709342560554,0.7560204814365733,0.7714642250129233,0.8104025,0.69837743,0.628504
hotel_84,2023-05-18,2023-05-05,0.903114186851211,0.8719723183391004,0.7335640138408305,0.7560204814365733,0.7733767465098839,0.80710167,0.7563613,0.6138822
hotel_84,2023-05-19,2023-05-05,0.740484429065744,0.8719723183391004,0.8719723183391004,0.7560204814365733,0.7757673815395345,0.88730824,0.9464462,0.6611903
hotel_84,2023-05-20,2023-05-05,0.8996539792387543,0.8719723183391004,1.0069204152249136,0.7560204814365733,0.77367355566113,0.9208658,0.8590746,0.8061391
hotel_84,2023-05-21,2023-05-05,0.7854671280276817,0.8719723183391004,0.8062283737024222,0.7560204814365733,0.7733575882141519,0.57525283,0.5138066,0.5491795
hotel_84,2023-05-22,2023-05-05,0.916955017301038,0.8719723183391004,0.629757785467128,0.7560204814365733,0.7746078234992003,0.69890445,0.46150225,0.5279768
hotel_84,2023-05-23,2023-05-05,0.9550173010380623,0.8719723183391004,0.6851211072664359,0.7560204814365733,0.774208761806696,0.7200108,0.3507082,0.56824327
hotel_84,2023-05-24,2023-05-05,0.8512110726643599,0.8719723183391004,0.5155709342560554,0.7560204814365733,0.7737283764508198,0.76545453,0.4152164,0.5725279
hotel_84,2023-05-25,2023-05-05,0.7508650519031141,0.8719723183391004,0.7335640138408305,0.7560204814365733,0.7741569193564661,0.7904023,0.51444316,0.48666966
hotel_84,2023-05-26,2023-05-05,0.7820069204152249,0.8719723183391004,0.8719723183391004,0.7560204814365733,0.7742168794080415,0.87732536,0.73640877,0.5290336
hotel_84,2023-05-27,2023-05-05,0.8719723183391004,0.8719723183391004,1.0069204152249136,0.7560204814365733,0.7739631263343283,0.9331181,0.7042882,0.67752486
hotel_84,2023-05-28,2023-05-05,0.8477508650519031,0.8719723183391004,0.8062283737024222,0.7560204814365733,0.7740463265994395,0.6606274,0.46505734,0.60179025
hotel_84,2023-05-29,2023-05-05,0.6539792387543253,0.8719723183391004,0.629757785467128,0.7560204814365733,0.7741428291758388,0.61127,0.58815,0.6128752
hotel_84,2023-05-30,2023-05-05,0.6124567474048442,0.8719723183391004,0.6851211072664359,0.7560204814365733,0.7740551364731546,0.6688239,0.59473604,0.6438315
hotel_84,2023-05-31,2023-05-05,0.657439446366782,0.8719723183391004,0.5155709342560554,0.7560204814365733,0.7740438179253145,0.64236635,0.67800546,0.59680134
hotel_84,2023-06-01,2023-05-05,0.740484429065744,0.8719723183391004,0.7335640138408305,0.7560204814365733,0.7740953127290467,0.69960046,0.6396406,0.5474167
hotel_84,2023-06-02,2023-05-05,0.9273356401384083,0.8719723183391004,0.8719723183391004,0.7560204814365733,0.7740779795808912,0.7851088,0.6716536,0.5629015
hotel_84,2023-06-03,2023-06-02,0.9619377162629758,0.9273356401384083,0.8719723183391004,0.7845195803576028,0.8667250436208989,0.8769945,0.96722806,0.8775635
hotel_84,2023-06-04,2023-06-02,0.8858131487889274,0.9273356401384083,0.8477508650519031,0.7845195803576028,0.7914436589210219,0.71138823,0.8839848,0.90251523
hotel_84,2023-06-05,2023-06-02,0.6262975778546713,0.9273356401384083,0.6539792387543253,0.7845195803576028,0.7568126873723452,0.8632021,0.9445318,0.83527327
hotel_84,2023-06-06,2023-06-02,0.7889273356401384,0.9273356401384083,0.6124567474048442,0.7845195803576028,0.8124341299750102,0.9395672,1.0741799,0.7894433
hotel_84,2023-06-07,2023-06-02,0.7820069204152249,0.9273356401384083,0.657439446366782,0.7845195803576028,0.8052953650218174,0.9072558,0.888323,0.78163785
hotel_84,2023-06-08,2023-06-02,0.7577854671280276,0.9273356401384083,0.740484429065744,0.7845195803576028,0.7791673264443274,0.853599,0.85420567,0.8049108
hotel_84,2023-06-09,2023-06-02,0.9446366782006921,0.9273356401384083,0.9273356401384083,0.7845195803576028,0.794889921381326,0.8871032,0.8701477,0.8544127
hotel_84,2023-06-10,2023-06-02,1.0103806228373702,0.9273356401384083,0.8719723183391004,0.7845195803576028,0.8015062409853756,0.89983857,0.89324784,0.8467139
hotel_84,2023-06-11,2023-06-02,0.8858131487889274,0.9273356401384083,0.8477508650519031,0.7845195803576028,0.790171564290935,0.7828526,0.817891,0.8922583
hotel_84,2023-06-12,2023-06-02,0.9515570934256056,0.9273356401384083,0.6539792387543253,0.7845195803576028,0.7918592949498359,0.9041172,0.96562845,0.8898548
hotel_84,2023-06-13,2023-06-02,0.9653979238754326,0.9273356401384083,0.6124567474048442,0.7845195803576028,0.7970771766088184,0.9270556,1.0456282,0.8266093
hotel_84,2023-06-14,2023-06-02,0.8858131487889274,0.9273356401384083,0.657439446366782,0.7845195803576028,0.7937988064062557,0.9424923,0.8632539,0.81075776
hotel_84,2023-06-15,2023-06-02,0.9619377162629758,0.9273356401384083,0.740484429065744,0.7845195803576028,0.7925408445471633,0.9312063,0.81185764,0.8283517
hotel_84,2023-06-16,2023-06-02,1.0,0.9273356401384083,0.9273356401384083,0.7845195803576028,0.7948486463277734,0.91801226,0.7516085,0.77123886
hotel_84,2023-06-17,2023-06-02,0.9930795847750865,0.9273356401384083,0.8719723183391004,0.7845195803576028,0.794457900410462,0.9483643,0.77910036,0.72622406
hotel_84,2023-06-18,2023-06-02,0.986159169550173,0.9273356401384083,0.8477508650519031,0.7845195803576028,0.7934170601294284,0.801436,0.72436213,0.8104071
hotel_84,2023-06-19,2023-06-02,0.7958477508650519,0.9273356401384083,0.6539792387543253,0.7845195803576028,0.7940995961466961,0.8743341,0.7892743,0.9374181
hotel_84,2023-06-20,2023-06-02,0.9204152249134948,0.9273356401384083,0.6124567474048442,0.7845195803576028,0.7943374568525371,0.9594826,0.9500027,0.8495028
hotel_84,2023-06-21,2023-06-02,1.0,0.9273356401384083,0.657439446366782,0.7845195803576028,0.793867981741307,0.9371093,0.8367669,0.8098326
hotel_84,2023-06-22,2023-06-02,0.9688581314878892,0.9273356401384083,0.740484429065744,0.7845195803576028,0.7939570073602158,0.9242489,0.8220285,0.82798654
hotel_84,2023-06-23,2023-06-02,0.6643598615916955,0.9273356401384083,0.9273356401384083,0.7845195803576028,0.7941643834271329,0.92061186,0.7374804,0.798527
hotel_84,2023-06-24,2023-06-02,0.903114186851211,0.9273356401384083,0.8719723183391004,0.7845195803576028,0.794022490815751,0.93249863,0.7041731,0.7856992
hotel_84,2023-06-25,2023-06-02,0.8961937716262975,0.9273356401384083,0.8477508650519031,0.7845195803576028,0.7939778003125327,0.80654883,0.6470612,0.7064014
hotel_84,2023-06-26,2023-06-02,0.9515570934256056,0.9273356401384083,0.6539792387543253,0.7845195803576028,0.7940732232782409,0.7993446,0.77040094,0.77756083
hotel_84,2023-06-27,2023-06-02,0.7231833910034602,0.9273356401384083,0.6124567474048442,0.7845195803576028,0.7940531965244332,0.8631513,0.89001846,0.8477682
hotel_84,2023-06-28,2023-06-02,0.7197231833910035,0.9273356401384083,0.657439446366782,0.7845195803576028,0.7940119299733491,0.87284976,0.7876736,0.9319764
hotel_84,2023-06-29,2023-06-02,0.8823529411764706,0.9273356401384083,0.740484429065744,0.7845195803576028,0.794041387077739,0.85826635,0.8396505,0.9253536
hotel_84,2023-06-30,2023-06-02,0.9134948096885813,0.9273356401384083,0.9273356401384083,0.7845195803576028,0.79404972160232,0.9144503,0.85218966,0.89199823
hotel_91,2023-02-11,2023-02-10,0.6067415730337079,0.550561797752809,0.8876404494382022,0.7112033693714145,0.6659193708957623,0.81019706,0.5313804,0.47797978
hotel_91,2023-02-12,2023-02-10,0.4943820224719101,0.550561797752809,0.550561797752809,0.7112033693714145,0.7549444342385636,0.49853408,0.37720674,0.5165121
hotel_91,2023-02-13,2023-02-10,0.6629213483146067,0.550561797752809,0.9325842696629213,0.7112033693714145,0.7549444342385636,0.6492469,0.5808366,0.657469
hotel_91,2023-02-14,2023-02-10,0.7415730337078652,0.550561797752809,0.9662921348314607,0.7112033693714145,0.7549444342385636,0.7471891,0.7634089,0.7226101
hotel_91,2023-02-15,2023-02-10,0.8876404494382022,0.550561797752809,0.9775280898876404,0.7112033693714145,0.7549444342385636,0.78641057,0.803314,0.6284163
hotel_91,2023-02-16,2023-02-10,0.7078651685393258,0.550561797752809,0.8202247191011236,0.7112033693714145,0.7549444342385636,0.8133925,0.7675577,0.6490229
hotel_91,2023-02-17,2023-02-10,0.9438202247191011,0.550561797752809,0.550561797752809,0.7112033693714145,0.7549444342385636,0.8640521,0.9183459,0.6977252
hotel_91,2023-02-18,2023-02-10,1.0,0.550561797752809,0.8876404494382022,0.7112033693714145,0.7549444342385636,0.902398,0.9632158,0.7359838
hotel_91,2023-02-19,2023-02-10,0.5955056179775281,0.550561797752809,0.550561797752809,0.7112033693714145,0.7549444342385636,0.72694165,0.96835303,0.67419434
hotel_91,2023-02-20,2023-02-10,0.8089887640449438,0.550561797752809,0.9325842696629213,0.7112033693714145,0.7549444342385636,0.8372346,0.99672127,0.78068507
hotel_91,2023-02-21,2023-02-10,0.9325842696629213,0.550561797752809,0.9662921348314607,0.7112033693714145,0.7549444342385636,0.8877497,0.98331785,0.93241304
hotel_91,2023-02-22,2023-02-10,0.898876404494382,0.550561797752809,0.9775280898876404,0.7112033693714145,0.7549444342385636,0.8658515,1.0969647,0.8825543
hotel_91,2023-02-23,2023-02-10,0.9325842696629213,0.550561797752809,0.8202247191011236,0.7112033693714145,0.7549444342385636,0.86128163,0.8360348,0.81796837
hotel_91,2023-02-24,2023-02-10,0.898876404494382,0.550561797752809,0.550561797752809,0.7112033693714145,0.7549444342385636,0.8377454,0.66344863,0.62994266
hotel_91,2023-02-25,2023-02-10,0.9550561797752809,0.550561797752809,0.8876404494382022,0.7112033693714145,0.7549444342385636,0.8835774,0.79814917,0.6223577
hotel_91,2023-02-26,2023-02-10,0.550561797752809,0.550561797752809,0.550561797752809,0.7112033693714145,0.7549444342385636,0.6547856,0.7404968,0.49707437
hotel_91,2023-02-27,2023-02-10,0.7191011235955056,0.550561797752809,0.9325842696629213,0.7112033693714145,0.7549444342385636,0.78966326,0.7494086,0.52262414
hotel_91,2023-02-28,2023-02-10,0.9325842696629213,0.550561797752809,0.9662921348314607,0.7112033693714145,0.7549444342385636,0.8385111,0.83878076,0.7068131
hotel_91,2023-03-01,2023-02-10,0.9213483146067416,0.550561797752809,0.9775280898876404,0.7112033693714145,0.7549444342385636,0.8539107,0.76522946,0.7815622
hotel_91,2023-03-02,2023-02-10,0.7752808988764045,0.550561797752809,0.8202247191011236,0.7112033693714145,0.7549444342385636,0.81096756,0.4282018,0.6933298
hotel_91,2023-03-03,2023-02-10,0.5842696629213483,0.550561797752809,0.550561797752809,0.7112033693714145,0.7549444342385636,0.89552647,0.3571443,0.6727443
hotel_91,2023-03-04,2023-02-10,0.6404494382022472,0.550561797752809,0.8876404494382022,0.7112033693714145,0.7549444342385636,0.85638577,0.430464,0.6610559
hotel_91,2023-03-05,2023-02-10,0.4157303370786517,0.550561797752809,0.550561797752809,0.7112033693714145,0.7549444342385636,0.6332187,0.31337163,0.6339238
hotel_91,2023-03-06,2023-02-10,0.6067415730337079,0.550561797752809,0.9325842696629213,0.7112033693714145,0.7549444342385636,0.7728192,0.46495113,0.6186686
hotel_91,2023-03-07,2023-02-10,0.5842696629213483,0.550561797752809,0.9662921348314607,0.7112033693714145,0.7549444342385636,0.8363821,0.70946026,0.7182595
hotel_91,2023-03-08,2023-02-10,0.6404494382022472,0.550561797752809,0.9775280898876404,0.7112033693714145,0.7549444342385636,0.8756085,0.6116246,0.47175634
hotel_91,2023-03-09,2023-02-10,0.6179775280898876,0.550561797752809,0.8202247191011236,0.7112033693714145,0.7549444342385636,0.8367142,0.4251554,0.34868038
hotel_91,2023-03-10,2023-02-10,0.651685393258427,0.550561797752809,0.550561797752809,0.7112033693714145,0.7549444342385636,0.89302176,0.60620475,0.3401206
hotel_91,2023-03-11,2023-03-10,0.8089887640449438,0.651685393258427,0.6404494382022472,0.6329913976706402,0.662817713520243,0.7489904,0.6742822,0.6945314
hotel_91,2023-03-12,2023-03-10,0.7303370786516854,0.651685393258427,0.4157303370786517,0.6329913976706402,0.6541541775704484,0.56034446,0.50564235,0.74451005
hotel_91,2023-03-13,2023-03-10,0.9550561797752809,0.651685393258427,0.6067415730337079,0.6329913976706402,0.6541541775704484,0.69463027,0.6981061,0.75800437
hotel_91,2023-03-14,2023-03-10,0.9550561797752809,0.651685393258427,0.5842696629213483,0.6329913976706402,0.6541541775704484,0.8155739,0.9454483,0.70190096
hotel_91,2023-03-15,2023-03-10,0.9550561797752809,0.651685393258427,0.6404494382022472,0.6329913976706402,0.6541541775704484,0.857242,0.99755955,0.80951864
hotel_91,2023-03-16,2023-03-10,0.8314606741573034,0.651685393258427,0.6179775280898876,0.6329913976706402,0.6541541775704484,0.8011824,0.7132049,0.6785738
hotel_91,2023-03-17,2023-03-10,0.7415730337078652,0.651685393258427,0.651685393258427,0.6329913976706402,0.6541541775704484,0.81265736,0.7376099,0.66619223
hotel_91,2023-03-18,2023-03-10,0.4943820224719101,0.651685393258427,0.6404494382022472,0.6329913976706402,0.6541541775704484,0.912257,0.6604795,0.693125
hotel_91,2023-03-19,2023-03-10,0.43820224719101125,0.651685393258427,0.4157303370786517,0.6329913976706402,0.6541541775704484,0.6859514,0.4224082,0.7479418
hotel_91,2023-03-20,2023-03-10,0.6629213483146067,0.651685393258427,0.6067415730337079,0.6329913976706402,0.6541541775704484,0.7297756,0.52981853,0.85276854
hotel_91,2023-03-21,2023-03-10,0.8876404494382022,0.651685393258427,0.5842696629213483,0.6329913976706402,0.6541541775704484,0.7695635,0.78912044,0.8646844
hotel_91,2023-03-22,2023-03-10,0.8876404494382022,0.651685393258427,0.6404494382022472,0.6329913976706402,0.6541541775704484,0.8193891,0.76275814,0.85061884
hotel_91,2023-03-23,2023-03-10,0.7303370786516854,0.651685393258427,0.6179775280898876,0.6329913976706402,0.6541541775704484,0.83819354,0.49484056,0.6581867
hotel_91,2023-03-24,2023-03-10,0.5842696629213483,0.651685393258427,0.651685393258427,0.6329913976706402,0.6541541775704484,0.85719967,0.43669656,0.5674229
hotel_91,2023-03-25,2023-03-10,0.5617977528089888,0.651685393258427,0.6404494382022472,0.6329913976706402,0.6541541775704484,0.8695822,0.54673773,0.50232804
hotel_91,2023-03-26,2023-03-10,0.5280898876404494,0.651685393258427,0.4157303370786517,0.6329913976706402,0.6541541775704484,0.60403246,0.556103,0.48196945
hotel_91,2023-03-27,2023-03-10,0.651685393258427,0.651685393258427,0.6067415730337079,0.6329913976706402,0.6541541775704484,0.72509015,0.61806303,0.6044495
hotel_91,2023-03-28,2023-03-10,0.8764044943820225,0.651685393258427,0.5842696629213483,0.6329913976706402,0.6541541775704484,0.7846959,0.70285636,0.72195804
hotel_91,2023-03-29,2023-03-10,0.8314606741573034,0.651685393258427,0.6404494382022472,0.6329913976706402,0.6541541775704484,0.7882162,0.5999102,0.77848047
hotel_91,2023-03-30,2023-03-10,0.7078651685393258,0.651685393258427,0.6179775280898876,0.6329913976706402,0.6541541775704484,0.75728106,0.5541068,0.6488797
hotel_91,2023-03-31,2023-03-10,0.6292134831460674,0.651685393258427,0.651685393258427,0.6329913976706402,0.6541541775704484,0.8599528,0.48105678,0.62408125
hotel_91,2023-04-01,2023-03-10,0.6741573033707865,0.651685393258427,0.6404494382022472,0.6329913976706402,0.6541541775704484,0.88758355,0.46132103,0.6811051
hotel_91,2023-04-02,2023-03-10,0.7303370786516854,0.651685393258427,0.4157303370786517,0.6329913976706402,0.6541541775704484,0.5743783,0.2557366,0.7815498
hotel_91,2023-04-03,2023-03-10,0.9887640449438202,0.651685393258427,0.6067415730337079,0.6329913976706402,0.6541541775704484,0.6700489,0.29251328,0.8199009
hotel_91,2023-04-04,2023-03-10,1.0,0.651685393258427,0.5842696629213483,0.6329913976706402,0.6541541775704484,0.68123275,0.43633023,0.8050878
hotel_91,2023-04-05,2023-03-10,1.0112359550561798,0.651685393258427,0.6404494382022472,0.6329913976706402,0.6541541775704484,0.73591655,0.6100849,0.6638831
hotel_91,2023-04-06,2023-03-10,0.9887640449438202,0.651685393258427,0.6179775280898876,0.6329913976706402,0.6541541775704484,0.7664783,0.5922806,0.5363556
hotel_91,2023-04-07,2023-03-10,1.0,0.651685393258427,0.651685393258427,0.6329913976706402,0.6541541775704484,0.80632263,0.6833697,0.5858674
hotel_91,2023-04-08,2023-04-07,0.6966292134831461,1.0,0.6741573033707865,0.9931515778866314,0.9237693939501517,0.86332625,0.85734427,0.7403227
hotel_91,2023-04-09,2023-04-07,0.3707865168539326,1.0,0.7303370786516854,0.9931515778866314,0.8810280080566205,0.74032015,0.64224255,0.6181152
hotel_91,2023-04-10,2023-04-07,0.7865168539325843,1.0,0.9887640449438202,0.9931515778866314,0.8723763677794364,0.8438821,0.7601569,0.6948455
hotel_91,2023-04-11,2023-04-07,0.9775280898876404,1.0,1.0,0.9931515778866314,0.8723763677794364,0.8739387,0.9102975,0.7050022
hotel_91,2023-04-12,2023-04-07,1.0,1.0,1.0112359550561798,0.9931515778866314,0.8723763677794364,0.9129235,1.0010064,0.85481954
hotel_91,2023-04-13,2023-04-07,0.6179775280898876,1.0,0.9887640449438202,0.9931515778866314,0.8723763677794364,0.8801046,0.7428831,0.8023113
hotel_91,2023-04-14,2023-04-07,0.7078651685393258,1.0,1.0,0.9931515778866314,0.8723763677794364,0.88249946,0.7665207,0.8899549
hotel_91,2023-04-15,2023-04-07,0.7415730337078652,1.0,0.6741573033707865,0.9931515778866314,0.8723763677794364,0.8680481,0.69415855,0.82391477
hotel_91,2023-04-16,2023-04-07,0.4157303370786517,1.0,0.7303370786516854,0.9931515778866314,0.8723763677794364,0.56742173,0.65956694,0.8004696
hotel_91,2023-04-17,2023-04-07,0.7528089887640449,1.0,0.9887640449438202,0.9931515778866314,0.8723763677794364,0.66598636,0.7365066,0.8245099
hotel_91,2023-04-18,2023-04-07,0.7865168539325843,1.0,1.0,0.9931515778866314,0.8723763677794364,0.7490449,0.7738466,0.76323164
hotel_91,2023-04-19,2023-04-07,0.8202247191011236,1.0,1.0112359550561798,0.9931515778866314,0.8723763677794364,0.8052234,0.8730298,0.8141576
hotel_91,2023-04-20,2023-04-07,0.7528089887640449,1.0,0.9887640449438202,0.9931515778866314,0.8723763677794364,0.8227931,0.66535413,0.76455927
hotel_91,2023-04-21,2023-04-07,0.6179775280898876,1.0,1.0,0.9931515778866314,0.8723763677794364,0.8883624,0.720389,0.7740735
hotel_91,2023-04-22,2023-04-07,0.7191011235955056,1.0,0.6741573033707865,0.9931515778866314,0.8723763677794364,0.88055694,0.67925024,0.5142838
hotel_91,2023-04-23,2023-04-07,0.6629213483146067,1.0,0.7303370786516854,0.9931515778866314,0.8723763677794364,0.5499804,0.6825464,0.65860486
hotel_91,2023-04-24,2023-04-07,1.0,1.0,0.9887640449438202,0.9931515778866314,0.8723763677794364,0.7179106,0.6982691,0.68950725
hotel_91,2023-04-25,2023-04-07,0.9887640449438202,1.0,1.0,0.9931515778866314,0.8723763677794364,0.79450727,0.65353715,0.5700532
hotel_91,2023-04-26,2023-04-07,0.9213483146067416,1.0,1.0112359550561798,0.9931515778866314,0.8723763677794364,0.8221548,0.65204346,0.7604668
hotel_91,2023-04-27,2023-04-07,0.550561797752809,1.0,0.9887640449438202,0.9931515778866314,0.8723763677794364,0.83796686,0.5544656,0.719215
hotel_91,2023-04-28,2023-04-07,0.43820224719101125,1.0,1.0,0.9931515778866314,0.8723763677794364,0.8692382,0.80546385,0.70227593
hotel_91,2023-04-29,2023-04-07,0.47191011235955055,1.0,0.6741573033707865,0.9931515778866314,0.8723763677794364,0.8648677,0.8252301,0.6266934
hotel_91,2023-04-30,2023-04-07,0.42696629213483145,1.0,0.7303370786516854,0.9931515778866314,0.8723763677794364,0.52034265,0.7199611,0.5463641
hotel_91,2023-05-01,2023-04-07,0.5393258426966292,1.0,0.9887640449438202,0.9931515778866314,0.8723763677794364,0.67280537,0.8029034,0.6725461
hotel_91,2023-05-02,2023-04-07,0.8426966292134831,1.0,1.0,0.9931515778866314,0.8723763677794364,0.7455664,0.92922455,0.7215591
hotel_91,2023-05-03,2023-04-07,0.6966292134831461,1.0,1.0112359550561798,0.9931515778866314,0.8723763677794364,0.74919575,1.029442,0.8437075
hotel_91,2023-05-04,2023-04-07,0.9325842696629213,1.0,0.9887640449438202,0.9931515778866314,0.8723763677794364,0.75724405,0.74626917,0.79059833
hotel_91,2023-05-05,2023-04-07,1.0,1.0,1.0,0.9931515778866314,0.8723763677794364,0.85991085,0.67558634,0.7603222
hotel_91,2023-05-06,2023-05-05,0.9887640449438202,1.0,0.47191011235955055,0.9299569688893851,0.8578960048796868,0.85711324,0.9956062,0.92908466
hotel_91,2023-05-07,2023-05-05,0.9101123595505618,1.0,0.42696629213483145,0.9299569688893851,0.7764060635304348,0.4983674,0.7759135,0.76737845
hotel_91,2023-05-08,2023-05-05,0.9662921348314607,1.0,0.5393258426966292,0.9299569688893851,0.7616819779050967,0.51390123,0.8965657,0.85366297
hotel_91,2023-05-09,2023-05-05,0.9662921348314607,1.0,0.8426966292134831,0.9299569688893851,0.7616819779050967,0.5586591,0.95107025,0.90771824
hotel_91,2023-05-10,2023-05-05,0.9550561797752809,1.0,0.6966292134831461,0.9299569688893851,0.7616819779050967,0.6754398,0.9589057,0.9066439
hotel_91,2023-05-11,2023-05-05,0.9213483146067416,1.0,0.9325842696629213,0.9299569688893851,0.7616819779050967,0.726342,0.76077163,0.87334853
hotel_91,2023-05-12,2023-05-05,0.9550561797752809,1.0,1.0,0.9299569688893851,0.7616819779050967,0.88637996,0.6678715,0.7598388
hotel_91,2023-05-13,2023-05-05,1.0,1.0,0.47191011235955055,0.9299569688893851,0.7616819779050967,0.88955075,0.7544594,0.78719693
hotel_91,2023-05-14,2023-05-05,0.8764044943820225,1.0,0.42696629213483145,0.9299569688893851,0.7616819779050967,0.5702697,0.78770536,0.74266815
hotel_91,2023-05-15,2023-05-05,0.9775280898876404,1.0,0.5393258426966292,0.9299569688893851,0.7616819779050967,0.66789347,0.9353747,0.7326729
hotel_91,2023-05-16,2023-05-05,1.0,1.0,0.8426966292134831,0.9299569688893851,0.7616819779050967,0.7068913,0.9607529,0.84601283
hotel_91,2023-05-17,2023-05-05,1.0112359550561798,1.0,0.6966292134831461,0.9299569688893851,0.7616819779050967,0.6808116,0.8992955,0.7928558
hotel_91,2023-05-18,2023-05-05,1.0112359550561798,1.0,0.9325842696629213,0.9299569688893851,0.7616819779050967,0.7736178,0.9700459,0.80617917
hotel_91,2023-05-19,2023-05-05,0.9662921348314607,1.0,1.0,0.9299569688893851,0.7616819779050967,0.8267722,0.9717666,0.7517863
hotel_91,2023-05-20,2023-05-05,0.9887640449438202,1.0,0.47191011235955055,0.9299569688893851,0.7616819779050967,0.86338997,0.8428462,0.67422795
hotel_91,2023-05-21,2023-05-05,0.6853932584269663,1.0,0.42696629213483145,0.9299569688893851,0.7616819779050967,0.64506984,0.6361916,0.62206227
hotel_91,2023-05-22,2023-05-05,1.0,1.0,0.5393258426966292,0.9299569688893851,0.7616819779050967,0.75114465,0.79624605,0.7334293
hotel_91,2023-05-23,2023-05-05,1.0112359550561798,1.0,0.8426966292134831,0.9299569688893851,0.7616819779050967,0.77947164,0.6919112,0.83263373
hotel_91,2023-05-24,2023-05-05,1.0,1.0,0.6966292134831461,0.9299569688893851,0.7616819779050967,0.801967,0.7238435,0.8293491
hotel_91,2023-05-25,2023-05-05,0.8089887640449438,1.0,0.9325842696629213,0.9299569688893851,0.7616819779050967,0.77117246,0.63736045,0.87703395
hotel_91,2023-05-26,2023-05-05,0.898876404494382,1.0,1.0,0.9299569688893851,0.7616819779050967,0.8012125,0.6056686,0.7443164
hotel_91,2023-05-27,2023-05-05,1.0674157303370786,1.0,0.47191011235955055,0.9299569688893851,0.7616819779050967,0.8620004,0.5220604,0.5954981
hotel_91,2023-05-28,2023-05-05,1.0112359550561798,1.0,0.42696629213483145,0.9299569688893851,0.7616819779050967,0.6710929,0.39291018,0.5708272
hotel_91,2023-05-29,2023-05-05,0.5617977528089888,1.0,0.5393258426966292,0.9299569688893851,0.7616819779050967,0.6435192,0.5294466,0.85948247
hotel_91,2023-05-30,2023-05-05,0.9775280898876404,1.0,0.8426966292134831,0.9299569688893851,0.7616819779050967,0.66391414,0.6169741,1.0296066
hotel_91,2023-05-31,2023-05-05,1.0,1.0,0.6966292134831461,0.9299569688893851,0.7616819779050967,0.7111918,0.6431396,0.9518842
hotel_91,2023-06-01,2023-05-05,0.9550561797752809,1.0,0.9325842696629213,0.9299569688893851,0.7616819779050967,0.707564,0.6742183,0.8987397
hotel_91,2023-06-02,2023-05-05,0.9662921348314607,1.0,1.0,0.9299569688893851,0.7616819779050967,0.8373496,0.54734325,0.758663
hotel_91,2023-06-03,2023-06-02,0.9550561797752809,0.9662921348314607,1.0674157303370786,0.9585423307388994,0.9514003955202892,0.9494992,1.0237339,0.8298603
hotel_91,2023-06-04,2023-06-02,0.8764044943820225,0.9662921348314607,1.0112359550561798,0.9585423307388994,0.937991038244525,0.79207724,0.8941848,0.76616406
hotel_91,2023-06-05,2023-06-02,0.8651685393258427,0.9662921348314607,0.5617977528089888,0.9585423307388994,0.9347258601537104,0.87802565,0.87509215,0.8441211
hotel_91,2023-06-06,2023-06-02,0.9550561797752809,0.9662921348314607,0.9775280898876404,0.9585423307388994,0.9347258601537104,0.961279,0.89188635,0.88296294
hotel_91,2023-06-07,2023-06-02,1.0,0.9662921348314607,1.0,0.9585423307388994,0.9347258601537104,0.9769354,0.90597814,0.8456348
hotel_91,2023-06-08,2023-06-02,0.9550561797752809,0.9662921348314607,0.9550561797752809,0.9585423307388994,0.9347258601537104,0.9433763,0.96246696,0.9263342
hotel_91,2023-06-09,2023-06-02,0.9213483146067416,0.9662921348314607,0.9662921348314607,0.9585423307388994,0.9347258601537104,0.95666933,0.95629174,0.99471074
hotel_91,2023-06-10,2023-06-02,1.0112359550561798,0.9662921348314607,1.0674157303370786,0.9585423307388994,0.9347258601537104,0.9888525,0.99254966,0.8770809
hotel_91,2023-06-11,2023-06-02,0.6966292134831461,0.9662921348314607,1.0112359550561798,0.9585423307388994,0.9347258601537104,0.86917245,0.9709407,0.8886603
hotel_91,2023-06-12,2023-06-02,1.0,0.9662921348314607,0.5617977528089888,0.9585423307388994,0.9347258601537104,0.82185435,0.9797271,0.926967
hotel_91,2023-06-13,2023-06-02,0.9325842696629213,0.9662921348314607,0.9775280898876404,0.9585423307388994,0.9347258601537104,0.9016267,0.96464324,0.93567276
hotel_91,2023-06-14,2023-06-02,0.9101123595505618,0.9662921348314607,1.0,0.9585423307388994,0.9347258601537104,0.97178787,0.9865746,0.97406054
hotel_91,2023-06-15,2023-06-02,0.9887640449438202,0.9662921348314607,0.9550561797752809,0.9585423307388994,0.9347258601537104,0.9500995,0.96955734,0.9677934
hotel_91,2023-06-16,2023-06-02,0.8764044943820225,0.9662921348314607,0.9662921348314607,0.9585423307388994,0.9347258601537104,0.9655756,0.9611117,0.9462431
hotel_91,2023-06-17,2023-06-02,0.9325842696629213,0.9662921348314607,1.0674157303370786,0.9585423307388994,0.9347258601537104,0.9745975,0.9752378,0.879058
hotel_91,2023-06-18,2023-06-02,0.7078651685393258,0.9662921348314607,1.0112359550561798,0.9585423307388994,0.9347258601537104,0.85712916,0.94292325,0.86989
hotel_91,2023-06-19,2023-06-02,0.7752808988764045,0.9662921348314607,0.5617977528089888,0.9585423307388994,0.9347258601537104,0.89821815,0.9447728,1.0160949
hotel_91,2023-06-20,2023-06-02,0.9887640449438202,0.9662921348314607,0.9775280898876404,0.9585423307388994,0.9347258601537104,0.9329402,0.92308694,0.9946898
hotel_91,2023-06-21,2023-06-02,0.9325842696629213,0.9662921348314607,1.0,0.9585423307388994,0.9347258601537104,0.95964295,0.94568926,0.9750784
hotel_91,2023-06-22,2023-06-02,0.8202247191011236,0.9662921348314607,0.9550561797752809,0.9585423307388994,0.9347258601537104,0.92919457,0.94225204,0.98120546
hotel_91,2023-06-23,2023-06-02,0.8764044943820225,0.9662921348314607,0.9662921348314607,0.9585423307388994,0.9347258601537104,0.93274796,0.9758455,1.0084438
hotel_91,2023-06-24,2023-06-02,0.8539325842696629,0.9662921348314607,1.0674157303370786,0.9585423307388994,0.9347258601537104,0.9418408,1.0867567,0.9624285
hotel_91,2023-06-25,2023-06-02,0.8202247191011236,0.9662921348314607,1.0112359550561798,0.9585423307388994,0.9347258601537104,0.8289986,1.0428371,0.87403226
hotel_91,2023-06-26,2023-06-02,0.9775280898876404,0.9662921348314607,0.5617977528089888,0.9585423307388994,0.9347258601537104,0.85063344,1.0229385,0.9554892
hotel_91,2023-06-27,2023-06-02,1.0112359550561798,0.9662921348314607,0.9775280898876404,0.9585423307388994,0.9347258601537104,0.89623296,1.0476094,1.0612993
hotel_91,2023-06-28,2023-06-02,1.0224719101123596,0.9662921348314607,1.0,0.9585423307388994,0.9347258601537104,0.9286461,1.0153859,1.1479408
hotel_91,2023-06-29,2023-06-02,0.898876404494382,0.9662921348314607,0.9550561797752809,0.9585423307388994,0.9347258601537104,0.926293,0.96029437,1.0005906
hotel_91,2023-06-30,2023-06-02,0.8651685393258427,0.9662921348314607,0.9662921348314607,0.9585423307388994,0.9347258601537104,0.9391517,0.8878683,0.8226114
hotel_98,2023-02-11,2023-02-10,0.2661290322580645,0.1774193548387097,0.21774193548387097,0.17741532258066128,0.1770746640429999,0.27178305,0.24531285,0.2582428
hotel_98,2023-02-12,2023-02-10,0.11290322580645161,0.1774193548387097,0.08870967741935484,0.17741532258066128,0.16297860039776255,0.12628388,0.0136832595,0.08873562
hotel_98,2023-02-13,2023-02-10,0.22580645161290322,0.1774193548387097,0.14516129032258066,0.17741532258066128,0.1534116756467647,0.116425075,-0.031770796,0.13380684
hotel_98,2023-02-14,2023-02-10,0.3790322580645161,0.1774193548387097,0.1532258064516129,0.17741532258066128,0.15168318807264766,0.12917301,-0.044529177,0.16117547
hotel_98,2023-02-15,2023-02-10,0.2661290322580645,0.1774193548387097,0.13709677419354838,0.17741532258066128,0.1537837816134666,0.122262105,0.009779647,0.11209993
hotel_98,2023-02-16,2023-02-10,0.4596774193548387,0.1774193548387097,0.13709677419354838,0.17741532258066128,0.1558211947773679,0.13020214,0.08192461,0.1694532
hotel_98,2023-02-17,2023-02-10,0.5564516129032258,0.1774193548387097,0.1774193548387097,0.17741532258066128,0.15649910776965575,0.1832483,0.30115134,0.25848445
hotel_98,2023-02-18,2023-02-10,0.5403225806451613,0.1774193548387097,0.21774193548387097,0.17741532258066128,0.1562646245522521,0.27477646,0.4233601,0.30352223
hotel_98,2023-02-19,2023-02-10,0.3548387096774194,0.1774193548387097,0.08870967741935484,0.17741532258066128,0.155870506577777,0.13038376,0.24564835,0.10979253
hotel_98,2023-02-20,2023-02-10,0.2903225806451613,0.1774193548387097,0.14516129032258066,0.17741532258066128,0.15568030227286803,0.10989583,0.31427407,0.14010371
hotel_98,2023-02-21,2023-02-10,0.4274193548387097,0.1774193548387097,0.1532258064516129,0.17741532258066128,0.15568507481918747,0.11374962,0.2565041,0.12747118
hotel_98,2023-02-22,2023-02-10,0.4596774193548387,0.1774193548387097,0.13709677419354838,0.17741532258066128,0.1557537289312674,0.11507317,0.2039558,0.031023115
hotel_98,2023-02-23,2023-02-10,0.4596774193548387,0.1774193548387097,0.13709677419354838,0.17741532258066128,0.15579926076978348,0.11996596,0.036104083,0.07347138
hotel_98,2023-02-24,2023-02-10,0.5887096774193549,0.1774193548387097,0.1774193548387097,0.17741532258066128,0.15580694864827796,0.16824476,0.12414543,0.21686372
hotel_98,2023-02-25,2023-02-10,0.5725806451612904,0.1774193548387097,0.21774193548387097,0.17741532258066128,0.1557965812909283,0.2505617,0.20140955,0.24943095
hotel_98,2023-02-26,2023-02-10,0.4435483870967742,0.1774193548387097,0.08870967741935484,0.17741532258066128,0.15578681549339368,0.107954636,-0.04410045,0.12270062
hotel_98,2023-02-27,2023-02-10,0.27419354838709675,0.1774193548387097,0.14516129032258066,0.17741532258066128,0.15578366877117683,0.09818371,-0.020677239,0.18036571
hotel_98,2023-02-28,2023-02-10,0.24193548387096775,0.1774193548387097,0.1532258064516129,0.17741532258066128,0.15578486325076085,0.11543412,0.10961935,0.14097808
hotel_98,2023-03-01,2023-02-10,0.29838709677419356,0.1774193548387097,0.13709677419354838,0.17741532258066128,0.1557867655332564,0.09688085,0.19003436,0.07675652
hotel_98,2023-03-02,2023-02-10,0.4112903225806452,0.1774193548387097,0.13709677419354838,0.17741532258066128,0.15578766203739916,0.109660216,0.16446924,0.19844678
hotel_98,2023-03-03,2023-02-10,0.6532258064516129,0.1774193548387097,0.1774193548387097,0.17741532258066128,0.15578762419365097,0.15524758,0.16702202,0.28269383
hotel_98,2023-03-04,2023-02-10,0.6129032258064516,0.1774193548387097,0.21774193548387097,0.17741532258066128,0.1557872900548465,0.22212327,0.11901881,0.2772156
hotel_98,2023-03-05,2023-02-10,0.1774193548387097,0.1774193548387097,0.08870967741935484,0.17741532258066128,0.1557870734754775,0.096575856,-0.02788809,0.07158953
hotel_98,2023-03-06,2023-02-10,0.1693548387096774,0.1774193548387097,0.14516129032258066,0.17741532258066128,0.15578703951036094,0.093122475,0.061210804,0.08699222
hotel_98,2023-03-07,2023-02-10,0.21774193548387097,0.1774193548387097,0.1532258064516129,0.17741532258066128,0.1557870906131872,0.108130515,0.071125835,0.0694496
hotel_98,2023-03-08,2023-02-10,0.20161290322580644,0.1774193548387097,0.13709677419354838,0.17741532258066128,0.15578713740002292,0.10993253,0.2058781,0.123764016
hotel_98,2023-03-09,2023-02-10,0.23387096774193547,0.1774193548387097,0.13709677419354838,0.17741532258066128,0.15578715198274115,0.11293802,0.38554206,0.24796398
hotel_98,2023-03-10,2023-02-10,0.45161290322580644,0.1774193548387097,0.1774193548387097,0.17741532258066128,0.155787145921471,0.14343508,0.54780793,0.32758775
hotel_98,2023-03-11,2023-03-10,0.6209677419354839,0.45161290322580644,0.6129032258064516,0.4515911287096934,0.4973254118859385,0.56730425,0.5122645,0.538191
hotel_98,2023-03-12,2023-03-10,0.24193548387096775,0.45161290322580644,0.1774193548387097,0.4515911287096934,0.3546055068892564,0.304317,0.43044794,0.23468266
hotel_98,2023-03-13,2023-03-10,0.1693548387096774,0.45161290322580644,0.1693548387096774,0.4515911287096934,0.32694406014094657,0.2283236,0.40739268,0.25341222
hotel_98,2023-03-14,2023-03-10,0.18548387096774194,0.45161290322580644,0.21774193548387097,0.4515911287096934,0.41753475797930273,0.21918827,0.4075781,0.35839382
hotel_98,2023-03-15,2023-03-10,0.2661290322580645,0.45161290322580644,0.20161290322580644,0.4515911287096934,0.3712079124852667,0.23456308,0.33776674,0.38889164
hotel_98,2023-03-16,2023-03-10,0.33064516129032256,0.45161290322580644,0.23387096774193547,0.4515911287096934,0.3096900574130796,0.26267934,0.34560394,0.3826514
hotel_98,2023-03-17,2023-03-10,0.45161290322580644,0.45161290322580644,0.45161290322580644,0.4515911287096934,0.37068861099419403,0.39225027,0.4420408,0.4534188
hotel_98,2023-03-18,2023-03-10,0.46774193548387094,0.45161290322580644,0.6129032258064516,0.4515911287096934,0.38417236778273445,0.49651116,0.47716096,0.5519382
hotel_98,2023-03-19,2023-03-10,0.1935483870967742,0.45161290322580644,0.1774193548387097,0.4515911287096934,0.3259478627338675,0.39010584,0.33257344,0.30786002
hotel_98,2023-03-20,2023-03-10,0.12096774193548387,0.45161290322580644,0.1693548387096774,0.4515911287096934,0.3434993416971971,0.3364381,0.35032117,0.2413004
hotel_98,2023-03-21,2023-03-10,0.12903225806451613,0.45161290322580644,0.21774193548387097,0.4515911287096934,0.3801406345680526,0.33281696,0.3487754,0.23101392
hotel_98,2023-03-22,2023-03-10,0.12903225806451613,0.45161290322580644,0.20161290322580644,0.4515911287096934,0.3468256520974539,0.32150957,0.28139794,0.24666642
hotel_98,2023-03-23,2023-03-10,0.14516129032258066,0.45161290322580644,0.23387096774193547,0.4515911287096934,0.33431923139225855,0.3126447,0.33458653,0.34160316
hotel_98,2023-03-24,2023-03-10,0.25,0.45161290322580644,0.45161290322580644,0.4515911287096934,0.36716746836500763,0.36697853,0.4587924,0.47652385
hotel_98,2023-03-25,2023-03-10,0.3870967741935484,0.45161290322580644,0.6129032258064516,0.4515911287096934,0.3602242900683588,0.43515792,0.49506736,0.54194725
hotel_98,2023-03-26,2023-03-10,0.1532258064516129,0.45161290322580644,0.1774193548387097,0.4515911287096934,0.33747728958318035,0.31778124,0.3039006,0.31064922
hotel_98,2023-03-27,2023-03-10,0.22580645161290322,0.45161290322580644,0.1693548387096774,0.4515911287096934,0.3546446967181846,0.2853296,0.2865274,0.32117975
hotel_98,2023-03-28,2023-03-10,0.23387096774193547,0.45161290322580644,0.21774193548387097,0.4515911287096934,0.36400099108544137,0.30096483,0.2823021,0.36627614
hotel_98,2023-03-29,2023-03-10,0.1774193548387097,0.45161290322580644,0.20161290322580644,0.4515911287096934,0.34547875591735727,0.29836002,0.23388581,0.35986212
hotel_98,2023-03-30,2023-03-10,0.12903225806451613,0.45161290322580644,0.23387096774193547,0.4515911287096934,0.3474873003491541,0.30819964,0.29499513,0.3527455
hotel_98,2023-03-31,2023-03-10,0.25806451612903225,0.45161290322580644,0.45161290322580644,0.4515911287096934,0.3612522796164319,0.39232066,0.46179733,0.49514002
hotel_98,2023-04-01,2023-03-10,0.3951612903225806,0.45161290322580644,0.6129032258064516,0.4515911287096934,0.35259189593726437,0.40810794,0.50612,0.6094125
hotel_98,2023-04-02,2023-03-10,0.20161290322580644,0.45161290322580644,0.1774193548387097,0.4515911287096934,0.3460305629631925,0.3109319,0.36918348,0.49289337
hotel_98,2023-04-03,2023-03-10,0.1935483870967742,0.45161290322580644,0.1693548387096774,0.4515911287096934,0.35631098612494133,0.28807515,0.34412244,0.39047304
hotel_98,2023-04-04,2023-03-10,0.1935483870967742,0.45161290322580644,0.21774193548387097,0.4515911287096934,0.3562849449709388,0.30435005,0.3478899,0.29948336
hotel_98,2023-04-05,2023-03-10,0.16129032258064516,0.45161290322580644,0.20161290322580644,0.4515911287096934,0.34808446704908974,0.32231027,0.27258742,0.309471
hotel_98,2023-04-06,2023-03-10,0.47580645161290325,0.45161290322580644,0.23387096774193547,0.4515911287096934,0.35230705935910284,0.3255866,0.24386825,0.36204076
hotel_98,2023-04-07,2023-03-10,0.4596774193548387,0.45161290322580644,0.45161290322580644,0.4515911287096934,0.35669505579006655,0.36199743,0.39255917,0.37467176
hotel_98,2023-04-08,2023-04-07,0.46774193548387094,0.4596774193548387,0.3951612903225806,0.45967902911293546,0.3681106166476355,0.4586256,0.42286906,0.4712929
hotel_98,2023-04-09,2023-04-07,0.1935483870967742,0.4596774193548387,0.20161290322580644,0.45967902911293546,0.2426016362268736,0.3052456,0.35357338,0.33664536
hotel_98,2023-04-10,2023-04-07,0.20967741935483872,0.4596774193548387,0.1935483870967742,0.45967902911293546,0.32090660808890903,0.258301,0.4057523,0.30287805
hotel_98,2023-04-11,2023-04-07,0.23387096774193547,0.4596774193548387,0.1935483870967742,0.45967902911293546,0.3472902776854345,0.25996175,0.34913406,0.26901433
hotel_98,2023-04-12,2023-04-07,0.08064516129032258,0.4596774193548387,0.16129032258064516,0.45967902911293546,0.25101641117756823,0.25017476,0.27932727,0.25684196
hotel_98,2023-04-13,2023-04-07,0.13709677419354838,0.4596774193548387,0.47580645161290325,0.45967902911293546,0.26770028376957206,0.30810225,0.36394772,0.33947894
hotel_98,2023-04-14,2023-04-07,0.1693548387096774,0.4596774193548387,0.4596774193548387,0.45967902911293546,0.3299315659522666,0.37366617,0.52920574,0.34139422
hotel_98,2023-04-15,2023-04-07,0.1693548387096774,0.4596774193548387,0.3951612903225806,0.45967902911293546,0.2808365284617902,0.39231485,0.4547555,0.34068203
hotel_98,2023-04-16,2023-04-07,0.1532258064516129,0.4596774193548387,0.20161290322580644,0.45967902911293546,0.2537798992890628,0.24836947,0.13707885,0.19157434
hotel_98,2023-04-17,2023-04-07,0.12903225806451613,0.4596774193548387,0.1935483870967742,0.45967902911293546,0.30583291433357923,0.28603983,0.17938294,0.22681476
hotel_98,2023-04-18,2023-04-07,0.1935483870967742,0.4596774193548387,0.1935483870967742,0.45967902911293546,0.3001803344903657,0.30882797,0.18550749,0.28726688
hotel_98,2023-04-19,2023-04-07,0.13709677419354838,0.4596774193548387,0.16129032258064516,0.45967902911293546,0.2608207616942531,0.3098334,0.19448462,0.3104136
hotel_98,2023-04-20,2023-04-07,0.1693548387096774,0.4596774193548387,0.47580645161290325,0.45967902911293546,0.2852853715162315,0.3312023,0.169245,0.3506325
hotel_98,2023-04-21,2023-04-07,0.20967741935483872,0.4596774193548387,0.4596774193548387,0.45967902911293546,0.30424447413374517,0.3733957,0.12799388,0.28312066
hotel_98,2023-04-22,2023-04-07,0.33064516129032256,0.4596774193548387,0.3951612903225806,0.45967902911293546,0.274788676308748,0.35514972,0.14379981,0.23947734
hotel_98,2023-04-23,2023-04-07,0.12903225806451613,0.4596774193548387,0.20161290322580644,0.45967902911293546,0.2745955629931036,0.27083126,0.15151468,0.157739
hotel_98,2023-04-24,2023-04-07,0.13709677419354838,0.4596774193548387,0.1935483870967742,0.45967902911293546,0.29834089639588324,0.2677947,0.28178227,0.26777744
hotel_98,2023-04-25,2023-04-07,0.14516129032258066,0.4596774193548387,0.1935483870967742,0.45967902911293546,0.2863154553739708,0.30072314,0.35912853,0.25465077
hotel_98,2023-04-26,2023-04-07,0.0967741935483871,0.4596774193548387,0.16129032258064516,0.45967902911293546,0.27338350073409123,0.3171847,0.39896452,0.25756145
hotel_98,2023-04-27,2023-04-07,0.11290322580645161,0.4596774193548387,0.47580645161290325,0.45967902911293546,0.2896683086812037,0.3402402,0.32880017,0.3228864
hotel_98,2023-04-28,2023-04-07,0.41935483870967744,0.4596774193548387,0.4596774193548387,0.45967902911293546,0.29171561084804265,0.37237927,0.23542099,0.35961384
hotel_98,2023-04-29,2023-04-07,0.6451612903225806,0.4596774193548387,0.3951612903225806,0.45967902911293546,0.2775771161945801,0.36402965,0.13752404,0.28989944
hotel_98,2023-04-30,2023-04-07,0.6935483870967742,0.4596774193548387,0.20161290322580644,0.45967902911293546,0.28317412411794746,0.2632548,0.073967606,0.23612803
hotel_98,2023-05-01,2023-04-07,0.21774193548387097,0.4596774193548387,0.1935483870967742,0.45967902911293546,0.2916690545114508,0.28628144,0.22705781,0.27578607
hotel_98,2023-05-02,2023-04-07,0.16129032258064516,0.4596774193548387,0.1935483870967742,0.45967902911293546,0.2828183779469945,0.33872324,0.2824359,0.28741857
hotel_98,2023-05-03,2023-04-07,0.16129032258064516,0.4596774193548387,0.16129032258064516,0.45967902911293546,0.280525263141598,0.37339988,0.32485655,0.29438642
hotel_98,2023-05-04,2023-04-07,0.3225806451612903,0.4596774193548387,0.47580645161290325,0.45967902911293546,0.2888131409576784,0.4023342,0.3548807,0.32630935
hotel_98,2023-05-05,2023-04-07,0.31451612903225806,0.4596774193548387,0.4596774193548387,0.45967902911293546,0.2864100069196027,0.4210306,0.40088874,0.37298676
hotel_98,2023-05-06,2023-05-05,0.3387096774193548,0.31451612903225806,0.6451612903225806,0.31451693387096774,0.29516308938130625,0.38734588,0.52028674,0.512852
hotel_98,2023-05-07,2023-05-05,0.18548387096774194,0.31451612903225806,0.6935483870967742,0.31451693387096774,0.28116511539595834,0.32013395,0.37755302,0.2739247
hotel_98,2023-05-08,2023-05-05,0.1935483870967742,0.31451612903225806,0.21774193548387097,0.31451693387096774,0.2747464899657763,0.2693122,0.3951608,0.2985137
hotel_98,2023-05-09,2023-05-05,0.1774193548387097,0.31451612903225806,0.16129032258064516,0.31451693387096774,0.27301258603317624,0.21904613,0.37170348,0.18703453
hotel_98,2023-05-10,2023-05-05,0.1532258064516129,0.31451612903225806,0.16129032258064516,0.31451693387096774,0.27007688960726167,0.21906467,0.38454452,0.35399836
hotel_98,2023-05-11,2023-05-05,0.12096774193548387,0.31451612903225806,0.3225806451612903,0.31451693387096774,0.26805400069748964,0.27357152,0.5048811,0.51908726
hotel_98,2023-05-12,2023-05-05,0.16129032258064516,0.31451612903225806,0.31451612903225806,0.31451693387096774,0.26865633703257275,0.30337194,0.47927278,0.5792775
hotel_98,2023-05-13,2023-05-05,0.23387096774193547,0.31451612903225806,0.6451612903225806,0.31451693387096774,0.26840977250502285,0.33609945,0.38054287,0.55497044
hotel_98,2023-05-14,2023-05-05,0.1532258064516129,0.31451612903225806,0.6935483870967742,0.31451693387096774,0.26724175025037167,0.2986246,0.2162492,0.13966241
hotel_98,2023-05-15,2023-05-05,0.33064516129032256,0.31451612903225806,0.21774193548387097,0.31451693387096774,0.26757077162485154,0.27100593,0.216007,0.11719054
hotel_98,2023-05-16,2023-05-05,0.3387096774193548,0.31451612903225806,0.16129032258064516,0.31451693387096774,0.2680469551572606,0.25731245,0.17647694,0.010923028
hotel_98,2023-05-17,2023-05-05,0.4596774193548387,0.31451612903225806,0.16129032258064516,0.31451693387096774,0.2674072988624779,0.2887567,0.20650324,0.13379785
hotel_98,2023-05-18,2023-05-05,0.5,0.31451612903225806,0.3225806451612903,0.31451693387096774,0.2672899130216444,0.30709553,0.33326125,0.26908454
hotel_98,2023-05-19,2023-05-05,0.47580645161290325,0.31451612903225806,0.31451612903225806,0.31451693387096774,0.2677996877319134,0.33870807,0.4198017,0.43439403
hotel_98,2023-05-20,2023-05-05,0.3790322580645161,0.31451612903225806,0.6451612903225806,0.31451693387096774,0.26760440443804767,0.35498902,0.40397668,0.6057257
hotel_98,2023-05-21,2023-05-05,0.0967741935483871,0.31451612903225806,0.6935483870967742,0.31451693387096774,0.26729823557945287,0.2599615,0.16436543,0.1510572
hotel_98,2023-05-22,2023-05-05,0.11290322580645161,0.31451612903225806,0.21774193548387097,0.31451693387096774,0.2675984652632777,0.26601666,0.15461998,0.12924546
hotel_98,2023-05-23,2023-05-05,0.10483870967741936,0.31451612903225806,0.16129032258064516,0.31451693387096774,0.26767629224915424,0.27158523,0.22189671,0.102716744
hotel_98,2023-05-24,2023-05-05,0.08064516129032258,0.31451612903225806,0.16129032258064516,0.31451693387096774,0.26740262086880623,0.28138268,0.2068116,0.2417072
hotel_98,2023-05-25,2023-05-05,0.16129032258064516,0.31451612903225806,0.3225806451612903,0.31451693387096774,0.26748180023339185,0.30679023,0.22596732,0.37039202
hotel_98,2023-05-26,2023-05-05,0.1693548387096774,0.31451612903225806,0.31451612903225806,0.31451693387096774,0.26765143446695083,0.34058702,0.2751884,0.38507366
hotel_98,2023-05-27,2023-05-05,0.1693548387096774,0.31451612903225806,0.6451612903225806,0.31451693387096774,0.26750295179368494,0.3543693,0.3194733,0.5081575
hotel_98,2023-05-28,2023-05-05,0.08870967741935484,0.31451612903225806,0.6935483870967742,0.31451693387096774,0.26744816460850585,0.3307115,0.23293775,0.27462435
hotel_98,2023-05-29,2023-05-05,0.056451612903225805,0.31451612903225806,0.21774193548387097,0.31451693387096774,0.2675906247810532,0.29887664,0.27929258,0.31540588
hotel_98,2023-05-30,2023-05-05,0.04838709677419355,0.31451612903225806,0.16129032258064516,0.31451693387096774,0.2675596848821396,0.30696976,0.26546824,0.16989426
hotel_98,2023-05-31,2023-05-05,0.08870967741935484,0.31451612903225806,0.16129032258064516,0.31451693387096774,0.26746570430547206,0.30129492,0.3209401,0.13963857
hotel_98,2023-06-01,2023-05-05,0.11290322580645161,0.31451612903225806,0.3225806451612903,0.31451693387096774,0.26753776457615497,0.31829932,0.46767426,0.26794785
hotel_98,2023-06-02,2023-05-05,0.16129032258064516,0.31451612903225806,0.31451612903225806,0.31451693387096774,0.2675732219506061,0.33880332,0.5193788,0.35802722
hotel_98,2023-06-03,2023-06-02,0.21774193548387097,0.16129032258064516,0.1693548387096774,0.16128548362899192,0.16073619971106923,0.19688295,0.18822278,0.298091
hotel_98,2023-06-04,2023-06-02,0.06451612903225806,0.16129032258064516,0.08870967741935484,0.16128548362899192,0.14400353265438726,0.13394682,-0.047217578,0.17929484
hotel_98,2023-06-05,2023-06-02,0.04838709677419355,0.16129032258064516,0.056451612903225805,0.16128548362899192,0.1324380811268475,0.14355303,-0.08661926,0.18819337
hotel_98,2023-06-06,2023-06-02,0.03225806451612903,0.16129032258064516,0.04838709677419355,0.16128548362899192,0.12996649998572912,0.15465833,-0.24081737,0.10404904
hotel_98,2023-06-07,2023-06-02,0.07258064516129033,0.16129032258064516,0.08870967741935484,0.16128548362899192,0.1321369260522112,0.1697307,-0.1469276,0.17876655
hotel_98,2023-06-08,2023-06-02,0.08064516129032258,0.16129032258064516,0.11290322580645161,0.16128548362899192,0.13449619352108994,0.192222,0.10579146,0.28523657
hotel_98,2023-06-09,2023-06-02,0.3790322580645161,0.16129032258064516,0.16129032258064516,0.16128548362899192,0.13542019128048347,0.2288722,0.15388197,0.3345884
hotel_98,2023-06-10,2023-06-02,0.5080645161290323,0.16129032258064516,0.1693548387096774,0.16128548362899192,0.13527230680570682,0.2747694,0.1800819,0.30200836
hotel_98,2023-06-11,2023-06-02,0.1532258064516129,0.16129032258064516,0.08870967741935484,0.16128548362899192,0.13485634233293298,0.16388537,0.016295627,0.12490471
hotel_98,2023-06-12,2023-06-02,0.14516129032258066,0.16129032258064516,0.056451612903225805,0.16128548362899192,0.13461412928342725,0.16200759,0.09415092,0.15498614
hotel_98,2023-06-13,2023-06-02,0.12096774193548387,0.16129032258064516,0.04838709677419355,0.16128548362899192,0.13458450299456945,0.18452387,0.08539517,0.14505507
hotel_98,2023-06-14,2023-06-02,0.07258064516129033,0.16129032258064516,0.08870967741935484,0.16128548362899192,0.1346455052918393,0.20037365,0.07681401,0.17976524
hotel_98,2023-06-15,2023-06-02,0.08064516129032258,0.16129032258064516,0.11290322580645161,0.16128548362899192,0.13469835853037235,0.23897019,0.09274448,0.18556735
hotel_98,2023-06-16,2023-06-02,0.16129032258064516,0.16129032258064516,0.16129032258064516,0.16128548362899192,0.13471487691119924,0.30135846,0.21804829,0.24095865
hotel_98,2023-06-17,2023-06-02,0.25806451612903225,0.16129032258064516,0.1693548387096774,0.16128548362899192,0.13470862704576986,0.31108052,0.3347439,0.21625842
hotel_98,2023-06-18,2023-06-02,0.06451612903225806,0.16129032258064516,0.08870967741935484,0.16128548362899192,0.13469865796375474,0.18193327,-0.021861672,0.08773759
hotel_98,2023-06-19,2023-06-02,0.06451612903225806,0.16129032258064516,0.056451612903225805,0.16128548362899192,0.13469376691054905,0.18156831,-0.040672705,0.18422756
hotel_98,2023-06-20,2023-06-02,0.08064516129032258,0.16129032258064516,0.04838709677419355,0.16128548362899192,0.13469369876114956,0.19950955,-0.01478453,0.20869248
hotel_98,2023-06-21,2023-06-02,0.11290322580645161,0.16129032258064516,0.08870967741935484,0.16128548362899192,0.13469530292096685,0.24067381,0.03610778,0.24949628
hotel_98,2023-06-22,2023-06-02,0.1532258064516129,0.16129032258064516,0.11290322580645161,0.16128548362899192,0.1346964526619421,0.24883941,0.13685426,0.20369913
hotel_98,2023-06-23,2023-06-02,0.4435483870967742,0.16129032258064516,0.16129032258064516,0.16128548362899192,0.13469671838285277,0.32538533,0.20700659,0.18640666
hotel_98,2023-06-24,2023-06-02,0.3467741935483871,0.16129032258064516,0.1693548387096774,0.16128548362899192,0.13469651667651156,0.3518421,0.16518319,0.19442974
hotel_98,2023-06-25,2023-06-02,0.13709677419354838,0.16129032258064516,0.08870967741935484,0.16128548362899192,0.13469628525171942,0.25360918,-0.001625523,0.157854
hotel_98,2023-06-26,2023-06-02,0.10483870967741936,0.16129032258064516,0.056451612903225805,0.16128548362899192,0.1346961908339533,0.24268267,0.13119765,0.26352876
hotel_98,2023-06-27,2023-06-02,0.0967741935483871,0.16129032258064516,0.04838709677419355,0.16128548362899192,0.1346962026844115,0.2717293,0.13219775,0.21595183
hotel_98,2023-06-28,2023-06-02,0.18548387096774194,0.16129032258064516,0.08870967741935484,0.16128548362899192,0.1346962428988935,0.27707532,0.16939211,0.24470168
hotel_98,2023-06-29,2023-06-02,0.4112903225806452,0.16129032258064516,0.11290322580645161,0.16128548362899192,0.13469626714188973,0.2747017,0.28454044,0.3362031
hotel_98,2023-06-30,2023-06-02,0.5,0.16129032258064516,0.16129032258064516,0.16128548362899192,0.13469627058653344,0.33036152,0.5189146,0.3455089
